pool_name,website_domain,website_url,profile_url,directory_source,source_type,confidence,first_seen,last_seen,notes
0x.al,0x.al,https://0x.al/,https://miningpoolstats.stream/bitcoincash,https://miningpoolstats.stream/sitemap.xml,directory,candidate,2026-09-07,2026-09-07,Pool website URL extracted from MiningPoolStats data file for bitcoincash.
0x.al,bch2.0x.al,https://bch2.0x.al/,https://miningpoolstats.stream/bitcoincash2,https://miningpoolstats.stream/sitemap.xml,directory,candidate,2026-09-07,2026-09-07,Pool website URL extracted from MiningPoolStats data file for bitcoincash2.
0Xpool,0xpool.io,https://0xpool.io/,https://miningpoolstats.stream/bnbitcoin; https://miningpoolstats.stream/etica_eti,https://miningpoolstats.stream/sitemap.xml,directory,candidate,2026-09-07,2026-09-07,Pool website URL extracted from MiningPoolStats data file for bnbitcoin.
1miner.net,1miner.net,https://1miner.net/,https://miningpoolstats.stream/bitcoin; https://miningpoolstats.stream/bitcoincash; https://miningpoolstats.stream/bitcoincash2; https://miningpoolstats.stream/bitcoinii; https://miningpoolstats.stream/capstash; https://miningpoolstats.stream/ethereumclassic; https://miningpoolstats.stream/monero; https://miningpoolstats.stream/warthog; https://miningpoolstats.stream/xelis; https://miningpoolstats.stream/zcash; https://miningpoolstats.stream/zephyr,https://miningpoolstats.stream/sitemap.xml,directory,candidate,2026-09-07,2026-09-07,Pool website URL extracted from MiningPoolStats data file for bitcoin.
21Pool,21pool.io,https://21pool.io/,https://miningpoolstats.stream/bitcoin,https://miningpoolstats.stream/sitemap.xml,directory,candidate,2026-09-07,2026-09-07,Pool website URL extracted from MiningPoolStats data file for bitcoin.
2miners.com,ae.2miners.com,https://ae.2miners.com/,https://miningpoolstats.stream/aeternity,https://miningpoolstats.stream/sitemap.xml,directory,candidate,2026-09-07,2026-09-07,Pool website URL extracted from MiningPoolStats data file for aeternity.
2miners.com,bch.2miners.com,https://bch.2miners.com/,https://miningpoolstats.stream/bitcoincash,https://miningpoolstats.stream/sitemap.xml,directory,candidate,2026-09-07,2026-09-07,Pool website URL extracted from MiningPoolStats data file for bitcoincash.
2miners.com,beam.2miners.com,https://beam.2miners.com/,https://miningpoolstats.stream/beam,https://miningpoolstats.stream/sitemap.xml,directory,candidate,2026-09-07,2026-09-07,Pool website URL extracted from MiningPoolStats data file for beam.
2miners.com,btg.2miners.com,https://btg.2miners.com/,https://miningpoolstats.stream/bitcoingold,https://miningpoolstats.stream/sitemap.xml,directory,candidate,2026-09-07,2026-09-07,Pool website URL extracted from MiningPoolStats data file for bitcoingold.
2miners.com,ckb.2miners.com,https://ckb.2miners.com/,https://miningpoolstats.stream/nervos,https://miningpoolstats.stream/sitemap.xml,directory,candidate,2026-09-07,2026-09-07,Pool website URL extracted from MiningPoolStats data file for nervos.
2miners.com,erg.2miners.com,https://erg.2miners.com/,https://miningpoolstats.stream/ergo,https://miningpoolstats.stream/sitemap.xml,directory,candidate,2026-09-07,2026-09-07,Pool website URL extracted from MiningPoolStats data file for ergo.
2miners.com,etc.2miners.com,https://etc.2miners.com/,https://miningpoolstats.stream/ethereumclassic,https://miningpoolstats.stream/sitemap.xml,directory,candidate,2026-09-07,2026-09-07,Pool website URL extracted from MiningPoolStats data file for ethereumclassic.
2miners.com,ethw.2miners.com,https://ethw.2miners.com/,https://miningpoolstats.stream/ethereumpow,https://miningpoolstats.stream/sitemap.xml,directory,candidate,2026-09-07,2026-09-07,Pool website URL extracted from MiningPoolStats data file for ethereumpow.
2miners.com,grin.2miners.com,https://grin.2miners.com/,https://miningpoolstats.stream/grin,https://miningpoolstats.stream/sitemap.xml,directory,candidate,2026-09-07,2026-09-07,Pool website URL extracted from MiningPoolStats data file for grin.
2miners.com,kas.2miners.com,https://kas.2miners.com/,https://miningpoolstats.stream/kaspa,https://miningpoolstats.stream/sitemap.xml,directory,candidate,2026-09-07,2026-09-07,Pool website URL extracted from MiningPoolStats data file for kaspa.
2miners.com,mwc.2miners.com,https://mwc.2miners.com/,https://miningpoolstats.stream/mimblewimble,https://miningpoolstats.stream/sitemap.xml,directory,candidate,2026-09-07,2026-09-07,Pool website URL extracted from MiningPoolStats data file for mimblewimble.
2miners.com,nexa.2miners.com,https://nexa.2miners.com/,https://miningpoolstats.stream/nexa,https://miningpoolstats.stream/sitemap.xml,directory,candidate,2026-09-07,2026-09-07,Pool website URL extracted from MiningPoolStats data file for nexa.
2miners.com,prl.2miners.com,https://prl.2miners.com/,https://miningpoolstats.stream/pearl,https://miningpoolstats.stream/sitemap.xml,directory,candidate,2026-09-07,2026-09-07,Pool website URL extracted from MiningPoolStats data file for pearl.
2miners.com,quaikawpow.2miners.com,https://quaikawpow.2miners.com/,https://miningpoolstats.stream/quai-kawpow,https://miningpoolstats.stream/sitemap.xml,directory,candidate,2026-09-07,2026-09-07,Pool website URL extracted from MiningPoolStats data file for quai-kawpow.
2miners.com,quaisha.2miners.com,https://quaisha.2miners.com/,https://miningpoolstats.stream/quai-sha,https://miningpoolstats.stream/sitemap.xml,directory,candidate,2026-09-07,2026-09-07,Pool website URL extracted from MiningPoolStats data file for quai-sha.
2miners.com,rvn.2miners.com,https://rvn.2miners.com/,https://miningpoolstats.stream/ravencoin,https://miningpoolstats.stream/sitemap.xml,directory,candidate,2026-09-07,2026-09-07,Pool website URL extracted from MiningPoolStats data file for ravencoin.
2miners.com,solo-ae.2miners.com,https://solo-ae.2miners.com/,https://miningpoolstats.stream/aeternity,https://miningpoolstats.stream/sitemap.xml,directory,candidate,2026-09-07,2026-09-07,Pool website URL extracted from MiningPoolStats data file for aeternity.
2miners.com,solo-bch.2miners.com,https://solo-bch.2miners.com/,https://miningpoolstats.stream/bitcoincash,https://miningpoolstats.stream/sitemap.xml,directory,candidate,2026-09-07,2026-09-07,Pool website URL extracted from MiningPoolStats data file for bitcoincash.
2miners.com,solo-beam.2miners.com,https://solo-beam.2miners.com/,https://miningpoolstats.stream/beam,https://miningpoolstats.stream/sitemap.xml,directory,candidate,2026-09-07,2026-09-07,Pool website URL extracted from MiningPoolStats data file for beam.
2miners.com,solo-btc.2miners.com,https://solo-btc.2miners.com/,https://miningpoolstats.stream/bitcoin,https://miningpoolstats.stream/sitemap.xml,directory,candidate,2026-09-07,2026-09-07,Pool website URL extracted from MiningPoolStats data file for bitcoin.
2miners.com,solo-btg.2miners.com,https://solo-btg.2miners.com/,https://miningpoolstats.stream/bitcoingold,https://miningpoolstats.stream/sitemap.xml,directory,candidate,2026-09-07,2026-09-07,Pool website URL extracted from MiningPoolStats data file for bitcoingold.
2miners.com,solo-ckb.2miners.com,https://solo-ckb.2miners.com/,https://miningpoolstats.stream/nervos,https://miningpoolstats.stream/sitemap.xml,directory,candidate,2026-09-07,2026-09-07,Pool website URL extracted from MiningPoolStats data file for nervos.
2miners.com,solo-erg.2miners.com,https://solo-erg.2miners.com/,https://miningpoolstats.stream/ergo,https://miningpoolstats.stream/sitemap.xml,directory,candidate,2026-09-07,2026-09-07,Pool website URL extracted from MiningPoolStats data file for ergo.
2miners.com,solo-etc.2miners.com,https://solo-etc.2miners.com/,https://miningpoolstats.stream/ethereumclassic,https://miningpoolstats.stream/sitemap.xml,directory,candidate,2026-09-07,2026-09-07,Pool website URL extracted from MiningPoolStats data file for ethereumclassic.
2miners.com,solo-ethw.2miners.com,https://solo-ethw.2miners.com/,https://miningpoolstats.stream/ethereumpow,https://miningpoolstats.stream/sitemap.xml,directory,candidate,2026-09-07,2026-09-07,Pool website URL extracted from MiningPoolStats data file for ethereumpow.
2miners.com,solo-grin.2miners.com,https://solo-grin.2miners.com/,https://miningpoolstats.stream/grin,https://miningpoolstats.stream/sitemap.xml,directory,candidate,2026-09-07,2026-09-07,Pool website URL extracted from MiningPoolStats data file for grin.
2miners.com,solo-kas.2miners.com,https://solo-kas.2miners.com/,https://miningpoolstats.stream/kaspa,https://miningpoolstats.stream/sitemap.xml,directory,candidate,2026-09-07,2026-09-07,Pool website URL extracted from MiningPoolStats data file for kaspa.
2miners.com,solo-mwc.2miners.com,https://solo-mwc.2miners.com/,https://miningpoolstats.stream/mimblewimble,https://miningpoolstats.stream/sitemap.xml,directory,candidate,2026-09-07,2026-09-07,Pool website URL extracted from MiningPoolStats data file for mimblewimble.
2miners.com,solo-nexa.2miners.com,https://solo-nexa.2miners.com/,https://miningpoolstats.stream/nexa,https://miningpoolstats.stream/sitemap.xml,directory,candidate,2026-09-07,2026-09-07,Pool website URL extracted from MiningPoolStats data file for nexa.
2miners.com,solo-prl.2miners.com,https://solo-prl.2miners.com/,https://miningpoolstats.stream/pearl,https://miningpoolstats.stream/sitemap.xml,directory,candidate,2026-09-07,2026-09-07,Pool website URL extracted from MiningPoolStats data file for pearl.
2miners.com,solo-quaikawpow.2miners.com,https://solo-quaikawpow.2miners.com/,https://miningpoolstats.stream/quai-kawpow,https://miningpoolstats.stream/sitemap.xml,directory,candidate,2026-09-07,2026-09-07,Pool website URL extracted from MiningPoolStats data file for quai-kawpow.
2miners.com,solo-quaisha.2miners.com,https://solo-quaisha.2miners.com/,https://miningpoolstats.stream/quai-sha,https://miningpoolstats.stream/sitemap.xml,directory,candidate,2026-09-07,2026-09-07,Pool website URL extracted from MiningPoolStats data file for quai-sha.
2miners.com,solo-rvn.2miners.com,https://solo-rvn.2miners.com/,https://miningpoolstats.stream/ravencoin,https://miningpoolstats.stream/sitemap.xml,directory,candidate,2026-09-07,2026-09-07,Pool website URL extracted from MiningPoolStats data file for ravencoin.
2miners.com,solo-xna.2miners.com,https://solo-xna.2miners.com/,https://miningpoolstats.stream/neurai,https://miningpoolstats.stream/sitemap.xml,directory,candidate,2026-09-07,2026-09-07,Pool website URL extracted from MiningPoolStats data file for neurai.
2miners.com,solo-zec.2miners.com,https://solo-zec.2miners.com/,https://miningpoolstats.stream/zcash,https://miningpoolstats.stream/sitemap.xml,directory,candidate,2026-09-07,2026-09-07,Pool website URL extracted from MiningPoolStats data file for zcash.
2miners.com,solo-zeph.2miners.com,https://solo-zeph.2miners.com/,https://miningpoolstats.stream/zephyr,https://miningpoolstats.stream/sitemap.xml,directory,candidate,2026-09-07,2026-09-07,Pool website URL extracted from MiningPoolStats data file for zephyr.
2miners.com,xna.2miners.com,https://xna.2miners.com/,https://miningpoolstats.stream/neurai,https://miningpoolstats.stream/sitemap.xml,directory,candidate,2026-09-07,2026-09-07,Pool website URL extracted from MiningPoolStats data file for neurai.
2miners.com,zec.2miners.com,https://zec.2miners.com/,https://miningpoolstats.stream/zcash,https://miningpoolstats.stream/sitemap.xml,directory,candidate,2026-09-07,2026-09-07,Pool website URL extracted from MiningPoolStats data file for zcash.
2miners.com,zeph.2miners.com,https://zeph.2miners.com/,https://miningpoolstats.stream/zephyr,https://miningpoolstats.stream/sitemap.xml,directory,candidate,2026-09-07,2026-09-07,Pool website URL extracted from MiningPoolStats data file for zephyr.
666pool.com,666pool.com,https://www.666pool.com/,https://miningpoolstats.stream/conflux; https://miningpoolstats.stream/dynexcoin; https://miningpoolstats.stream/ergo; https://miningpoolstats.stream/ethereumclassic; https://miningpoolstats.stream/ravencoin; https://miningpoolstats.stream/skydoge; https://miningpoolstats.stream/vdimension; https://miningpoolstats.stream/xelis,https://miningpoolstats.stream/sitemap.xml,directory,candidate,2026-09-07,2026-09-07,Pool website URL extracted from MiningPoolStats data file for conflux.
88pool.com,bch.88pool.com,https://bch.88pool.com/,https://miningpoolstats.stream/bitcoincash,https://miningpoolstats.stream/sitemap.xml,directory,candidate,2026-09-07,2026-09-07,Pool website URL extracted from MiningPoolStats data file for bitcoincash.
Abel Nakamoto,abel-nakamoto.xyz,https://abel-nakamoto.xyz/,https://miningpoolstats.stream/abelian,https://miningpoolstats.stream/sitemap.xml,directory,candidate,2026-09-07,2026-09-07,Pool website URL extracted from MiningPoolStats data file for abelian.
Abelpool,abelpool.io,https://abelpool.io/,https://miningpoolstats.stream/abelian,https://miningpoolstats.stream/sitemap.xml,directory,candidate,2026-09-07,2026-09-07,Pool website URL extracted from MiningPoolStats data file for abelian.
acc-pool.pw,hathor.acc-pool.pw,https://hathor.acc-pool.pw/,https://miningpoolstats.stream/digibyte-sha; https://miningpoolstats.stream/hathor,https://miningpoolstats.stream/sitemap.xml,directory,candidate,2026-09-07,2026-09-07,Pool website URL extracted from MiningPoolStats data file for digibyte-sha.
acc-pool.pw,kaspa.acc-pool.pw,https://kaspa.acc-pool.pw/,https://miningpoolstats.stream/kaspa,https://miningpoolstats.stream/sitemap.xml,directory,candidate,2026-09-07,2026-09-07,Pool website URL extracted from MiningPoolStats data file for kaspa.
acc-pool.pw,nexa.acc-pool.pw,https://nexa.acc-pool.pw/,https://miningpoolstats.stream/nexa,https://miningpoolstats.stream/sitemap.xml,directory,candidate,2026-09-07,2026-09-07,Pool website URL extracted from MiningPoolStats data file for nexa.
acc-pool.pw,solo.kaspa.acc-pool.pw,https://solo.kaspa.acc-pool.pw/,https://miningpoolstats.stream/kaspa,https://miningpoolstats.stream/sitemap.xml,directory,candidate,2026-09-07,2026-09-07,Pool website URL extracted from MiningPoolStats data file for kaspa.
acc-pool.pw,solo.nexa.acc-pool.pw,https://solo.nexa.acc-pool.pw/,https://miningpoolstats.stream/nexa,https://miningpoolstats.stream/sitemap.xml,directory,candidate,2026-09-07,2026-09-07,Pool website URL extracted from MiningPoolStats data file for nexa.
acc-pool.pw,spectre.acc-pool.pw,https://spectre.acc-pool.pw/,https://miningpoolstats.stream/spectre,https://miningpoolstats.stream/sitemap.xml,directory,candidate,2026-09-07,2026-09-07,Pool website URL extracted from MiningPoolStats data file for spectre.
acc-pool.pw,warthog.acc-pool.pw,https://warthog.acc-pool.pw/,https://miningpoolstats.stream/warthog,https://miningpoolstats.stream/sitemap.xml,directory,candidate,2026-09-07,2026-09-07,Pool website URL extracted from MiningPoolStats data file for warthog.
acepool.top,beam.acepool.top,https://beam.acepool.top/,https://miningpoolstats.stream/beam,https://miningpoolstats.stream/sitemap.xml,directory,candidate,2026-09-07,2026-09-07,Pool website URL extracted from MiningPoolStats data file for beam.
aikapool.com,aikapool.com,https://aikapool.com/,https://miningpoolstats.stream/aegisum; https://miningpoolstats.stream/alterdot; https://miningpoolstats.stream/animecoin; https://miningpoolstats.stream/arqma; https://miningpoolstats.stream/arsagility; https://miningpoolstats.stream/auroracoin-scrypt; https://miningpoolstats.stream/australiacash; https://miningpoolstats.stream/babacoin; https://miningpoolstats.stream/bellcoin; https://miningpoolstats.stream/bit; https://miningpoolstats.stream/bitbar; https://miningpoolstats.stream/bitcoin; https://miningpoolstats.stream/bitcoinz; https://miningpoolstats.stream/bitcore; https://miningpoolstats.stream/bitfishcoin; https://miningpoolstats.stream/bitoreum; https://miningpoolstats.stream/bitrae; https://miningpoolstats.stream/blackgoldcoin; https://miningpoolstats.stream/bolivarcoin; https://miningpoolstats.stream/broccolicoin; https://miningpoolstats.stream/btcturquoise; https://miningpoolstats.stream/butterfly; https://miningpoolstats.stream/cascoin-sha; https://miningpoolstats.stream/catcoin; https://miningpoolstats.stream/chaucha; https://miningpoolstats.stream/clore; https://miningpoolstats.stream/cmusicai; https://miningpoolstats.stream/cointaft; https://miningpoolstats.stream/cpuchain; https://miningpoolstats.stream/crionic; https://miningpoolstats.stream/dash; https://miningpoolstats.stream/digitalcoin-scrypt; https://miningpoolstats.stream/digitalcoin-x11; https://miningpoolstats.stream/dinastycoin; https://miningpoolstats.stream/dingocoin; https://miningpoolstats.stream/documentchain; https://miningpoolstats.stream/dogecoin; https://miningpoolstats.stream/dogmcoin; https://miningpoolstats.stream/dynamic; https://miningpoolstats.stream/enigcoin; https://miningpoolstats.stream/fennec; https://miningpoolstats.stream/ferrite; https://miningpoolstats.stream/fewbit; https://miningpoolstats.stream/frencoin; https://miningpoolstats.stream/fsociety; https://miningpoolstats.stream/fuertecoin; https://miningpoolstats.stream/gainprox; https://miningpoolstats.stream/gemlink; https://miningpoolstats.stream/ghostridercoin; https://miningpoolstats.stream/gntlcoin; https://miningpoolstats.stream/goldcash; https://miningpoolstats.stream/goldcoin; https://miningpoolstats.stream/gspcoin; https://miningpoolstats.stream/guus; https://miningpoolstats.stream/haroldcoin; https://miningpoolstats.stream/hootchain; https://miningpoolstats.stream/ibithub; https://miningpoolstats.stream/infinitecoin; https://miningpoolstats.stream/jagoancoin; https://miningpoolstats.stream/junkcoin; https://miningpoolstats.stream/kindcoin; https://miningpoolstats.stream/kitehcoin; https://miningpoolstats.stream/krypton; https://miningpoolstats.stream/kusa; https://miningpoolstats.stream/lamby; https://miningpoolstats.stream/linkcoin; https://miningpoolstats.stream/litecoin; https://miningpoolstats.stream/litecoin2; https://miningpoolstats.stream/litecoinz; https://miningpoolstats.stream/litoreum; https://miningpoolstats.stream/luckypepe; https://miningpoolstats.stream/magpiecoin; https://miningpoolstats.stream/mangonote; https://miningpoolstats.stream/marscoin; https://miningpoolstats.stream/mateablecoin-ghostrider; https://miningpoolstats.stream/mateablecoin-scrypt; https://miningpoolstats.stream/maxeter; https://miningpoolstats.stream/maximus; https://miningpoolstats.stream/mecuai; https://miningpoolstats.stream/menelikcoin; https://miningpoolstats.stream/microbitcoin; https://miningpoolstats.stream/moirai; https://miningpoolstats.stream/monero; https://miningpoolstats.stream/mooncoin; https://miningpoolstats.stream/mundoteam; https://miningpoolstats.stream/mydogecoin; https://miningpoolstats.stream/neoxa; https://miningpoolstats.stream/neurai; https://miningpoolstats.stream/nexia; https://miningpoolstats.stream/nikitonium; https://miningpoolstats.stream/novacoin; https://miningpoolstats.stream/noxcoin; https://miningpoolstats.stream/onecoin; https://miningpoolstats.stream/ordexgold; https://miningpoolstats.stream/osmium; https://miningpoolstats.stream/pepecoin; https://miningpoolstats.stream/peppapow; https://miningpoolstats.stream/qogecoin; https://miningpoolstats.stream/questchain; https://miningpoolstats.stream/raptoreum; https://miningpoolstats.stream/ravencoin; https://miningpoolstats.stream/reaction; https://miningpoolstats.stream/rheix; https://miningpoolstats.stream/ritocoin; https://miningpoolstats.stream/satoxcoin; https://miningpoolstats.stream/scala; https://miningpoolstats.stream/skytere; https://miningpoolstats.stream/smartiecoin; https://miningpoolstats.stream/sprintpay; https://miningpoolstats.stream/stohncoin; https://miningpoolstats.stream/subinetwork; https://miningpoolstats.stream/swampcoin; https://miningpoolstats.stream/taichicoin; https://miningpoolstats.stream/theminerzcoin; https://miningpoolstats.stream/thooneum; https://miningpoolstats.stream/tidecoin; https://miningpoolstats.stream/trumpow; https://miningpoolstats.stream/ultronai; https://miningpoolstats.stream/varsechain; https://miningpoolstats.stream/veco; https://miningpoolstats.stream/whive; https://miningpoolstats.stream/worldcoin; https://miningpoolstats.stream/yenten; https://miningpoolstats.stream/yerbas; https://miningpoolstats.stream/zclassic; https://miningpoolstats.stream/zephyr,https://miningpoolstats.stream/sitemap.xml,directory,candidate,2026-09-07,2026-09-07,Pool website URL extracted from MiningPoolStats data file for aegisum.
Akoyapool,akoyapool.com,https://akoyapool.com/,https://miningpoolstats.stream/pearl,https://miningpoolstats.stream/sitemap.xml,directory,candidate,2026-09-07,2026-09-07,Pool website URL extracted from MiningPoolStats data file for pearl.
Alphablockmonero,alphablockmonero.xyz,https://alphablockmonero.xyz/,https://miningpoolstats.stream/monero,https://miningpoolstats.stream/sitemap.xml,directory,candidate,2026-09-07,2026-09-07,Pool website URL extracted from MiningPoolStats data file for monero.
alphapool.tech,btx.alphapool.tech,https://btx.alphapool.tech/,https://miningpoolstats.stream/btxchain,https://miningpoolstats.stream/sitemap.xml,directory,candidate,2026-09-07,2026-09-07,Pool website URL extracted from MiningPoolStats data file for btxchain.
alphapool.tech,pearl.alphapool.tech,https://pearl.alphapool.tech/,https://miningpoolstats.stream/modelos; https://miningpoolstats.stream/pearl,https://miningpoolstats.stream/sitemap.xml,directory,candidate,2026-09-07,2026-09-07,Pool website URL extracted from MiningPoolStats data file for modelos.
alr8.net,alr8.net,https://alr8.net/,https://miningpoolstats.stream/obidoge; https://miningpoolstats.stream/smartiecoin,https://miningpoolstats.stream/sitemap.xml,directory,candidate,2026-09-07,2026-09-07,Pool website URL extracted from MiningPoolStats data file for obidoge.
altpool.eu,altpool.eu,https://altpool.eu/,https://miningpoolstats.stream/fxtc-lyra2z; https://miningpoolstats.stream/fxtc-scrypt; https://miningpoolstats.stream/fxtc-sha; https://miningpoolstats.stream/fxtc-x11; https://miningpoolstats.stream/fxtc-x16r,https://miningpoolstats.stream/sitemap.xml,directory,candidate,2026-09-07,2026-09-07,Pool website URL extracted from MiningPoolStats data file for fxtc-lyra2z.
always.vip,pool.always.vip,https://pool.always.vip/,https://miningpoolstats.stream/grin,https://miningpoolstats.stream/sitemap.xml,directory,candidate,2026-09-07,2026-09-07,Pool website URL extracted from MiningPoolStats data file for grin.
amkira.network,amkira.network,https://amkira.network/,https://miningpoolstats.stream/auroracoin-sha; https://miningpoolstats.stream/bitcoincash; https://miningpoolstats.stream/bitcoincash2; https://miningpoolstats.stream/bitcoinii; https://miningpoolstats.stream/cascoin-sha; https://miningpoolstats.stream/mytherra; https://miningpoolstats.stream/nitocoin; https://miningpoolstats.stream/peercoin; https://miningpoolstats.stream/titcoin; https://miningpoolstats.stream/wojakcoin,https://miningpoolstats.stream/sitemap.xml,directory,candidate,2026-09-07,2026-09-07,Pool website URL extracted from MiningPoolStats data file for auroracoin-sha.
amxpool.com,amxpool.com,http://amxpool.com/,https://miningpoolstats.stream/dogmcoin; https://miningpoolstats.stream/infinitecoin,https://miningpoolstats.stream/sitemap.xml,directory,candidate,2026-09-07,2026-09-07,Pool website URL extracted from MiningPoolStats data file for dogmcoin.
angelminers.org,pool.angelminers.org,https://pool.angelminers.org/,https://miningpoolstats.stream/bitcoincash,https://miningpoolstats.stream/sitemap.xml,directory,candidate,2026-09-07,2026-09-07,Pool website URL extracted from MiningPoolStats data file for bitcoincash.
aninterestinghole.xyz,verus.aninterestinghole.xyz,https://verus.aninterestinghole.xyz/,https://miningpoolstats.stream/veruscoin,https://miningpoolstats.stream/sitemap.xml,directory,candidate,2026-09-07,2026-09-07,Pool website URL extracted from MiningPoolStats data file for veruscoin.
antpool.com,antpool.com,https://antpool.com/,https://miningpoolstats.stream/alephium; https://miningpoolstats.stream/bellscoin; https://miningpoolstats.stream/bitcoin; https://miningpoolstats.stream/bitcoincash; https://miningpoolstats.stream/dash; https://miningpoolstats.stream/digibyte-scrypt; https://miningpoolstats.stream/digibyte-sha; https://miningpoolstats.stream/dingocoin; https://miningpoolstats.stream/dogecoin; https://miningpoolstats.stream/ethereumclassic; https://miningpoolstats.stream/fractalbitcoin-mergedsha; https://miningpoolstats.stream/fractalbitcoin-sha; https://miningpoolstats.stream/handshake; https://miningpoolstats.stream/kadena; https://miningpoolstats.stream/kaspa; https://miningpoolstats.stream/litecoin; https://miningpoolstats.stream/luckycoin; https://miningpoolstats.stream/monero; https://miningpoolstats.stream/namecoin; https://miningpoolstats.stream/nervos; https://miningpoolstats.stream/pepecoin; https://miningpoolstats.stream/ravencoin; https://miningpoolstats.stream/zcash,https://miningpoolstats.stream/sitemap.xml,directory,candidate,2026-09-07,2026-09-07,Pool website URL extracted from MiningPoolStats data file for alephium.
apool.io,apool.io,https://www.apool.io/,https://miningpoolstats.stream/qubic,https://miningpoolstats.stream/sitemap.xml,directory,candidate,2026-09-07,2026-09-07,Pool website URL extracted from MiningPoolStats data file for qubic.
aquachain.xyz,pool9.aquachain.xyz,https://pool9.aquachain.xyz/,https://miningpoolstats.stream/aquachain,https://miningpoolstats.stream/sitemap.xml,directory,candidate,2026-09-07,2026-09-07,Pool website URL extracted from MiningPoolStats data file for aquachain.
argfamining.com,argfamining.com,https://argfamining.com/,https://miningpoolstats.stream/bitcoin3; https://miningpoolstats.stream/bitcoincash2; https://miningpoolstats.stream/btgscoin,https://miningpoolstats.stream/sitemap.xml,directory,candidate,2026-09-07,2026-09-07,Pool website URL extracted from MiningPoolStats data file for bitcoin3.
argoneum.net,pool2.argoneum.net,https://pool2.argoneum.net/,https://miningpoolstats.stream/argoneum,https://miningpoolstats.stream/sitemap.xml,directory,candidate,2026-09-07,2026-09-07,Pool website URL extracted from MiningPoolStats data file for argoneum.
ariabrain.com,pool.ariabrain.com,https://pool.ariabrain.com/,https://miningpoolstats.stream/bitcoin3; https://miningpoolstats.stream/monero,https://miningpoolstats.stream/sitemap.xml,directory,candidate,2026-09-07,2026-09-07,Pool website URL extracted from MiningPoolStats data file for bitcoin3.
arielcoin.org,pool.arielcoin.org,https://pool.arielcoin.org/,https://miningpoolstats.stream/arielcoin,https://miningpoolstats.stream/sitemap.xml,directory,candidate,2026-09-07,2026-09-07,Pool website URL extracted from MiningPoolStats data file for arielcoin.
asicpool.space,asicpool.space,https://asicpool.space/,https://miningpoolstats.stream/bitcoin; https://miningpoolstats.stream/bitcoincash; https://miningpoolstats.stream/digibyte-sha,https://miningpoolstats.stream/sitemap.xml,directory,candidate,2026-09-07,2026-09-07,Pool website URL extracted from MiningPoolStats data file for bitcoin.
Atlaspool,atlaspool.io,https://atlaspool.io/,https://miningpoolstats.stream/bitcoin,https://miningpoolstats.stream/sitemap.xml,directory,candidate,2026-09-07,2026-09-07,Pool website URL extracted from MiningPoolStats data file for bitcoin.
aussie-pools.com,qrl.aussie-pools.com,https://qrl.aussie-pools.com/,https://miningpoolstats.stream/quantumrl,https://miningpoolstats.stream/sitemap.xml,directory,candidate,2026-09-07,2026-09-07,Pool website URL extracted from MiningPoolStats data file for quantumrl.
axehub.app,pool.axehub.app,https://pool.axehub.app/,https://miningpoolstats.stream/bitcoin3; https://miningpoolstats.stream/bitcoinii; https://miningpoolstats.stream/capstash,https://miningpoolstats.stream/sitemap.xml,directory,candidate,2026-09-07,2026-09-07,Pool website URL extracted from MiningPoolStats data file for bitcoin3.
Axeminer,axeminer.com,https://axeminer.com/,https://miningpoolstats.stream/bitcoin,https://miningpoolstats.stream/sitemap.xml,directory,candidate,2026-09-07,2026-09-07,Pool website URL extracted from MiningPoolStats data file for bitcoin.
azpool.win,gntl.azpool.win,https://gntl.azpool.win/,https://miningpoolstats.stream/gntlcoin,https://miningpoolstats.stream/sitemap.xml,directory,candidate,2026-09-07,2026-09-07,Pool website URL extracted from MiningPoolStats data file for gntlcoin.
baikalmine.com,baikalmine.com,https://baikalmine.com/,https://miningpoolstats.stream/bitcoin3; https://miningpoolstats.stream/cryptix; https://miningpoolstats.stream/ethereumclassic; https://miningpoolstats.stream/kaspa; https://miningpoolstats.stream/litecoin; https://miningpoolstats.stream/pearl; https://miningpoolstats.stream/xelis,https://miningpoolstats.stream/sitemap.xml,directory,candidate,2026-09-07,2026-09-07,Pool website URL extracted from MiningPoolStats data file for bitcoin3.
Basedmining,basedmining.xyz,https://basedmining.xyz/,https://miningpoolstats.stream/bitcoin,https://miningpoolstats.stream/sitemap.xml,directory,candidate,2026-09-07,2026-09-07,Pool website URL extracted from MiningPoolStats data file for bitcoin.
Bc3,bc3.online,https://bc3.online/,https://miningpoolstats.stream/bitcoin3,https://miningpoolstats.stream/sitemap.xml,directory,candidate,2026-09-07,2026-09-07,Pool website URL extracted from MiningPoolStats data file for bitcoin3.
bc3pool.org,bc3pool.org,https://bc3pool.org/,https://miningpoolstats.stream/bitcoin3,https://miningpoolstats.stream/sitemap.xml,directory,candidate,2026-09-07,2026-09-07,Pool website URL extracted from MiningPoolStats data file for bitcoin3.
Bch,bch.ee,https://bch.ee/,https://miningpoolstats.stream/bitcoincash,https://miningpoolstats.stream/sitemap.xml,directory,candidate,2026-09-07,2026-09-07,Pool website URL extracted from MiningPoolStats data file for bitcoincash.
bchblockhunter.com,bchblockhunter.com,https://bchblockhunter.com/,https://miningpoolstats.stream/bitcoincash,https://miningpoolstats.stream/sitemap.xml,directory,candidate,2026-09-07,2026-09-07,Pool website URL extracted from MiningPoolStats data file for bitcoincash.
bchminers.co.uk,bchminers.co.uk,https://bchminers.co.uk/,https://miningpoolstats.stream/bitcoincash,https://miningpoolstats.stream/sitemap.xml,directory,candidate,2026-09-07,2026-09-07,Pool website URL extracted from MiningPoolStats data file for bitcoincash.
bchpool.com,bchpool.com,https://bchpool.com/,https://miningpoolstats.stream/bitcoincash,https://miningpoolstats.stream/sitemap.xml,directory,candidate,2026-09-07,2026-09-07,Pool website URL extracted from MiningPoolStats data file for bitcoincash.
bcmonster.com,bcmonster.com,https://bcmonster.com/,https://miningpoolstats.stream/bitcoin; https://miningpoolstats.stream/bitcoincash; https://miningpoolstats.stream/bitcoincash2; https://miningpoolstats.stream/bitcoinii; https://miningpoolstats.stream/digibyte-sha; https://miningpoolstats.stream/fractalbitcoin-sha; https://miningpoolstats.stream/namecoin; https://miningpoolstats.stream/peercoin,https://miningpoolstats.stream/sitemap.xml,directory,candidate,2026-09-07,2026-09-07,Pool website URL extracted from MiningPoolStats data file for bitcoin.
biblepay.org,foundation.biblepay.org,http://foundation.biblepay.org/,https://miningpoolstats.stream/biblepay,https://miningpoolstats.stream/sitemap.xml,directory,candidate,2026-09-07,2026-09-07,Pool website URL extracted from MiningPoolStats data file for biblepay.
binance.com,pool.binance.com,https://pool.binance.com/,https://miningpoolstats.stream/bellscoin; https://miningpoolstats.stream/bitcoin; https://miningpoolstats.stream/bitcoincash; https://miningpoolstats.stream/conflux; https://miningpoolstats.stream/dash; https://miningpoolstats.stream/dogecoin; https://miningpoolstats.stream/ethereumclassic; https://miningpoolstats.stream/ethereumpow; https://miningpoolstats.stream/junkcoin; https://miningpoolstats.stream/kaspa; https://miningpoolstats.stream/litecoin; https://miningpoolstats.stream/luckycoin; https://miningpoolstats.stream/nervos; https://miningpoolstats.stream/pepecoin; https://miningpoolstats.stream/ravencoin; https://miningpoolstats.stream/zcash,https://miningpoolstats.stream/sitemap.xml,directory,candidate,2026-09-07,2026-09-07,Pool website URL extracted from MiningPoolStats data file for bellscoin.
bitcdy.com,mainpool.bitcdy.com,https://mainpool.bitcdy.com/,https://miningpoolstats.stream/bitcoincandy,https://miningpoolstats.stream/sitemap.xml,directory,candidate,2026-09-07,2026-09-07,Pool website URL extracted from MiningPoolStats data file for bitcoincandy.
bitcluster.com,pool.bitcluster.com,https://pool.bitcluster.com/,https://miningpoolstats.stream/bitcoin,https://miningpoolstats.stream/sitemap.xml,directory,candidate,2026-09-07,2026-09-07,Pool website URL extracted from MiningPoolStats data file for bitcoin.
bitcoincashpool.org,bitcoincashpool.org,https://bitcoincashpool.org/,https://miningpoolstats.stream/bitcoincash,https://miningpoolstats.stream/sitemap.xml,directory,candidate,2026-09-07,2026-09-07,Pool website URL extracted from MiningPoolStats data file for bitcoincash.
bitfufu.com,bitfufu.com,https://www.bitfufu.com/,https://miningpoolstats.stream/bitcoin,https://miningpoolstats.stream/sitemap.xml,directory,candidate,2026-09-07,2026-09-07,Pool website URL extracted from MiningPoolStats data file for bitcoin.
bitmernsolo.com,bitmernsolo.com,http://bitmernsolo.com/,https://miningpoolstats.stream/bitcoin; https://miningpoolstats.stream/bitcoincash; https://miningpoolstats.stream/digibyte-sha; https://miningpoolstats.stream/dogecoin; https://miningpoolstats.stream/litecoin,https://miningpoolstats.stream/sitemap.xml,directory,candidate,2026-09-07,2026-09-07,Pool website URL extracted from MiningPoolStats data file for bitcoin.
bitofsin.com,pool.bitofsin.com,https://pool.bitofsin.com/,https://miningpoolstats.stream/aureus; https://miningpoolstats.stream/bitcoin; https://miningpoolstats.stream/bitcoincash; https://miningpoolstats.stream/bitcoinii; https://miningpoolstats.stream/bitcoinsilver; https://miningpoolstats.stream/bitcoinsv; https://miningpoolstats.stream/btgscoin; https://miningpoolstats.stream/digibyte-scrypt; https://miningpoolstats.stream/digibyte-sha; https://miningpoolstats.stream/dogecoin; https://miningpoolstats.stream/fractalbitcoin-sha; https://miningpoolstats.stream/hypercoin; https://miningpoolstats.stream/litecoin; https://miningpoolstats.stream/pepecoin,https://miningpoolstats.stream/sitemap.xml,directory,candidate,2026-09-07,2026-09-07,Pool website URL extracted from MiningPoolStats data file for aureus.
bitraepool.com,bitraepool.com,https://bitraepool.com/,https://miningpoolstats.stream/bitrae,https://miningpoolstats.stream/sitemap.xml,directory,candidate,2026-09-07,2026-09-07,Pool website URL extracted from MiningPoolStats data file for bitrae.
bitsolo.me,bitsolo.me,https://bitsolo.me/,https://miningpoolstats.stream/bitcoincash; https://miningpoolstats.stream/bitcoincash2; https://miningpoolstats.stream/digibyte-sha; https://miningpoolstats.stream/mytherra,https://miningpoolstats.stream/sitemap.xml,directory,candidate,2026-09-07,2026-09-07,Pool website URL extracted from MiningPoolStats data file for bitcoincash.
bitsyminer.com,pool.bitsyminer.com,https://pool.bitsyminer.com/,https://miningpoolstats.stream/bitcoincash,https://miningpoolstats.stream/sitemap.xml,directory,candidate,2026-09-07,2026-09-07,Pool website URL extracted from MiningPoolStats data file for bitcoincash.
bitwebcore.net,pool.bitwebcore.net,https://pool.bitwebcore.net/,https://miningpoolstats.stream/bitweb; https://miningpoolstats.stream/dpowcoin,https://miningpoolstats.stream/sitemap.xml,directory,candidate,2026-09-07,2026-09-07,Pool website URL extracted from MiningPoolStats data file for bitweb.
Bmine,bmine.pro,https://bmine.pro/,https://miningpoolstats.stream/bitcoin,https://miningpoolstats.stream/sitemap.xml,directory,candidate,2026-09-07,2026-09-07,Pool website URL extracted from MiningPoolStats data file for bitcoin.
bmine.net,bmine.net,https://bmine.net/,https://miningpoolstats.stream/adventurecoin; https://miningpoolstats.stream/wojakcoin,https://miningpoolstats.stream/sitemap.xml,directory,candidate,2026-09-07,2026-09-07,Pool website URL extracted from MiningPoolStats data file for adventurecoin.
bohemianpool.com,bohemianpool.com,https://bohemianpool.com/,https://miningpoolstats.stream/monero,https://miningpoolstats.stream/sitemap.xml,directory,candidate,2026-09-07,2026-09-07,Pool website URL extracted from MiningPoolStats data file for monero.
bowserlab.ddns.net,bowserlab.ddns.net,https://bowserlab.ddns.net/,https://miningpoolstats.stream/auroracoin-scrypt; https://miningpoolstats.stream/aurumcrypto; https://miningpoolstats.stream/axerunners; https://miningpoolstats.stream/bbqcoin; https://miningpoolstats.stream/bellscoin; https://miningpoolstats.stream/bitcoin; https://miningpoolstats.stream/bitcoinatom; https://miningpoolstats.stream/bitcoincash; https://miningpoolstats.stream/bitcoincash2; https://miningpoolstats.stream/bitcoinii; https://miningpoolstats.stream/bitcoinoil; https://miningpoolstats.stream/bitcoinsilver; https://miningpoolstats.stream/bitoreum; https://miningpoolstats.stream/cascoin-minotaurx; https://miningpoolstats.stream/cascoin-sha; https://miningpoolstats.stream/catcoin; https://miningpoolstats.stream/cheetahcoin; https://miningpoolstats.stream/craftcoin; https://miningpoolstats.stream/cyberyen; https://miningpoolstats.stream/dash; https://miningpoolstats.stream/digibyte-sha; https://miningpoolstats.stream/dingocoin; https://miningpoolstats.stream/dogecoin; https://miningpoolstats.stream/earthcoin; https://miningpoolstats.stream/ecash; https://miningpoolstats.stream/fairbrix; https://miningpoolstats.stream/flopcoin; https://miningpoolstats.stream/frencoin; https://miningpoolstats.stream/infinitecoin; https://miningpoolstats.stream/junkcoin; https://miningpoolstats.stream/kylacoin; https://miningpoolstats.stream/litecoin; https://miningpoolstats.stream/litecoin2; https://miningpoolstats.stream/litecoincash-minotaurx; https://miningpoolstats.stream/luckycoin; https://miningpoolstats.stream/lyncoin; https://miningpoolstats.stream/meowcoin-meowpow; https://miningpoolstats.stream/newyorkcoin; https://miningpoolstats.stream/ordexcoin; https://miningpoolstats.stream/peercoin; https://miningpoolstats.stream/pepecoin; https://miningpoolstats.stream/pepepow; https://miningpoolstats.stream/ravencoin; https://miningpoolstats.stream/signa; https://miningpoolstats.stream/spacexpanse-sha; https://miningpoolstats.stream/stohncoin; https://miningpoolstats.stream/terracoin; https://miningpoolstats.stream/unobtanium; https://miningpoolstats.stream/worldcoin; https://miningpoolstats.stream/xaya-sha,https://miningpoolstats.stream/sitemap.xml,directory,candidate,2026-09-07,2026-09-07,Pool website URL extracted from MiningPoolStats data file for auroracoin-scrypt.
braiins.com,braiins.com,https://braiins.com/,https://miningpoolstats.stream/bitcoin,https://miningpoolstats.stream/sitemap.xml,directory,candidate,2026-09-07,2026-09-07,Pool website URL extracted from MiningPoolStats data file for bitcoin.
btc3forge.com,btc3forge.com,https://btc3forge.com/,https://miningpoolstats.stream/bitcoin3,https://miningpoolstats.stream/sitemap.xml,directory,candidate,2026-09-07,2026-09-07,Pool website URL extracted from MiningPoolStats data file for bitcoin3.
Bytecoin,bytecoin.network,https://bytecoin.network/,https://miningpoolstats.stream/bytecoin,https://miningpoolstats.stream/sitemap.xml,directory,candidate,2026-09-07,2026-09-07,Pool website URL extracted from MiningPoolStats data file for bytecoin.
c3pool.com,c3pool.com,https://c3pool.com/,https://miningpoolstats.stream/arqma; https://miningpoolstats.stream/conceal; https://miningpoolstats.stream/monero; https://miningpoolstats.stream/raptoreum; https://miningpoolstats.stream/salvium; https://miningpoolstats.stream/scala; https://miningpoolstats.stream/tari-randomx; https://miningpoolstats.stream/zephyr,https://miningpoolstats.stream/sitemap.xml,directory,candidate,2026-09-07,2026-09-07,Pool website URL extracted from MiningPoolStats data file for arqma.
capspool.io,capspool.io,https://capspool.io/,https://miningpoolstats.stream/bitcoincash; https://miningpoolstats.stream/bitcoinii; https://miningpoolstats.stream/capstash,https://miningpoolstats.stream/sitemap.xml,directory,candidate,2026-09-07,2026-09-07,Pool website URL extracted from MiningPoolStats data file for bitcoincash.
cashminer.top,cashminer.top,https://cashminer.top/,https://miningpoolstats.stream/qogecoin,https://miningpoolstats.stream/sitemap.xml,directory,candidate,2026-09-07,2026-09-07,Pool website URL extracted from MiningPoolStats data file for qogecoin.
catchthatrabbit.com,catchthatrabbit.com,https://catchthatrabbit.com/,https://miningpoolstats.stream/corecoin,https://miningpoolstats.stream/sitemap.xml,directory,candidate,2026-09-07,2026-09-07,Pool website URL extracted from MiningPoolStats data file for corecoin.
cedric-crispin.com,alephium.cedric-crispin.com,https://alephium.cedric-crispin.com/,https://miningpoolstats.stream/alephium,https://miningpoolstats.stream/sitemap.xml,directory,candidate,2026-09-07,2026-09-07,Pool website URL extracted from MiningPoolStats data file for alephium.
cedric-crispin.com,arqma.cedric-crispin.com,https://arqma.cedric-crispin.com/,https://miningpoolstats.stream/arqma,https://miningpoolstats.stream/sitemap.xml,directory,candidate,2026-09-07,2026-09-07,Pool website URL extracted from MiningPoolStats data file for arqma.
cedric-crispin.com,beam.cedric-crispin.com,https://beam.cedric-crispin.com/,https://miningpoolstats.stream/beam,https://miningpoolstats.stream/sitemap.xml,directory,candidate,2026-09-07,2026-09-07,Pool website URL extracted from MiningPoolStats data file for beam.
cedric-crispin.com,bitcoin.cedric-crispin.com,https://bitcoin.cedric-crispin.com/,https://miningpoolstats.stream/bitcoin,https://miningpoolstats.stream/sitemap.xml,directory,candidate,2026-09-07,2026-09-07,Pool website URL extracted from MiningPoolStats data file for bitcoin.
cedric-crispin.com,conceal.cedric-crispin.com,https://conceal.cedric-crispin.com/,https://miningpoolstats.stream/conceal,https://miningpoolstats.stream/sitemap.xml,directory,candidate,2026-09-07,2026-09-07,Pool website URL extracted from MiningPoolStats data file for conceal.
cedric-crispin.com,decred.cedric-crispin.com,https://decred.cedric-crispin.com/,https://miningpoolstats.stream/decred,https://miningpoolstats.stream/sitemap.xml,directory,candidate,2026-09-07,2026-09-07,Pool website URL extracted from MiningPoolStats data file for decred.
cedric-crispin.com,firo.cedric-crispin.com,https://firo.cedric-crispin.com/,https://miningpoolstats.stream/firo,https://miningpoolstats.stream/sitemap.xml,directory,candidate,2026-09-07,2026-09-07,Pool website URL extracted from MiningPoolStats data file for firo.
cedric-crispin.com,handshake.cedric-crispin.com,https://handshake.cedric-crispin.com/,https://miningpoolstats.stream/handshake,https://miningpoolstats.stream/sitemap.xml,directory,candidate,2026-09-07,2026-09-07,Pool website URL extracted from MiningPoolStats data file for handshake.
cedric-crispin.com,karlsencoin.cedric-crispin.com,https://karlsencoin.cedric-crispin.com/,https://miningpoolstats.stream/karlsen,https://miningpoolstats.stream/sitemap.xml,directory,candidate,2026-09-07,2026-09-07,Pool website URL extracted from MiningPoolStats data file for karlsen.
cedric-crispin.com,kaspa.cedric-crispin.com,https://kaspa.cedric-crispin.com/,https://miningpoolstats.stream/kaspa,https://miningpoolstats.stream/sitemap.xml,directory,candidate,2026-09-07,2026-09-07,Pool website URL extracted from MiningPoolStats data file for kaspa.
cedric-crispin.com,kylacoin.cedric-crispin.com,https://kylacoin.cedric-crispin.com/,https://miningpoolstats.stream/kylacoin,https://miningpoolstats.stream/sitemap.xml,directory,candidate,2026-09-07,2026-09-07,Pool website URL extracted from MiningPoolStats data file for kylacoin.
cedric-crispin.com,meowcoin.cedric-crispin.com,https://meowcoin.cedric-crispin.com/,https://miningpoolstats.stream/meowcoin-meowpow,https://miningpoolstats.stream/sitemap.xml,directory,candidate,2026-09-07,2026-09-07,Pool website URL extracted from MiningPoolStats data file for meowcoin-meowpow.
cedric-crispin.com,monero.cedric-crispin.com,https://monero.cedric-crispin.com/,https://miningpoolstats.stream/monero,https://miningpoolstats.stream/sitemap.xml,directory,candidate,2026-09-07,2026-09-07,Pool website URL extracted from MiningPoolStats data file for monero.
cedric-crispin.com,parallax.cedric-crispin.com,https://parallax.cedric-crispin.com/,https://miningpoolstats.stream/parallax,https://miningpoolstats.stream/sitemap.xml,directory,candidate,2026-09-07,2026-09-07,Pool website URL extracted from MiningPoolStats data file for parallax.
cedric-crispin.com,pulsar.cedric-crispin.com,https://pulsar.cedric-crispin.com/,https://miningpoolstats.stream/pulsarcoin-minotaurx,https://miningpoolstats.stream/sitemap.xml,directory,candidate,2026-09-07,2026-09-07,Pool website URL extracted from MiningPoolStats data file for pulsarcoin-minotaurx.
cedric-crispin.com,ravencoin.cedric-crispin.com,https://ravencoin.cedric-crispin.com/,https://miningpoolstats.stream/ravencoin,https://miningpoolstats.stream/sitemap.xml,directory,candidate,2026-09-07,2026-09-07,Pool website URL extracted from MiningPoolStats data file for ravencoin.
cedric-crispin.com,satoshicash.cedric-crispin.com,https://satoshicash.cedric-crispin.com/,https://miningpoolstats.stream/satoshicash,https://miningpoolstats.stream/sitemap.xml,directory,candidate,2026-09-07,2026-09-07,Pool website URL extracted from MiningPoolStats data file for satoshicash.
cedric-crispin.com,satoxcoin.cedric-crispin.com,https://satoxcoin.cedric-crispin.com/,https://miningpoolstats.stream/satoxcoin,https://miningpoolstats.stream/sitemap.xml,directory,candidate,2026-09-07,2026-09-07,Pool website URL extracted from MiningPoolStats data file for satoxcoin.
cedric-crispin.com,vertcoin.cedric-crispin.com,https://vertcoin.cedric-crispin.com/,https://miningpoolstats.stream/vertcoin,https://miningpoolstats.stream/sitemap.xml,directory,candidate,2026-09-07,2026-09-07,Pool website URL extracted from MiningPoolStats data file for vertcoin.
cedric-crispin.com,veruscoin.cedric-crispin.com,https://veruscoin.cedric-crispin.com/,https://miningpoolstats.stream/veruscoin,https://miningpoolstats.stream/sitemap.xml,directory,candidate,2026-09-07,2026-09-07,Pool website URL extracted from MiningPoolStats data file for veruscoin.
cedric-crispin.com,warthog.cedric-crispin.com,https://warthog.cedric-crispin.com/,https://miningpoolstats.stream/warthog,https://miningpoolstats.stream/sitemap.xml,directory,candidate,2026-09-07,2026-09-07,Pool website URL extracted from MiningPoolStats data file for warthog.
cedric-crispin.com,xelis.cedric-crispin.com,https://xelis.cedric-crispin.com/,https://miningpoolstats.stream/xelis,https://miningpoolstats.stream/sitemap.xml,directory,candidate,2026-09-07,2026-09-07,Pool website URL extracted from MiningPoolStats data file for xelis.
cedric-crispin.com,zano.cedric-crispin.com,https://zano.cedric-crispin.com/,https://miningpoolstats.stream/zano,https://miningpoolstats.stream/sitemap.xml,directory,candidate,2026-09-07,2026-09-07,Pool website URL extracted from MiningPoolStats data file for zano.
Cereblix,cereblix.com,https://cereblix.com/,https://miningpoolstats.stream/cereblix,https://miningpoolstats.stream/sitemap.xml,directory,candidate,2026-09-07,2026-09-07,Pool website URL extracted from MiningPoolStats data file for cereblix.
Cereblix,cereblix.kollektiv-mining.co,https://cereblix.kollektiv-mining.co/,https://miningpoolstats.stream/cereblix,https://miningpoolstats.stream/sitemap.xml,directory,candidate,2026-09-07,2026-09-07,Pool website URL extracted from MiningPoolStats data file for cereblix.
Chauffagistes Pool,chauffagistes-pool.fr,https://chauffagistes-pool.fr/,https://miningpoolstats.stream/bitcoin,https://miningpoolstats.stream/sitemap.xml,directory,candidate,2026-09-07,2026-09-07,Pool website URL extracted from MiningPoolStats data file for bitcoin.
Chiafarm,chiafarm.land,https://www.chiafarm.land/,https://miningpoolstats.stream/chia,https://miningpoolstats.stream/sitemap.xml,directory,candidate,2026-09-07,2026-09-07,Pool website URL extracted from MiningPoolStats data file for chia.
ciscotech.dk,vrsc.ciscotech.dk,https://vrsc.ciscotech.dk/,https://miningpoolstats.stream/veruscoin,https://miningpoolstats.stream/sitemap.xml,directory,candidate,2026-09-07,2026-09-07,Pool website URL extracted from MiningPoolStats data file for veruscoin.
ckpool.org,ausolo.ckpool.org,https://ausolo.ckpool.org/,https://miningpoolstats.stream/bitcoin,https://miningpoolstats.stream/sitemap.xml,directory,candidate,2026-09-07,2026-09-07,Pool website URL extracted from MiningPoolStats data file for bitcoin.
ckpool.org,eusolo.ckpool.org,https://eusolo.ckpool.org/,https://miningpoolstats.stream/bitcoin,https://miningpoolstats.stream/sitemap.xml,directory,candidate,2026-09-07,2026-09-07,Pool website URL extracted from MiningPoolStats data file for bitcoin.
ckpool.org,sgsolo.ckpool.org,https://sgsolo.ckpool.org/,https://miningpoolstats.stream/bitcoin,https://miningpoolstats.stream/sitemap.xml,directory,candidate,2026-09-07,2026-09-07,Pool website URL extracted from MiningPoolStats data file for bitcoin.
ckpool.org,solo.ckpool.org,https://solo.ckpool.org/,https://miningpoolstats.stream/bitcoin,https://miningpoolstats.stream/sitemap.xml,directory,candidate,2026-09-07,2026-09-07,Pool website URL extracted from MiningPoolStats data file for bitcoin.
cloverpool.com,cloverpool.com,https://cloverpool.com/,https://miningpoolstats.stream/bellscoin; https://miningpoolstats.stream/bitcoin; https://miningpoolstats.stream/bitcoincash; https://miningpoolstats.stream/dingocoin; https://miningpoolstats.stream/dogecoin; https://miningpoolstats.stream/ethereumclassic; https://miningpoolstats.stream/junkcoin; https://miningpoolstats.stream/kaspa; https://miningpoolstats.stream/litecoin; https://miningpoolstats.stream/luckycoin; https://miningpoolstats.stream/pepecoin; https://miningpoolstats.stream/shibacoin,https://miningpoolstats.stream/sitemap.xml,directory,candidate,2026-09-07,2026-09-07,Pool website URL extracted from MiningPoolStats data file for bellscoin.
cminors-pool.com,au-merged-mine.cminors-pool.com,https://au-merged-mine.cminors-pool.com/,https://miningpoolstats.stream/argentum-sha; https://miningpoolstats.stream/bitcoinblu; https://miningpoolstats.stream/bitcoinsilver; https://miningpoolstats.stream/doichain; https://miningpoolstats.stream/fixedcoin; https://miningpoolstats.stream/myriad-sha; https://miningpoolstats.stream/namecoin; https://miningpoolstats.stream/spacexpanse-sha; https://miningpoolstats.stream/terracoin; https://miningpoolstats.stream/titcoin; https://miningpoolstats.stream/unobtanium; https://miningpoolstats.stream/wojakcoin; https://miningpoolstats.stream/xerocoin,https://miningpoolstats.stream/sitemap.xml,directory,candidate,2026-09-07,2026-09-07,Pool website URL extracted from MiningPoolStats data file for argentum-sha.
cminors-pool.com,catcoin.premium-cminors-pools.com,https://catcoin.premium-cminors-pools.com/,https://miningpoolstats.stream/argentum-scrypt; https://miningpoolstats.stream/bellscoin; https://miningpoolstats.stream/bit; https://miningpoolstats.stream/catcoin; https://miningpoolstats.stream/craftcoin; https://miningpoolstats.stream/cyberyen; https://miningpoolstats.stream/dogecoin; https://miningpoolstats.stream/junkcoin; https://miningpoolstats.stream/litecoin; https://miningpoolstats.stream/luckycoin; https://miningpoolstats.stream/meowcoin-scrypt; https://miningpoolstats.stream/mydogecoin; https://miningpoolstats.stream/myriad-scrypt; https://miningpoolstats.stream/newenglandcoin; https://miningpoolstats.stream/pepecoin; https://miningpoolstats.stream/worldcoin,https://miningpoolstats.stream/sitemap.xml,directory,candidate,2026-09-07,2026-09-07,Pool website URL extracted from MiningPoolStats data file for argentum-scrypt.
cminors-pool.com,merged1.cminors-pool.com,https://merged1.cminors-pool.com/,https://miningpoolstats.stream/argentum-scrypt; https://miningpoolstats.stream/bellscoin; https://miningpoolstats.stream/bit; https://miningpoolstats.stream/catcoin; https://miningpoolstats.stream/craftcoin; https://miningpoolstats.stream/cyberyen; https://miningpoolstats.stream/dogecoin; https://miningpoolstats.stream/junkcoin; https://miningpoolstats.stream/litecoin; https://miningpoolstats.stream/luckycoin; https://miningpoolstats.stream/meowcoin-scrypt; https://miningpoolstats.stream/mydogecoin; https://miningpoolstats.stream/myriad-scrypt; https://miningpoolstats.stream/newenglandcoin; https://miningpoolstats.stream/pepecoin; https://miningpoolstats.stream/worldcoin,https://miningpoolstats.stream/sitemap.xml,directory,candidate,2026-09-07,2026-09-07,Pool website URL extracted from MiningPoolStats data file for argentum-scrypt.
cminors-pool.com,mining.cminors-pool.com,https://mining.cminors-pool.com/,https://miningpoolstats.stream/bitbar; https://miningpoolstats.stream/bitgem; https://miningpoolstats.stream/bitmark-x17,https://miningpoolstats.stream/sitemap.xml,directory,candidate,2026-09-07,2026-09-07,Pool website URL extracted from MiningPoolStats data file for bitbar.
coin-miners.info,bc3.coin-miners.info,https://bc3.coin-miners.info/,https://miningpoolstats.stream/bitcoin3,https://miningpoolstats.stream/sitemap.xml,directory,candidate,2026-09-07,2026-09-07,Pool website URL extracted from MiningPoolStats data file for bitcoin3.
coin-miners.info,cereblix.coin-miners.info,https://cereblix.coin-miners.info/,https://miningpoolstats.stream/cereblix,https://miningpoolstats.stream/sitemap.xml,directory,candidate,2026-09-07,2026-09-07,Pool website URL extracted from MiningPoolStats data file for cereblix.
coin-miners.info,pearl.coin-miners.info,https://pearl.coin-miners.info/,https://miningpoolstats.stream/modelos; https://miningpoolstats.stream/pearl,https://miningpoolstats.stream/sitemap.xml,directory,candidate,2026-09-07,2026-09-07,Pool website URL extracted from MiningPoolStats data file for modelos.
Coinfishers,coinfishers.com,https://coinfishers.com/,https://miningpoolstats.stream/oggcoin,https://miningpoolstats.stream/sitemap.xml,directory,candidate,2026-09-07,2026-09-07,Pool website URL extracted from MiningPoolStats data file for oggcoin.
coinhunters.space,coinhunters.space,https://coinhunters.space/,https://miningpoolstats.stream/nimiq,https://miningpoolstats.stream/sitemap.xml,directory,candidate,2026-09-07,2026-09-07,Pool website URL extracted from MiningPoolStats data file for nimiq.
Coinimp,coinimp.com,https://www.coinimp.com/,https://miningpoolstats.stream/mintmecoin,https://miningpoolstats.stream/sitemap.xml,directory,candidate,2026-09-07,2026-09-07,Pool website URL extracted from MiningPoolStats data file for mintmecoin.
coinxpool.com,coinxpool.com,https://coinxpool.com/,https://miningpoolstats.stream/bitcoinblu; https://miningpoolstats.stream/deutscheemark; https://miningpoolstats.stream/digibyte-sha; https://miningpoolstats.stream/fuertecoin; https://miningpoolstats.stream/gaelium; https://miningpoolstats.stream/luckypepe; https://miningpoolstats.stream/menelikcoin; https://miningpoolstats.stream/mydogecoin,https://miningpoolstats.stream/sitemap.xml,directory,candidate,2026-09-07,2026-09-07,Pool website URL extracted from MiningPoolStats data file for bitcoinblu.
collective-b.net,mine.collective-b.net,https://mine.collective-b.net/,https://miningpoolstats.stream/avian-minotaurx; https://miningpoolstats.stream/avian-x16rt; https://miningpoolstats.stream/garlicoin,https://miningpoolstats.stream/sitemap.xml,directory,candidate,2026-09-07,2026-09-07,Pool website URL extracted from MiningPoolStats data file for avian-minotaurx.
collective-b.net,xbtx.collective-b.net,https://xbtx.collective-b.net/,https://miningpoolstats.stream/bitcoinsubsidium,https://miningpoolstats.stream/sitemap.xml,directory,candidate,2026-09-07,2026-09-07,Pool website URL extracted from MiningPoolStats data file for bitcoinsubsidium.
coolmine.top,coolmine.top,https://coolmine.top/,https://miningpoolstats.stream/hush; https://miningpoolstats.stream/komodo; https://miningpoolstats.stream/piratechain,https://miningpoolstats.stream/sitemap.xml,directory,candidate,2026-09-07,2026-09-07,Pool website URL extracted from MiningPoolStats data file for hush.
coolpool.top,coolpool.top,https://coolpool.top/,https://miningpoolstats.stream/bitnetmoney; https://miningpoolstats.stream/cyberchain; https://miningpoolstats.stream/ethereumclassic; https://miningpoolstats.stream/ethereumpow; https://miningpoolstats.stream/etho; https://miningpoolstats.stream/etica; https://miningpoolstats.stream/frencoin; https://miningpoolstats.stream/gaelium; https://miningpoolstats.stream/neurai; https://miningpoolstats.stream/octaspace; https://miningpoolstats.stream/parallax; https://miningpoolstats.stream/ravencoin; https://miningpoolstats.stream/virbicoin,https://miningpoolstats.stream/sitemap.xml,directory,candidate,2026-09-07,2026-09-07,Pool website URL extracted from MiningPoolStats data file for bitnetmoney.
corepool.cloud,corepool.cloud,https://corepool.cloud/,https://miningpoolstats.stream/ravencoin,https://miningpoolstats.stream/sitemap.xml,directory,candidate,2026-09-07,2026-09-07,Pool website URL extracted from MiningPoolStats data file for ravencoin.
cpu-pool.com,cpu-pool.com,http://cpu-pool.com/,https://miningpoolstats.stream/adventurecoin; https://miningpoolstats.stream/crionic; https://miningpoolstats.stream/fennec; https://miningpoolstats.stream/tidecoin; https://miningpoolstats.stream/uraniumx; https://miningpoolstats.stream/yenten,https://miningpoolstats.stream/sitemap.xml,directory,candidate,2026-09-07,2026-09-07,Pool website URL extracted from MiningPoolStats data file for adventurecoin.
cpuchain.org,pool.cpuchain.org,https://pool.cpuchain.org/,https://miningpoolstats.stream/cpuchain,https://miningpoolstats.stream/sitemap.xml,directory,candidate,2026-09-07,2026-09-07,Pool website URL extracted from MiningPoolStats data file for cpuchain.
crazypool.org,etc.crazypool.org,https://etc.crazypool.org/,https://miningpoolstats.stream/ethereumclassic,https://miningpoolstats.stream/sitemap.xml,directory,candidate,2026-09-07,2026-09-07,Pool website URL extracted from MiningPoolStats data file for ethereumclassic.
crazypool.org,octa.crazypool.org,https://octa.crazypool.org/,https://miningpoolstats.stream/octaspace,https://miningpoolstats.stream/sitemap.xml,directory,candidate,2026-09-07,2026-09-07,Pool website URL extracted from MiningPoolStats data file for octaspace.
cruxpool.com,cruxpool.com,https://cruxpool.com/,https://miningpoolstats.stream/bitcoin; https://miningpoolstats.stream/ergo; https://miningpoolstats.stream/ethereumclassic; https://miningpoolstats.stream/flux; https://miningpoolstats.stream/kaspa; https://miningpoolstats.stream/ravencoin,https://miningpoolstats.stream/sitemap.xml,directory,candidate,2026-09-07,2026-09-07,Pool website URL extracted from MiningPoolStats data file for bitcoin.
cryptix-network.org,pool.cryptix-network.org,https://pool.cryptix-network.org/,https://miningpoolstats.stream/cryptix,https://miningpoolstats.stream/sitemap.xml,directory,candidate,2026-09-07,2026-09-07,Pool website URL extracted from MiningPoolStats data file for cryptix.
crypto-eire.com,crypto-eire.com,https://crypto-eire.com/,https://miningpoolstats.stream/bitcoin; https://miningpoolstats.stream/bitcoin3; https://miningpoolstats.stream/bitcoincash; https://miningpoolstats.stream/bitcoincash2; https://miningpoolstats.stream/bitcoinii; https://miningpoolstats.stream/bitcoinsilver; https://miningpoolstats.stream/cheetahcoin; https://miningpoolstats.stream/dogecoin; https://miningpoolstats.stream/elevenseventyfive; https://miningpoolstats.stream/fjarcode; https://miningpoolstats.stream/xerocoin,https://miningpoolstats.stream/sitemap.xml,directory,candidate,2026-09-07,2026-09-07,Pool website URL extracted from MiningPoolStats data file for bitcoin.
cryptoadhd.com,maza.cryptoadhd.com,https://maza.cryptoadhd.com/,https://miningpoolstats.stream/mazacoin-sha,https://miningpoolstats.stream/sitemap.xml,directory,candidate,2026-09-07,2026-09-07,Pool website URL extracted from MiningPoolStats data file for mazacoin-sha.
cryptopool.site,cryptopool.site,http://cryptopool.site/,https://miningpoolstats.stream/litecoincash-minotaurx; https://miningpoolstats.stream/obidoge,https://miningpoolstats.stream/sitemap.xml,directory,candidate,2026-09-07,2026-09-07,Pool website URL extracted from MiningPoolStats data file for litecoincash-minotaurx.
customspeed.nl,pool.customspeed.nl,http://pool.customspeed.nl/,https://miningpoolstats.stream/bellcoin; https://miningpoolstats.stream/sugarchain,https://miningpoolstats.stream/sitemap.xml,directory,candidate,2026-09-07,2026-09-07,Pool website URL extracted from MiningPoolStats data file for bellcoin.
cyberpool.pro,cyberpool.pro,https://cyberpool.pro/,https://miningpoolstats.stream/bitcoinblu; https://miningpoolstats.stream/bitcoincash2; https://miningpoolstats.stream/bitcoinii; https://miningpoolstats.stream/debitmydata; https://miningpoolstats.stream/digibyte-sha; https://miningpoolstats.stream/elevenseventyfive; https://miningpoolstats.stream/fixedcoin; https://miningpoolstats.stream/hypercoin; https://miningpoolstats.stream/nitocoin; https://miningpoolstats.stream/ordexcoin; https://miningpoolstats.stream/peercoin; https://miningpoolstats.stream/vertcoin; https://miningpoolstats.stream/wojakcoin; https://miningpoolstats.stream/xerocoin,https://miningpoolstats.stream/sitemap.xml,directory,candidate,2026-09-07,2026-09-07,Pool website URL extracted from MiningPoolStats data file for bitcoinblu.
Czech,czech.farm,https://czech.farm/,https://miningpoolstats.stream/chia,https://miningpoolstats.stream/sitemap.xml,directory,candidate,2026-09-07,2026-09-07,Pool website URL extracted from MiningPoolStats data file for chia.
dagnam.xyz,dagnam.xyz,https://dagnam.xyz/,https://miningpoolstats.stream/bitcoinpurple; https://miningpoolstats.stream/deutscheemark; https://miningpoolstats.stream/floofychain; https://miningpoolstats.stream/mooncoin; https://miningpoolstats.stream/swampcoin; https://miningpoolstats.stream/yenten,https://miningpoolstats.stream/sitemap.xml,directory,candidate,2026-09-07,2026-09-07,Pool website URL extracted from MiningPoolStats data file for bitcoinpurple.
dapool.io,dapool.io,https://dapool.io/,https://miningpoolstats.stream/ycash,https://miningpoolstats.stream/sitemap.xml,directory,candidate,2026-09-07,2026-09-07,Pool website URL extracted from MiningPoolStats data file for ycash.
darkfibermines.com,btcz.darkfibermines.com,https://btcz.darkfibermines.com/,https://miningpoolstats.stream/bitcoinz,https://miningpoolstats.stream/sitemap.xml,directory,candidate,2026-09-07,2026-09-07,Pool website URL extracted from MiningPoolStats data file for bitcoinz.
darkfibermines.com,coins.darkfibermines.com,https://coins.darkfibermines.com/,https://miningpoolstats.stream/garlicoin; https://miningpoolstats.stream/pepecoin,https://miningpoolstats.stream/sitemap.xml,directory,candidate,2026-09-07,2026-09-07,Pool website URL extracted from MiningPoolStats data file for garlicoin.
darkfibermines.com,xsg.darkfibermines.com,https://xsg.darkfibermines.com/,https://miningpoolstats.stream/litecoinz; https://miningpoolstats.stream/ycash,https://miningpoolstats.stream/sitemap.xml,directory,candidate,2026-09-07,2026-09-07,Pool website URL extracted from MiningPoolStats data file for litecoinz.
darth999pool.selfhost.co,darth999pool.selfhost.co,http://darth999pool.selfhost.co/,https://miningpoolstats.stream/auroracoin-sha; https://miningpoolstats.stream/aurumcrypto; https://miningpoolstats.stream/deutscheemark,https://miningpoolstats.stream/sitemap.xml,directory,candidate,2026-09-07,2026-09-07,Pool website URL extracted from MiningPoolStats data file for auroracoin-sha.
debitmydata.io,pool.debitmydata.io,https://pool.debitmydata.io/,https://miningpoolstats.stream/debitmydata,https://miningpoolstats.stream/sitemap.xml,directory,candidate,2026-09-07,2026-09-07,Pool website URL extracted from MiningPoolStats data file for debitmydata.
deepminerz.com,pool.deepminerz.com,https://pool.deepminerz.com/,https://miningpoolstats.stream/dynexcoin,https://miningpoolstats.stream/sitemap.xml,directory,candidate,2026-09-07,2026-09-07,Pool website URL extracted from MiningPoolStats data file for dynexcoin.
Dero,dero.rabidmining.com,https://dero.rabidmining.com/,https://miningpoolstats.stream/dero,https://miningpoolstats.stream/sitemap.xml,directory,candidate,2026-09-07,2026-09-07,Pool website URL extracted from MiningPoolStats data file for dero.
Dero Node,dero-node.net,https://dero-node.net/,https://miningpoolstats.stream/dero,https://miningpoolstats.stream/sitemap.xml,directory,candidate,2026-09-07,2026-09-07,Pool website URL extracted from MiningPoolStats data file for dero.
dgb256.online,dgb256.online,https://dgb256.online/,https://miningpoolstats.stream/digibyte-sha,https://miningpoolstats.stream/sitemap.xml,directory,candidate,2026-09-07,2026-09-07,Pool website URL extracted from MiningPoolStats data file for digibyte-sha.
dgb256.online,odo.dgb256.online,https://odo.dgb256.online/,https://miningpoolstats.stream/digibyte-odocrypt,https://miningpoolstats.stream/sitemap.xml,directory,candidate,2026-09-07,2026-09-07,Pool website URL extracted from MiningPoolStats data file for digibyte-odocrypt.
Diffpool,diffpool.xyz,https://diffpool.xyz/,https://miningpoolstats.stream/oggcoin,https://miningpoolstats.stream/sitemap.xml,directory,candidate,2026-09-07,2026-09-07,Pool website URL extracted from MiningPoolStats data file for oggcoin.
Digibyte,digibyte.solominer.net,https://digibyte.solominer.net/,https://miningpoolstats.stream/digibyte-sha,https://miningpoolstats.stream/sitemap.xml,directory,candidate,2026-09-07,2026-09-07,Pool website URL extracted from MiningPoolStats data file for digibyte-sha.
digibyte.io,digihash.digibyte.io,https://digihash.digibyte.io/,https://miningpoolstats.stream/digibyte-odocrypt; https://miningpoolstats.stream/digibyte-qubit; https://miningpoolstats.stream/digibyte-scrypt; https://miningpoolstats.stream/digibyte-sha; https://miningpoolstats.stream/digibyte-skein,https://miningpoolstats.stream/sitemap.xml,directory,candidate,2026-09-07,2026-09-07,Pool website URL extracted from MiningPoolStats data file for digibyte-odocrypt.
digiminer.co.uk,gntl.digiminer.co.uk,https://gntl.digiminer.co.uk/,https://miningpoolstats.stream/gntlcoin,https://miningpoolstats.stream/sitemap.xml,directory,candidate,2026-09-07,2026-09-07,Pool website URL extracted from MiningPoolStats data file for gntlcoin.
dime-pool.com,dime-pool.com,https://dime-pool.com/,https://miningpoolstats.stream/dimecoin,https://miningpoolstats.stream/sitemap.xml,directory,candidate,2026-09-07,2026-09-07,Pool website URL extracted from MiningPoolStats data file for dimecoin.
dmzpool.pangz.space,dmzpool.pangz.space,https://dmzpool.pangz.space/,https://miningpoolstats.stream/veruscoin,https://miningpoolstats.stream/sitemap.xml,directory,candidate,2026-09-07,2026-09-07,Pool website URL extracted from MiningPoolStats data file for veruscoin.
dogejones.com,evox.dogejones.com,https://evox.dogejones.com/,https://miningpoolstats.stream/evolution,https://miningpoolstats.stream/sitemap.xml,directory,candidate,2026-09-07,2026-09-07,Pool website URL extracted from MiningPoolStats data file for evolution.
doriancoin.com,pool.doriancoin.com,https://pool.doriancoin.com/,https://miningpoolstats.stream/doriancoin,https://miningpoolstats.stream/sitemap.xml,directory,candidate,2026-09-07,2026-09-07,Pool website URL extracted from MiningPoolStats data file for doriancoin.
downunderpool.xyz,downunderpool.xyz,https://downunderpool.xyz/,https://miningpoolstats.stream/bitcoin,https://miningpoolstats.stream/sitemap.xml,directory,candidate,2026-09-07,2026-09-07,Pool website URL extracted from MiningPoolStats data file for bitcoin.
duckiepool.com,duckiepool.com,https://duckiepool.com/,https://miningpoolstats.stream/digitalnote,https://miningpoolstats.stream/sitemap.xml,directory,candidate,2026-09-07,2026-09-07,Pool website URL extracted from MiningPoolStats data file for digitalnote.
dxpool.com,dxpool.com,https://www.dxpool.com/,https://miningpoolstats.stream/aleo; https://miningpoolstats.stream/alephium; https://miningpoolstats.stream/bellscoin; https://miningpoolstats.stream/dogecoin; https://miningpoolstats.stream/litecoin; https://miningpoolstats.stream/monero; https://miningpoolstats.stream/nervos; https://miningpoolstats.stream/scprime; https://miningpoolstats.stream/siacoin; https://miningpoolstats.stream/tari-sha3x,https://miningpoolstats.stream/sitemap.xml,directory,candidate,2026-09-07,2026-09-07,Pool website URL extracted from MiningPoolStats data file for aleo.
Eggpool,eggpool.net,http://eggpool.net/,https://miningpoolstats.stream/bismuth,https://miningpoolstats.stream/sitemap.xml,directory,candidate,2026-09-07,2026-09-07,Pool website URL extracted from MiningPoolStats data file for bismuth.
emcd.io,emcd.io,https://emcd.io/,https://miningpoolstats.stream/alephium; https://miningpoolstats.stream/bellscoin; https://miningpoolstats.stream/bitcoin; https://miningpoolstats.stream/bitcoincash; https://miningpoolstats.stream/dash; https://miningpoolstats.stream/dingocoin; https://miningpoolstats.stream/dogecoin; https://miningpoolstats.stream/ethereumclassic; https://miningpoolstats.stream/fractalbitcoin-mergedsha; https://miningpoolstats.stream/junkcoin; https://miningpoolstats.stream/kaspa; https://miningpoolstats.stream/litecoin; https://miningpoolstats.stream/luckycoin; https://miningpoolstats.stream/pepecoin,https://miningpoolstats.stream/sitemap.xml,directory,candidate,2026-09-07,2026-09-07,Pool website URL extracted from MiningPoolStats data file for alephium.
epicmine.io,epicmine.io,https://epicmine.io/,https://miningpoolstats.stream/epiccash-cuckoo; https://miningpoolstats.stream/epiccash-progpow; https://miningpoolstats.stream/epiccash-randomx,https://miningpoolstats.stream/sitemap.xml,directory,candidate,2026-09-07,2026-09-07,Pool website URL extracted from MiningPoolStats data file for epiccash-cuckoo.
Equal,equal.xdagminer.com,https://equal.xdagminer.com/,https://miningpoolstats.stream/dagger,https://miningpoolstats.stream/sitemap.xml,directory,candidate,2026-09-07,2026-09-07,Pool website URL extracted from MiningPoolStats data file for dagger.
Eternalzero,eternalzero.io,https://eternalzero.io/,https://miningpoolstats.stream/zeroclassic,https://miningpoolstats.stream/sitemap.xml,directory,candidate,2026-09-07,2026-09-07,Pool website URL extracted from MiningPoolStats data file for zeroclassic.
ethcore.ru,ethcore.ru,https://ethcore.ru/,https://miningpoolstats.stream/ethereumclassic; https://miningpoolstats.stream/ethereumpow; https://miningpoolstats.stream/firo; https://miningpoolstats.stream/neurai; https://miningpoolstats.stream/nexa; https://miningpoolstats.stream/octaspace; https://miningpoolstats.stream/radiant; https://miningpoolstats.stream/raptoreum; https://miningpoolstats.stream/ravencoin; https://miningpoolstats.stream/vertcoin; https://miningpoolstats.stream/warthog; https://miningpoolstats.stream/xelis; https://miningpoolstats.stream/zano,https://miningpoolstats.stream/sitemap.xml,directory,candidate,2026-09-07,2026-09-07,Pool website URL extracted from MiningPoolStats data file for ethereumclassic.
Etho,etho.minethepla.net,http://etho.minethepla.net/,https://miningpoolstats.stream/etho,https://miningpoolstats.stream/sitemap.xml,directory,candidate,2026-09-07,2026-09-07,Pool website URL extracted from MiningPoolStats data file for etho.
Eti,eti.etica-stats.org,https://eti.etica-stats.org/,https://miningpoolstats.stream/etica_eti,https://miningpoolstats.stream/sitemap.xml,directory,candidate,2026-09-07,2026-09-07,Pool website URL extracted from MiningPoolStats data file for etica_eti.
Etica,etica.xdagreef.org,https://etica.xdagreef.org/,https://miningpoolstats.stream/etica_eti,https://miningpoolstats.stream/sitemap.xml,directory,candidate,2026-09-07,2026-09-07,Pool website URL extracted from MiningPoolStats data file for etica_eti.
etica-stats.org,egaz.etica-stats.org,https://egaz.etica-stats.org/,https://miningpoolstats.stream/etica,https://miningpoolstats.stream/sitemap.xml,directory,candidate,2026-09-07,2026-09-07,Pool website URL extracted from MiningPoolStats data file for etica.
Eticapool,eticapool.com,http://eticapool.com/,https://miningpoolstats.stream/etica_eti,https://miningpoolstats.stream/sitemap.xml,directory,candidate,2026-09-07,2026-09-07,Pool website URL extracted from MiningPoolStats data file for etica_eti.
Evrpool,evrpool.com,http://evrpool.com/,https://miningpoolstats.stream/evrmorecoin,https://miningpoolstats.stream/sitemap.xml,directory,candidate,2026-09-07,2026-09-07,Pool website URL extracted from MiningPoolStats data file for evrmorecoin.
Excc Pplns,excc-pplns.techminehub.com,https://excc-pplns.techminehub.com/,https://miningpoolstats.stream/exchangecoin,https://miningpoolstats.stream/sitemap.xml,directory,candidate,2026-09-07,2026-09-07,Pool website URL extracted from MiningPoolStats data file for exchangecoin.
f2pool.com,f2pool.com,https://www.f2pool.com/,https://miningpoolstats.stream/aleo; https://miningpoolstats.stream/alephium; https://miningpoolstats.stream/bellscoin; https://miningpoolstats.stream/bitcoin; https://miningpoolstats.stream/bitcoincash; https://miningpoolstats.stream/conflux; https://miningpoolstats.stream/craftcoin; https://miningpoolstats.stream/dash; https://miningpoolstats.stream/dingocoin; https://miningpoolstats.stream/dogecoin; https://miningpoolstats.stream/elastos; https://miningpoolstats.stream/ethereumclassic; https://miningpoolstats.stream/ethereumpow; https://miningpoolstats.stream/junkcoin; https://miningpoolstats.stream/kaspa; https://miningpoolstats.stream/litecoin; https://miningpoolstats.stream/luckycoin; https://miningpoolstats.stream/namecoin; https://miningpoolstats.stream/nervos; https://miningpoolstats.stream/nexa; https://miningpoolstats.stream/pearl; https://miningpoolstats.stream/pepecoin; https://miningpoolstats.stream/shibacoin; https://miningpoolstats.stream/siacoin; https://miningpoolstats.stream/trumpow; https://miningpoolstats.stream/zcash,https://miningpoolstats.stream/sitemap.xml,directory,candidate,2026-09-07,2026-09-07,Pool website URL extracted from MiningPoolStats data file for aleo.
f2pool.com,f2pool.kz,https://www.f2pool.kz/,https://miningpoolstats.stream/bitcoin,https://miningpoolstats.stream/sitemap.xml,directory,candidate,2026-09-07,2026-09-07,Pool website URL extracted from MiningPoolStats data file for bitcoin.
f4pool.com,f4pool.com,https://f4pool.com/,https://miningpoolstats.stream/alephium; https://miningpoolstats.stream/gaelium,https://miningpoolstats.stream/sitemap.xml,directory,candidate,2026-09-07,2026-09-07,Pool website URL extracted from MiningPoolStats data file for alephium.
fairbrixpool.com,fairbrixpool.com,https://fairbrixpool.com/,https://miningpoolstats.stream/fairbrix,https://miningpoolstats.stream/sitemap.xml,directory,candidate,2026-09-07,2026-09-07,Pool website URL extracted from MiningPoolStats data file for fairbrix.
fairminingpool.com,fairminingpool.com,https://fairminingpool.com/,https://miningpoolstats.stream/c64chain,https://miningpoolstats.stream/sitemap.xml,directory,candidate,2026-09-07,2026-09-07,Pool website URL extracted from MiningPoolStats data file for c64chain.
Fairpool,fairpool.network,https://fairpool.network/,https://miningpoolstats.stream/fractalbitcoin-sha,https://miningpoolstats.stream/sitemap.xml,directory,candidate,2026-09-07,2026-09-07,Pool website URL extracted from MiningPoolStats data file for fractalbitcoin-sha.
fastpool.xyz,dero.fastpool.xyz,https://dero.fastpool.xyz/,https://miningpoolstats.stream/dero,https://miningpoolstats.stream/sitemap.xml,directory,candidate,2026-09-07,2026-09-07,Pool website URL extracted from MiningPoolStats data file for dero.
fastpool.xyz,fastpool.xyz,https://fastpool.xyz/,https://miningpoolstats.stream/aeon; https://miningpoolstats.stream/arqma; https://miningpoolstats.stream/bitcoincash; https://miningpoolstats.stream/conceal; https://miningpoolstats.stream/digibyte-sha; https://miningpoolstats.stream/dogecoin; https://miningpoolstats.stream/gntlcoin; https://miningpoolstats.stream/kryptokrona; https://miningpoolstats.stream/litecoin; https://miningpoolstats.stream/mazacoin-minotaurx; https://miningpoolstats.stream/meowcoin-meowpow; https://miningpoolstats.stream/monero; https://miningpoolstats.stream/monerov; https://miningpoolstats.stream/neoxa; https://miningpoolstats.stream/neurai; https://miningpoolstats.stream/nirmata; https://miningpoolstats.stream/pascalcoin; https://miningpoolstats.stream/quantumrl; https://miningpoolstats.stream/raptoreum; https://miningpoolstats.stream/ravencoin; https://miningpoolstats.stream/ryo; https://miningpoolstats.stream/salvium; https://miningpoolstats.stream/satoxcoin; https://miningpoolstats.stream/scala; https://miningpoolstats.stream/swap; https://miningpoolstats.stream/ultranoteinfinity; https://miningpoolstats.stream/veil-randomx; https://miningpoolstats.stream/veruscoin; https://miningpoolstats.stream/zano; https://miningpoolstats.stream/zephyr,https://miningpoolstats.stream/sitemap.xml,directory,candidate,2026-09-07,2026-09-07,Pool website URL extracted from MiningPoolStats data file for aeon.
fenixpool.com,fenixpool.com,https://fenixpool.com/,https://miningpoolstats.stream/auroracoin-qubit; https://miningpoolstats.stream/auroracoin-sha; https://miningpoolstats.stream/bitcoin; https://miningpoolstats.stream/bitcoincash; https://miningpoolstats.stream/dash; https://miningpoolstats.stream/digibyte-odocrypt; https://miningpoolstats.stream/digibyte-qubit; https://miningpoolstats.stream/digibyte-scrypt; https://miningpoolstats.stream/digibyte-sha; https://miningpoolstats.stream/digibyte-skein; https://miningpoolstats.stream/dogecoin; https://miningpoolstats.stream/ecash; https://miningpoolstats.stream/ergo; https://miningpoolstats.stream/firo; https://miningpoolstats.stream/litecoin; https://miningpoolstats.stream/litecoincash-sha; https://miningpoolstats.stream/monero; https://miningpoolstats.stream/namecoin; https://miningpoolstats.stream/peercoin; https://miningpoolstats.stream/zcash,https://miningpoolstats.stream/sitemap.xml,directory,candidate,2026-09-07,2026-09-07,Pool website URL extracted from MiningPoolStats data file for auroracoin-qubit.
fennecblockchain.com,mine.fennecblockchain.com,https://mine.fennecblockchain.com/,https://miningpoolstats.stream/fennec,https://miningpoolstats.stream/sitemap.xml,directory,candidate,2026-09-07,2026-09-07,Pool website URL extracted from MiningPoolStats data file for fennec.
fewbit.online,pool.fewbit.online,https://pool.fewbit.online/,https://miningpoolstats.stream/bitcoin; https://miningpoolstats.stream/btgscoin; https://miningpoolstats.stream/fewbit,https://miningpoolstats.stream/sitemap.xml,directory,candidate,2026-09-07,2026-09-07,Pool website URL extracted from MiningPoolStats data file for bitcoin.
Ffarmers,ffarmers.eu,https://ffarmers.eu/,https://miningpoolstats.stream/chia,https://miningpoolstats.stream/sitemap.xml,directory,candidate,2026-09-07,2026-09-07,Pool website URL extracted from MiningPoolStats data file for chia.
fhpool.net,fhpool.net,https://fhpool.net/,https://miningpoolstats.stream/plexhive-sha,https://miningpoolstats.stream/sitemap.xml,directory,candidate,2026-09-07,2026-09-07,Pool website URL extracted from MiningPoolStats data file for plexhive-sha.
Findchia,findchia.com,https://findchia.com/,https://miningpoolstats.stream/chia,https://miningpoolstats.stream/sitemap.xml,directory,candidate,2026-09-07,2026-09-07,Pool website URL extracted from MiningPoolStats data file for chia.
findmyblock.xyz,bch.findmyblock.xyz,https://bch.findmyblock.xyz/,https://miningpoolstats.stream/bitcoincash,https://miningpoolstats.stream/sitemap.xml,directory,candidate,2026-09-07,2026-09-07,Pool website URL extracted from MiningPoolStats data file for bitcoincash.
findmyblock.xyz,findmyblock.xyz,https://findmyblock.xyz/,https://miningpoolstats.stream/bitcoin,https://miningpoolstats.stream/sitemap.xml,directory,candidate,2026-09-07,2026-09-07,Pool website URL extracted from MiningPoolStats data file for bitcoin.
firepool.io,firepool.io,https://firepool.io/,https://miningpoolstats.stream/bitcoin; https://miningpoolstats.stream/bitcoincash; https://miningpoolstats.stream/bitcoinsilver; https://miningpoolstats.stream/digibyte-sha,https://miningpoolstats.stream/sitemap.xml,directory,candidate,2026-09-07,2026-09-07,Pool website URL extracted from MiningPoolStats data file for bitcoin.
Flockpool,flockpool.com,https://flockpool.com/,https://miningpoolstats.stream/raptoreum,https://miningpoolstats.stream/sitemap.xml,directory,candidate,2026-09-07,2026-09-07,Pool website URL extracted from MiningPoolStats data file for raptoreum.
foundry-block.com,foundry-block.com,https://foundry-block.com/,https://miningpoolstats.stream/smartiecoin,https://miningpoolstats.stream/sitemap.xml,directory,candidate,2026-09-07,2026-09-07,Pool website URL extracted from MiningPoolStats data file for smartiecoin.
foundry-block.com,urx.foundry-block.com,https://urx.foundry-block.com/,https://miningpoolstats.stream/uraniumx,https://miningpoolstats.stream/sitemap.xml,directory,candidate,2026-09-07,2026-09-07,Pool website URL extracted from MiningPoolStats data file for uraniumx.
foundrydigital.com,foundrydigital.com,https://foundrydigital.com/,https://miningpoolstats.stream/bitcoin; https://miningpoolstats.stream/zcash,https://miningpoolstats.stream/sitemap.xml,directory,candidate,2026-09-07,2026-09-07,Pool website URL extracted from MiningPoolStats data file for bitcoin.
foxypool.io,chia.foxypool.io,https://chia.foxypool.io/,https://miningpoolstats.stream/chia,https://miningpoolstats.stream/sitemap.xml,directory,candidate,2026-09-07,2026-09-07,Pool website URL extracted from MiningPoolStats data file for chia.
foztor.net,pepepow.foztor.net,https://pepepow.foztor.net/,https://miningpoolstats.stream/pepepow,https://miningpoolstats.stream/sitemap.xml,directory,candidate,2026-09-07,2026-09-07,Pool website URL extracted from MiningPoolStats data file for pepepow.
Freshgrlc,freshgrlc.net,https://freshgrlc.net/,https://miningpoolstats.stream/garlicoin,https://miningpoolstats.stream/sitemap.xml,directory,candidate,2026-09-07,2026-09-07,Pool website URL extracted from MiningPoolStats data file for garlicoin.
Frjoga,frjoga.com,https://frjoga.com/,https://miningpoolstats.stream/monero,https://miningpoolstats.stream/sitemap.xml,directory,candidate,2026-09-07,2026-09-07,Pool website URL extracted from MiningPoolStats data file for monero.
Frogpool,frogpool.ae,https://frogpool.ae/,https://miningpoolstats.stream/bitcoin,https://miningpoolstats.stream/sitemap.xml,directory,candidate,2026-09-07,2026-09-07,Pool website URL extracted from MiningPoolStats data file for bitcoin.
fujicoin.org,pool1.fujicoin.org,http://pool1.fujicoin.org/,https://miningpoolstats.stream/fujicoin,https://miningpoolstats.stream/sitemap.xml,directory,candidate,2026-09-07,2026-09-07,Pool website URL extracted from MiningPoolStats data file for fujicoin.
fujicoin.org,pool2.fujicoin.org,http://pool2.fujicoin.org/,https://miningpoolstats.stream/fujicoin,https://miningpoolstats.stream/sitemap.xml,directory,candidate,2026-09-07,2026-09-07,Pool website URL extracted from MiningPoolStats data file for fujicoin.
fusionpool.pro,bch2.fusionpool.pro,https://bch2.fusionpool.pro/,https://miningpoolstats.stream/bitcoincash2,https://miningpoolstats.stream/sitemap.xml,directory,candidate,2026-09-07,2026-09-07,Pool website URL extracted from MiningPoolStats data file for bitcoincash2.
fusionpool.pro,dgb.fusionpool.pro,https://dgb.fusionpool.pro/,https://miningpoolstats.stream/digibyte-sha,https://miningpoolstats.stream/sitemap.xml,directory,candidate,2026-09-07,2026-09-07,Pool website URL extracted from MiningPoolStats data file for digibyte-sha.
fyn-ex.uk,fyn-ex.uk,https://fyn-ex.uk/,https://miningpoolstats.stream/hoosat; https://miningpoolstats.stream/waglayla,https://miningpoolstats.stream/sitemap.xml,directory,candidate,2026-09-07,2026-09-07,Pool website URL extracted from MiningPoolStats data file for hoosat.
Gaeapool,gaeapool.com,https://gaeapool.com/,https://miningpoolstats.stream/grin,https://miningpoolstats.stream/sitemap.xml,directory,candidate,2026-09-07,2026-09-07,Pool website URL extracted from MiningPoolStats data file for grin.
gaelium.io,pool.gaelium.io,https://pool.gaelium.io/,https://miningpoolstats.stream/gaelium,https://miningpoolstats.stream/sitemap.xml,directory,candidate,2026-09-07,2026-09-07,Pool website URL extracted from MiningPoolStats data file for gaelium.
Gaelpool,gaelpool.com,https://gaelpool.com/,https://miningpoolstats.stream/gaelium,https://miningpoolstats.stream/sitemap.xml,directory,candidate,2026-09-07,2026-09-07,Pool website URL extracted from MiningPoolStats data file for gaelium.
gamikpool.com,gamikpool.com,https://gamikpool.com/,https://miningpoolstats.stream/aureus; https://miningpoolstats.stream/bitcoin; https://miningpoolstats.stream/bitcoinblu; https://miningpoolstats.stream/bitcoincash; https://miningpoolstats.stream/bitcoincash2; https://miningpoolstats.stream/bitcoinii; https://miningpoolstats.stream/bitcoinsilver; https://miningpoolstats.stream/bitcoinvalue; https://miningpoolstats.stream/btgscoin; https://miningpoolstats.stream/ecash; https://miningpoolstats.stream/elevenseventyfive; https://miningpoolstats.stream/fixedcoin; https://miningpoolstats.stream/mytherra; https://miningpoolstats.stream/nitocoin; https://miningpoolstats.stream/scala; https://miningpoolstats.stream/veruscoin; https://miningpoolstats.stream/vivo; https://miningpoolstats.stream/wojakcoin; https://miningpoolstats.stream/xerocoin,https://miningpoolstats.stream/sitemap.xml,directory,candidate,2026-09-07,2026-09-07,Pool website URL extracted from MiningPoolStats data file for aureus.
gatevia.io,gatevia.io,https://gatevia.io/,https://miningpoolstats.stream/auroracoin-scrypt; https://miningpoolstats.stream/auroracoin-sha; https://miningpoolstats.stream/bitcoincash; https://miningpoolstats.stream/bitcoincash2; https://miningpoolstats.stream/digibyte-scrypt; https://miningpoolstats.stream/gateviacoin; https://miningpoolstats.stream/hypercoin; https://miningpoolstats.stream/mundoteam; https://miningpoolstats.stream/mydogecoin; https://miningpoolstats.stream/ordexcoin; https://miningpoolstats.stream/smartiecoin; https://miningpoolstats.stream/veco; https://miningpoolstats.stream/wojakcoin,https://miningpoolstats.stream/sitemap.xml,directory,candidate,2026-09-07,2026-09-07,Pool website URL extracted from MiningPoolStats data file for auroracoin-scrypt.
Gayfishpool,gayfishpool.com,https://gayfishpool.com/,https://miningpoolstats.stream/coinye,https://miningpoolstats.stream/sitemap.xml,directory,candidate,2026-09-07,2026-09-07,Pool website URL extracted from MiningPoolStats data file for coinye.
gntl.cash,pool.gntl.cash,https://pool.gntl.cash/,https://miningpoolstats.stream/gntlcoin,https://miningpoolstats.stream/sitemap.xml,directory,candidate,2026-09-07,2026-09-07,Pool website URL extracted from MiningPoolStats data file for gntlcoin.
gntl.uk,ccx.gntl.uk,https://ccx.gntl.uk/,https://miningpoolstats.stream/conceal,https://miningpoolstats.stream/sitemap.xml,directory,candidate,2026-09-07,2026-09-07,Pool website URL extracted from MiningPoolStats data file for conceal.
gntl.uk,pool.gntl.uk,https://pool.gntl.uk/,https://miningpoolstats.stream/gntlcoin,https://miningpoolstats.stream/sitemap.xml,directory,candidate,2026-09-07,2026-09-07,Pool website URL extracted from MiningPoolStats data file for gntlcoin.
gntl.uk,ryo.gntl.uk,https://ryo.gntl.uk/,https://miningpoolstats.stream/ryo,https://miningpoolstats.stream/sitemap.xml,directory,candidate,2026-09-07,2026-09-07,Pool website URL extracted from MiningPoolStats data file for ryo.
gntl.uk,xmr.gntl.uk,https://xmr.gntl.uk/,https://miningpoolstats.stream/monero,https://miningpoolstats.stream/sitemap.xml,directory,candidate,2026-09-07,2026-09-07,Pool website URL extracted from MiningPoolStats data file for monero.
go-poolmining.com,eu.go-poolmining.com,https://eu.go-poolmining.com/,https://miningpoolstats.stream/bitcoincash; https://miningpoolstats.stream/digibyte-sha; https://miningpoolstats.stream/hypercoin; https://miningpoolstats.stream/litecoincash-sha,https://miningpoolstats.stream/sitemap.xml,directory,candidate,2026-09-07,2026-09-07,Pool website URL extracted from MiningPoolStats data file for bitcoincash.
gokby.com,gokby.com,https://gokby.com/,https://miningpoolstats.stream/bitcoin; https://miningpoolstats.stream/bitcoincash; https://miningpoolstats.stream/litecoin; https://miningpoolstats.stream/litecoincash-sha,https://miningpoolstats.stream/sitemap.xml,directory,candidate,2026-09-07,2026-09-07,Pool website URL extracted from MiningPoolStats data file for bitcoin.
goldcoinpool.com,goldcoinpool.com,https://goldcoinpool.com/,https://miningpoolstats.stream/goldcoin,https://miningpoolstats.stream/sitemap.xml,directory,candidate,2026-09-07,2026-09-07,Pool website URL extracted from MiningPoolStats data file for goldcoin.
gonspool.com,web.gonspool.com,https://web.gonspool.com/,https://miningpoolstats.stream/mintmecoin,https://miningpoolstats.stream/sitemap.xml,directory,candidate,2026-09-07,2026-09-07,Pool website URL extracted from MiningPoolStats data file for mintmecoin.
gorillanode.io,gorillanode.io,https://gorillanode.io/,https://miningpoolstats.stream/bitcoinsv,https://miningpoolstats.stream/sitemap.xml,directory,candidate,2026-09-07,2026-09-07,Pool website URL extracted from MiningPoolStats data file for bitcoinsv.
gorillapool.io,gorillapool.io,https://gorillapool.io/,https://miningpoolstats.stream/bitcoinsv,https://miningpoolstats.stream/sitemap.xml,directory,candidate,2026-09-07,2026-09-07,Pool website URL extracted from MiningPoolStats data file for bitcoinsv.
grandpool.io,grandpool.io,https://grandpool.io/,https://miningpoolstats.stream/bitcoin; https://miningpoolstats.stream/bitcoincash; https://miningpoolstats.stream/digibyte-sha; https://miningpoolstats.stream/mimblewimble; https://miningpoolstats.stream/nexa; https://miningpoolstats.stream/pearl; https://miningpoolstats.stream/peercoin; https://miningpoolstats.stream/xelis; https://miningpoolstats.stream/zcash,https://miningpoolstats.stream/sitemap.xml,directory,candidate,2026-09-07,2026-09-07,Pool website URL extracted from MiningPoolStats data file for bitcoin.
grinmint.com,grinmint.com,https://grinmint.com/,https://miningpoolstats.stream/grin,https://miningpoolstats.stream/sitemap.xml,directory,candidate,2026-09-07,2026-09-07,Pool website URL extracted from MiningPoolStats data file for grin.
gtpool.io,gtpool.io,https://gtpool.io/,https://miningpoolstats.stream/bitnetmoney; https://miningpoolstats.stream/canxium; https://miningpoolstats.stream/ethereumclassic; https://miningpoolstats.stream/ethereumpow; https://miningpoolstats.stream/etica; https://miningpoolstats.stream/larissa; https://miningpoolstats.stream/octaspace; https://miningpoolstats.stream/parallax,https://miningpoolstats.stream/sitemap.xml,directory,candidate,2026-09-07,2026-09-07,Pool website URL extracted from MiningPoolStats data file for bitnetmoney.
h9.com,h9.com,https://www.h9.com/,https://miningpoolstats.stream/arweave; https://miningpoolstats.stream/btxchain; https://miningpoolstats.stream/chia; https://miningpoolstats.stream/depinc; https://miningpoolstats.stream/pearl; https://miningpoolstats.stream/zephyr,https://miningpoolstats.stream/sitemap.xml,directory,candidate,2026-09-07,2026-09-07,Pool website URL extracted from MiningPoolStats data file for arweave.
hackedpool.com,hackedpool.com,https://hackedpool.com/,https://miningpoolstats.stream/bitcoin; https://miningpoolstats.stream/bitcoincash; https://miningpoolstats.stream/bitcoincash2; https://miningpoolstats.stream/bitcoinii; https://miningpoolstats.stream/digibyte-sha; https://miningpoolstats.stream/mytherra,https://miningpoolstats.stream/sitemap.xml,directory,candidate,2026-09-07,2026-09-07,Pool website URL extracted from MiningPoolStats data file for bitcoin.
Harshy,harshy.site,https://harshy.site/,https://miningpoolstats.stream/bitcoincash,https://miningpoolstats.stream/sitemap.xml,directory,candidate,2026-09-07,2026-09-07,Pool website URL extracted from MiningPoolStats data file for bitcoincash.
hash-hut.net,hash-hut.net,https://hash-hut.net/,https://miningpoolstats.stream/bbqcoin; https://miningpoolstats.stream/bellscoin; https://miningpoolstats.stream/bit; https://miningpoolstats.stream/bitcoin; https://miningpoolstats.stream/bitcoincash; https://miningpoolstats.stream/bitcoinii; https://miningpoolstats.stream/bitcoinsilver; https://miningpoolstats.stream/catcoin; https://miningpoolstats.stream/craftcoin; https://miningpoolstats.stream/cyberyen; https://miningpoolstats.stream/digibyte-scrypt; https://miningpoolstats.stream/digibyte-sha; https://miningpoolstats.stream/dingocoin; https://miningpoolstats.stream/dogecoin; https://miningpoolstats.stream/doichain; https://miningpoolstats.stream/ecash; https://miningpoolstats.stream/fairbrix; https://miningpoolstats.stream/fixedcoin; https://miningpoolstats.stream/flincoin; https://miningpoolstats.stream/flopcoin; https://miningpoolstats.stream/fractalbitcoin-sha; https://miningpoolstats.stream/infinitecoin; https://miningpoolstats.stream/junkcoin; https://miningpoolstats.stream/lebowskiscoin; https://miningpoolstats.stream/litecoin; https://miningpoolstats.stream/luckycoin; https://miningpoolstats.stream/marscoin; https://miningpoolstats.stream/meowcoin-scrypt; https://miningpoolstats.stream/mydogecoin; https://miningpoolstats.stream/pepecoin; https://miningpoolstats.stream/quai-scrypt; https://miningpoolstats.stream/quai-sha; https://miningpoolstats.stream/shibacoin; https://miningpoolstats.stream/spacexpanse-sha; https://miningpoolstats.stream/stohncoin; https://miningpoolstats.stream/terracoin; https://miningpoolstats.stream/trumpow,https://miningpoolstats.stream/sitemap.xml,directory,candidate,2026-09-07,2026-09-07,Pool website URL extracted from MiningPoolStats data file for bbqcoin.
hash.express,ixi.hash.express,https://ixi.hash.express/,https://miningpoolstats.stream/ixian,https://miningpoolstats.stream/sitemap.xml,directory,candidate,2026-09-07,2026-09-07,Pool website URL extracted from MiningPoolStats data file for ixian.
hashbay.io,hashbay.io,https://hashbay.io/,https://miningpoolstats.stream/bitcoin; https://miningpoolstats.stream/bitcoin3; https://miningpoolstats.stream/bitcoincash; https://miningpoolstats.stream/bitcoinii; https://miningpoolstats.stream/digibyte-sha; https://miningpoolstats.stream/ethereumclassic; https://miningpoolstats.stream/litecoin; https://miningpoolstats.stream/ravencoin; https://miningpoolstats.stream/zcash,https://miningpoolstats.stream/sitemap.xml,directory,candidate,2026-09-07,2026-09-07,Pool website URL extracted from MiningPoolStats data file for bitcoin.
hashforge.online,hashforge.online,https://hashforge.online/,https://miningpoolstats.stream/bitcoin; https://miningpoolstats.stream/bitcoin3; https://miningpoolstats.stream/bitcoincash; https://miningpoolstats.stream/bitcoinii; https://miningpoolstats.stream/capstash; https://miningpoolstats.stream/dogecoin,https://miningpoolstats.stream/sitemap.xml,directory,candidate,2026-09-07,2026-09-07,Pool website URL extracted from MiningPoolStats data file for bitcoin.
hashmonkeys.cloud,hashmonkeys.cloud,https://hashmonkeys.cloud/,https://miningpoolstats.stream/cereblix,https://miningpoolstats.stream/sitemap.xml,directory,candidate,2026-09-07,2026-09-07,Pool website URL extracted from MiningPoolStats data file for cereblix.
hashnomletz.com,hashnomletz.com,https://hashnomletz.com/,https://miningpoolstats.stream/aureus; https://miningpoolstats.stream/bitcoinii; https://miningpoolstats.stream/capstash; https://miningpoolstats.stream/fixedcoin; https://miningpoolstats.stream/hypercoin; https://miningpoolstats.stream/wojakcoin,https://miningpoolstats.stream/sitemap.xml,directory,candidate,2026-09-07,2026-09-07,Pool website URL extracted from MiningPoolStats data file for aureus.
Hashpool,hashpool.nexus.io,https://hashpool.nexus.io/,https://miningpoolstats.stream/nexus,https://miningpoolstats.stream/sitemap.xml,directory,candidate,2026-09-07,2026-09-07,Pool website URL extracted from MiningPoolStats data file for nexus.
hashpool.com,hashpool.com,https://hashpool.com/,https://miningpoolstats.stream/qitmeer-keccak,https://miningpoolstats.stream/sitemap.xml,directory,candidate,2026-09-07,2026-09-07,Pool website URL extracted from MiningPoolStats data file for qitmeer-keccak.
hashpoolpro.com,hashpoolpro.com,https://hashpoolpro.com/,https://miningpoolstats.stream/bbqcoin; https://miningpoolstats.stream/bellscoin; https://miningpoolstats.stream/bit; https://miningpoolstats.stream/bitcoin; https://miningpoolstats.stream/bitcoincash; https://miningpoolstats.stream/bitcoinii; https://miningpoolstats.stream/catcoin; https://miningpoolstats.stream/digibyte-scrypt; https://miningpoolstats.stream/dingocoin; https://miningpoolstats.stream/dogecoin; https://miningpoolstats.stream/flopcoin; https://miningpoolstats.stream/fractalbitcoin-sha; https://miningpoolstats.stream/litecoin; https://miningpoolstats.stream/luckycoin; https://miningpoolstats.stream/namecoin; https://miningpoolstats.stream/pepecoin; https://miningpoolstats.stream/shibacoin; https://miningpoolstats.stream/stohncoin; https://miningpoolstats.stream/syscoin; https://miningpoolstats.stream/trumpow,https://miningpoolstats.stream/sitemap.xml,directory,candidate,2026-09-07,2026-09-07,Pool website URL extracted from MiningPoolStats data file for bbqcoin.
hashvault.pro,hashvault.pro,https://hashvault.pro/,https://miningpoolstats.stream/conceal; https://miningpoolstats.stream/monero; https://miningpoolstats.stream/salvium; https://miningpoolstats.stream/tari-monerorx; https://miningpoolstats.stream/zephyr,https://miningpoolstats.stream/sitemap.xml,directory,candidate,2026-09-07,2026-09-07,Pool website URL extracted from MiningPoolStats data file for conceal.
headframe.io,headframe.io,https://headframe.io/,https://miningpoolstats.stream/bitcoin; https://miningpoolstats.stream/fractalbitcoin-mergedsha,https://miningpoolstats.stream/sitemap.xml,directory,candidate,2026-09-07,2026-09-07,Pool website URL extracted from MiningPoolStats data file for bitcoin.
healthcarecoin.net,pool.healthcarecoin.net,https://pool.healthcarecoin.net/,https://miningpoolstats.stream/healthcarecoin,https://miningpoolstats.stream/sitemap.xml,directory,candidate,2026-09-07,2026-09-07,Pool website URL extracted from MiningPoolStats data file for healthcarecoin.
heliospool.com,heliospool.com,https://heliospool.com/,https://miningpoolstats.stream/bitcoin; https://miningpoolstats.stream/bitcoincash; https://miningpoolstats.stream/cheetahcoin; https://miningpoolstats.stream/digibyte-sha; https://miningpoolstats.stream/wojakcoin,https://miningpoolstats.stream/sitemap.xml,directory,candidate,2026-09-07,2026-09-07,Pool website URL extracted from MiningPoolStats data file for bitcoin.
herominers.com,alephium.herominers.com,https://alephium.herominers.com/,https://miningpoolstats.stream/alephium,https://miningpoolstats.stream/sitemap.xml,directory,candidate,2026-09-07,2026-09-07,Pool website URL extracted from MiningPoolStats data file for alephium.
herominers.com,beam.herominers.com,https://beam.herominers.com/,https://miningpoolstats.stream/beam,https://miningpoolstats.stream/sitemap.xml,directory,candidate,2026-09-07,2026-09-07,Pool website URL extracted from MiningPoolStats data file for beam.
herominers.com,conflux.herominers.com,https://conflux.herominers.com/,https://miningpoolstats.stream/conflux,https://miningpoolstats.stream/sitemap.xml,directory,candidate,2026-09-07,2026-09-07,Pool website URL extracted from MiningPoolStats data file for conflux.
herominers.com,ergo.herominers.com,https://ergo.herominers.com/,https://miningpoolstats.stream/ergo,https://miningpoolstats.stream/sitemap.xml,directory,candidate,2026-09-07,2026-09-07,Pool website URL extracted from MiningPoolStats data file for ergo.
herominers.com,etc.herominers.com,https://etc.herominers.com/,https://miningpoolstats.stream/ethereumclassic,https://miningpoolstats.stream/sitemap.xml,directory,candidate,2026-09-07,2026-09-07,Pool website URL extracted from MiningPoolStats data file for ethereumclassic.
herominers.com,ironfish.herominers.com,https://ironfish.herominers.com/,https://miningpoolstats.stream/ironfish,https://miningpoolstats.stream/sitemap.xml,directory,candidate,2026-09-07,2026-09-07,Pool website URL extracted from MiningPoolStats data file for ironfish.
herominers.com,kaspa.herominers.com,https://kaspa.herominers.com/,https://miningpoolstats.stream/kaspa,https://miningpoolstats.stream/sitemap.xml,directory,candidate,2026-09-07,2026-09-07,Pool website URL extracted from MiningPoolStats data file for kaspa.
herominers.com,modelos.herominers.com,https://modelos.herominers.com/,https://miningpoolstats.stream/modelos,https://miningpoolstats.stream/sitemap.xml,directory,candidate,2026-09-07,2026-09-07,Pool website URL extracted from MiningPoolStats data file for modelos.
herominers.com,monero.herominers.com,https://monero.herominers.com/,https://miningpoolstats.stream/monero,https://miningpoolstats.stream/sitemap.xml,directory,candidate,2026-09-07,2026-09-07,Pool website URL extracted from MiningPoolStats data file for monero.
herominers.com,pearl.herominers.com,https://pearl.herominers.com/,https://miningpoolstats.stream/pearl,https://miningpoolstats.stream/sitemap.xml,directory,candidate,2026-09-07,2026-09-07,Pool website URL extracted from MiningPoolStats data file for pearl.
herominers.com,qrl.herominers.com,https://qrl.herominers.com/,https://miningpoolstats.stream/quantumrl,https://miningpoolstats.stream/sitemap.xml,directory,candidate,2026-09-07,2026-09-07,Pool website URL extracted from MiningPoolStats data file for quantumrl.
herominers.com,quai.herominers.com,https://quai.herominers.com/,https://miningpoolstats.stream/quai-kawpow,https://miningpoolstats.stream/sitemap.xml,directory,candidate,2026-09-07,2026-09-07,Pool website URL extracted from MiningPoolStats data file for quai-kawpow.
herominers.com,ravencoin.herominers.com,https://ravencoin.herominers.com/,https://miningpoolstats.stream/ravencoin,https://miningpoolstats.stream/sitemap.xml,directory,candidate,2026-09-07,2026-09-07,Pool website URL extracted from MiningPoolStats data file for ravencoin.
herominers.com,salvium.herominers.com,https://salvium.herominers.com/,https://miningpoolstats.stream/salvium,https://miningpoolstats.stream/sitemap.xml,directory,candidate,2026-09-07,2026-09-07,Pool website URL extracted from MiningPoolStats data file for salvium.
herominers.com,warthog.herominers.com,https://warthog.herominers.com/,https://miningpoolstats.stream/warthog,https://miningpoolstats.stream/sitemap.xml,directory,candidate,2026-09-07,2026-09-07,Pool website URL extracted from MiningPoolStats data file for warthog.
herominers.com,xelis.herominers.com,https://xelis.herominers.com/,https://miningpoolstats.stream/xelis,https://miningpoolstats.stream/sitemap.xml,directory,candidate,2026-09-07,2026-09-07,Pool website URL extracted from MiningPoolStats data file for xelis.
herominers.com,zano.herominers.com,https://zano.herominers.com/,https://miningpoolstats.stream/zano,https://miningpoolstats.stream/sitemap.xml,directory,candidate,2026-09-07,2026-09-07,Pool website URL extracted from MiningPoolStats data file for zano.
herominers.com,zephyr.herominers.com,https://zephyr.herominers.com/,https://miningpoolstats.stream/zephyr,https://miningpoolstats.stream/sitemap.xml,directory,candidate,2026-09-07,2026-09-07,Pool website URL extracted from MiningPoolStats data file for zephyr.
Hfpool,hfpool.com.br,https://hfpool.com.br/,https://miningpoolstats.stream/bitcoin,https://miningpoolstats.stream/sitemap.xml,directory,candidate,2026-09-07,2026-09-07,Pool website URL extracted from MiningPoolStats data file for bitcoin.
himpool.com,himpool.com,https://himpool.com/,https://miningpoolstats.stream/bitcoin; https://miningpoolstats.stream/bitcoincash; https://miningpoolstats.stream/bitcoingold; https://miningpoolstats.stream/bitcoinz; https://miningpoolstats.stream/digibyte-sha; https://miningpoolstats.stream/dogecoin; https://miningpoolstats.stream/ecash; https://miningpoolstats.stream/ethereumclassic; https://miningpoolstats.stream/fractalbitcoin-sha; https://miningpoolstats.stream/kerrigan-equihash; https://miningpoolstats.stream/kerrigan-equihash192; https://miningpoolstats.stream/kerrigan-kawpow; https://miningpoolstats.stream/kerrigan-x11; https://miningpoolstats.stream/komodo; https://miningpoolstats.stream/litecoin; https://miningpoolstats.stream/nitocoin; https://miningpoolstats.stream/octaspace; https://miningpoolstats.stream/pearl; https://miningpoolstats.stream/peercoin; https://miningpoolstats.stream/piratechain; https://miningpoolstats.stream/quai-scrypt; https://miningpoolstats.stream/quai-sha; https://miningpoolstats.stream/zcash,https://miningpoolstats.stream/sitemap.xml,directory,candidate,2026-09-07,2026-09-07,Pool website URL extracted from MiningPoolStats data file for bitcoin.
hitablock.com,hitablock.com,https://hitablock.com/,https://miningpoolstats.stream/bbqcoin; https://miningpoolstats.stream/bellscoin; https://miningpoolstats.stream/bitcoin; https://miningpoolstats.stream/bitcoincash; https://miningpoolstats.stream/digibyte-sha; https://miningpoolstats.stream/dingocoin; https://miningpoolstats.stream/dogecoin; https://miningpoolstats.stream/fractalbitcoin-sha; https://miningpoolstats.stream/litecoin; https://miningpoolstats.stream/peercoin,https://miningpoolstats.stream/sitemap.xml,directory,candidate,2026-09-07,2026-09-07,Pool website URL extracted from MiningPoolStats data file for bbqcoin.
hiveon.net,hiveon.net,https://hiveon.net/,https://miningpoolstats.stream/bitcoin; https://miningpoolstats.stream/ethereumclassic; https://miningpoolstats.stream/ravencoin,https://miningpoolstats.stream/sitemap.xml,directory,candidate,2026-09-07,2026-09-07,Pool website URL extracted from MiningPoolStats data file for bitcoin.
hmpool.io,bch.hmpool.io,https://bch.hmpool.io/,https://miningpoolstats.stream/bitcoincash,https://miningpoolstats.stream/sitemap.xml,directory,candidate,2026-09-07,2026-09-07,Pool website URL extracted from MiningPoolStats data file for bitcoincash.
hmpool.io,digi.hmpool.io,https://digi.hmpool.io/,https://miningpoolstats.stream/digibyte-sha,https://miningpoolstats.stream/sitemap.xml,directory,candidate,2026-09-07,2026-09-07,Pool website URL extracted from MiningPoolStats data file for digibyte-sha.
hmpool.io,hmpool.io,https://hmpool.io/,https://miningpoolstats.stream/bitcoin,https://miningpoolstats.stream/sitemap.xml,directory,candidate,2026-09-07,2026-09-07,Pool website URL extracted from MiningPoolStats data file for bitcoin.
hmpool.io,xec.hmpool.io,https://xec.hmpool.io/,https://miningpoolstats.stream/ecash,https://miningpoolstats.stream/sitemap.xml,directory,candidate,2026-09-07,2026-09-07,Pool website URL extracted from MiningPoolStats data file for ecash.
homie-pool.xyz,homie-pool.xyz,https://homie-pool.xyz/,https://miningpoolstats.stream/auroracoin-scrypt; https://miningpoolstats.stream/auroracoin-sha; https://miningpoolstats.stream/bitcoinii; https://miningpoolstats.stream/deutscheemark; https://miningpoolstats.stream/egulden; https://miningpoolstats.stream/fixedcoin; https://miningpoolstats.stream/mazacoin-sha; https://miningpoolstats.stream/mytherra; https://miningpoolstats.stream/ordexcoin; https://miningpoolstats.stream/palladium; https://miningpoolstats.stream/zano,https://miningpoolstats.stream/sitemap.xml,directory,candidate,2026-09-07,2026-09-07,Pool website URL extracted from MiningPoolStats data file for auroracoin-scrypt.
humpool.com,kas.humpool.com,https://kas.humpool.com/,https://miningpoolstats.stream/kaspa,https://miningpoolstats.stream/sitemap.xml,directory,candidate,2026-09-07,2026-09-07,Pool website URL extracted from MiningPoolStats data file for kaspa.
huurrexpool.com,huurrexpool.com,https://huurrexpool.com/,https://miningpoolstats.stream/bitcoin; https://miningpoolstats.stream/bitcoin3; https://miningpoolstats.stream/bitcoincash; https://miningpoolstats.stream/btgscoin; https://miningpoolstats.stream/digibyte-odocrypt; https://miningpoolstats.stream/digibyte-qubit; https://miningpoolstats.stream/digibyte-scrypt; https://miningpoolstats.stream/digibyte-sha; https://miningpoolstats.stream/digibyte-skein; https://miningpoolstats.stream/dogecoin; https://miningpoolstats.stream/fractalbitcoin-sha; https://miningpoolstats.stream/litecoin; https://miningpoolstats.stream/litecoin2; https://miningpoolstats.stream/namecoin,https://miningpoolstats.stream/sitemap.xml,directory,candidate,2026-09-07,2026-09-07,Pool website URL extracted from MiningPoolStats data file for bitcoin.
hypercoin.network,miningpool.hypercoin.network,https://miningpool.hypercoin.network/,https://miningpoolstats.stream/hypercoin,https://miningpoolstats.stream/sitemap.xml,directory,candidate,2026-09-07,2026-09-07,Pool website URL extracted from MiningPoolStats data file for hypercoin.
iha.sh,iha.sh,https://iha.sh/,https://miningpoolstats.stream/bitcoinblu; https://miningpoolstats.stream/bitcoinvalue; https://miningpoolstats.stream/cascoin-sha,https://miningpoolstats.stream/sitemap.xml,directory,candidate,2026-09-07,2026-09-07,Pool website URL extracted from MiningPoolStats data file for bitcoinblu.
imupool.nl,imupool.nl,https://imupool.nl/,https://miningpoolstats.stream/aegisum; https://miningpoolstats.stream/boskacoin; https://miningpoolstats.stream/btgscoin; https://miningpoolstats.stream/hypercoin; https://miningpoolstats.stream/kindcoin; https://miningpoolstats.stream/wojakcoin,https://miningpoolstats.stream/sitemap.xml,directory,candidate,2026-09-07,2026-09-07,Pool website URL extracted from MiningPoolStats data file for aegisum.
iniaku.my.id,epic.iniaku.my.id,https://epic.iniaku.my.id/,https://miningpoolstats.stream/epiccash-cuckoo; https://miningpoolstats.stream/epiccash-progpow; https://miningpoolstats.stream/epiccash-randomx,https://miningpoolstats.stream/sitemap.xml,directory,candidate,2026-09-07,2026-09-07,Pool website URL extracted from MiningPoolStats data file for epiccash-cuckoo.
iniaku.my.id,verus.iniaku.my.id,https://verus.iniaku.my.id/,https://miningpoolstats.stream/veruscoin,https://miningpoolstats.stream/sitemap.xml,directory,candidate,2026-09-07,2026-09-07,Pool website URL extracted from MiningPoolStats data file for veruscoin.
inipool.org,nexa-solo.inipool.org,https://nexa-solo.inipool.org/,https://miningpoolstats.stream/nexa,https://miningpoolstats.stream/sitemap.xml,directory,candidate,2026-09-07,2026-09-07,Pool website URL extracted from MiningPoolStats data file for nexa.
inipool.org,nexa.inipool.org,https://nexa.inipool.org/,https://miningpoolstats.stream/nexa,https://miningpoolstats.stream/sitemap.xml,directory,candidate,2026-09-07,2026-09-07,Pool website URL extracted from MiningPoolStats data file for nexa.
isekai-pool.com,koto.isekai-pool.com,https://koto.isekai-pool.com/,https://miningpoolstats.stream/koto,https://miningpoolstats.stream/sitemap.xml,directory,candidate,2026-09-07,2026-09-07,Pool website URL extracted from MiningPoolStats data file for koto.
jackpool.ru,jackpool.ru,https://jackpool.ru/,https://miningpoolstats.stream/bitcoin; https://miningpoolstats.stream/bitcoin3; https://miningpoolstats.stream/bitcoincash; https://miningpoolstats.stream/bitcoincash2; https://miningpoolstats.stream/bitcoinii; https://miningpoolstats.stream/bitcoinsilver; https://miningpoolstats.stream/digibyte-sha; https://miningpoolstats.stream/dogecoin; https://miningpoolstats.stream/ecash; https://miningpoolstats.stream/fixedcoin; https://miningpoolstats.stream/fractalbitcoin-sha; https://miningpoolstats.stream/litecoin; https://miningpoolstats.stream/monero; https://miningpoolstats.stream/mytherra; https://miningpoolstats.stream/neoxa; https://miningpoolstats.stream/neurai; https://miningpoolstats.stream/ravencoin; https://miningpoolstats.stream/zephyr,https://miningpoolstats.stream/sitemap.xml,directory,candidate,2026-09-07,2026-09-07,Pool website URL extracted from MiningPoolStats data file for bitcoin.
jellyfc.com,bc2pool.jellyfc.com,https://bc2pool.jellyfc.com/,https://miningpoolstats.stream/bitcoinii,https://miningpoolstats.stream/sitemap.xml,directory,candidate,2026-09-07,2026-09-07,Pool website URL extracted from MiningPoolStats data file for bitcoinii.
jellyfc.com,bgco.jellyfc.com,https://bgco.jellyfc.com/,https://miningpoolstats.stream/blackgoldcoin,https://miningpoolstats.stream/sitemap.xml,directory,candidate,2026-09-07,2026-09-07,Pool website URL extracted from MiningPoolStats data file for blackgoldcoin.
jellyfc.com,bitcoin2.jellyfc.com,https://bitcoin2.jellyfc.com/,https://miningpoolstats.stream/bitcoinii,https://miningpoolstats.stream/sitemap.xml,directory,candidate,2026-09-07,2026-09-07,Pool website URL extracted from MiningPoolStats data file for bitcoinii.
jellyfc.com,btc.jellyfc.com,https://btc.jellyfc.com/,https://miningpoolstats.stream/bitcoin,https://miningpoolstats.stream/sitemap.xml,directory,candidate,2026-09-07,2026-09-07,Pool website URL extracted from MiningPoolStats data file for bitcoin.
jellyfc.com,verus.jellyfc.com,https://verus.jellyfc.com/,https://miningpoolstats.stream/veruscoin,https://miningpoolstats.stream/sitemap.xml,directory,candidate,2026-09-07,2026-09-07,Pool website URL extracted from MiningPoolStats data file for veruscoin.
jellyfc.com,warthog.jellyfc.com,https://warthog.jellyfc.com/,https://miningpoolstats.stream/warthog,https://miningpoolstats.stream/sitemap.xml,directory,candidate,2026-09-07,2026-09-07,Pool website URL extracted from MiningPoolStats data file for warthog.
jetskipool.ai,connect.jetskipool.ai,https://connect.jetskipool.ai/,https://miningpoolstats.stream/qubic,https://miningpoolstats.stream/sitemap.xml,directory,candidate,2026-09-07,2026-09-07,Pool website URL extracted from MiningPoolStats data file for qubic.
jetskipool.ai,pearl.jetskipool.ai,https://pearl.jetskipool.ai/,https://miningpoolstats.stream/pearl,https://miningpoolstats.stream/sitemap.xml,directory,candidate,2026-09-07,2026-09-07,Pool website URL extracted from MiningPoolStats data file for pearl.
jjpool.fr,jjpool.fr,https://jjpool.fr/,https://miningpoolstats.stream/alephium; https://miningpoolstats.stream/dynexcoin; https://miningpoolstats.stream/ergo; https://miningpoolstats.stream/kaspa; https://miningpoolstats.stream/radiant,https://miningpoolstats.stream/sitemap.xml,directory,candidate,2026-09-07,2026-09-07,Pool website URL extracted from MiningPoolStats data file for alephium.
jsmining.site,jsmining.site,https://jsmining.site/,https://miningpoolstats.stream/kaspa; https://miningpoolstats.stream/sedracoin,https://miningpoolstats.stream/sitemap.xml,directory,candidate,2026-09-07,2026-09-07,Pool website URL extracted from MiningPoolStats data file for kaspa.
k1pool.com,k1pool.com,https://k1pool.com/,https://miningpoolstats.stream/alephium; https://miningpoolstats.stream/bitcoin; https://miningpoolstats.stream/ergo; https://miningpoolstats.stream/ethereumclassic; https://miningpoolstats.stream/ethereumpow; https://miningpoolstats.stream/kaspa; https://miningpoolstats.stream/octaspace; https://miningpoolstats.stream/pearl; https://miningpoolstats.stream/quai-kawpow; https://miningpoolstats.stream/quai-scrypt; https://miningpoolstats.stream/quai-sha; https://miningpoolstats.stream/qubitcoin; https://miningpoolstats.stream/radiant; https://miningpoolstats.stream/ravencoin; https://miningpoolstats.stream/xelis; https://miningpoolstats.stream/zano; https://miningpoolstats.stream/zephyr,https://miningpoolstats.stream/sitemap.xml,directory,candidate,2026-09-07,2026-09-07,Pool website URL extracted from MiningPoolStats data file for alephium.
k8x.com,k8x.com,https://k8x.com/,https://miningpoolstats.stream/bitcoin; https://miningpoolstats.stream/dogecoin; https://miningpoolstats.stream/litecoin,https://miningpoolstats.stream/sitemap.xml,directory,candidate,2026-09-07,2026-09-07,Pool website URL extracted from MiningPoolStats data file for bitcoin.
kalf.org,kryptokrona.kalf.org,http://kryptokrona.kalf.org/,https://miningpoolstats.stream/kryptokrona,https://miningpoolstats.stream/sitemap.xml,directory,candidate,2026-09-07,2026-09-07,Pool website URL extracted from MiningPoolStats data file for kryptokrona.
Kano,kano.is,https://kano.is/,https://miningpoolstats.stream/bitcoin,https://miningpoolstats.stream/sitemap.xml,directory,candidate,2026-09-07,2026-09-07,Pool website URL extracted from MiningPoolStats data file for bitcoin.
kardanpool.com,kardanpool.com,https://kardanpool.com/,https://miningpoolstats.stream/alephium; https://miningpoolstats.stream/bitcoin; https://miningpoolstats.stream/bitcoincash; https://miningpoolstats.stream/bitcoinsv; https://miningpoolstats.stream/digibyte-sha; https://miningpoolstats.stream/dogecoin; https://miningpoolstats.stream/ecash; https://miningpoolstats.stream/fractalbitcoin-sha; https://miningpoolstats.stream/litecoin; https://miningpoolstats.stream/monero; https://miningpoolstats.stream/zcash,https://miningpoolstats.stream/sitemap.xml,directory,candidate,2026-09-07,2026-09-07,Pool website URL extracted from MiningPoolStats data file for alephium.
Kaspa Pool,kaspa-pool.org,https://kaspa-pool.org/,https://miningpoolstats.stream/kaspa,https://miningpoolstats.stream/sitemap.xml,directory,candidate,2026-09-07,2026-09-07,Pool website URL extracted from MiningPoolStats data file for kaspa.
Katpool,katpool.com,https://katpool.com/,https://miningpoolstats.stream/kaspa,https://miningpoolstats.stream/sitemap.xml,directory,candidate,2026-09-07,2026-09-07,Pool website URL extracted from MiningPoolStats data file for kaspa.
kekpool.com,kekpool.com,https://kekpool.com/,https://miningpoolstats.stream/kaspa,https://miningpoolstats.stream/sitemap.xml,directory,candidate,2026-09-07,2026-09-07,Pool website URL extracted from MiningPoolStats data file for kaspa.
kerriganpool.com,kerriganpool.com,https://kerriganpool.com/,https://miningpoolstats.stream/kerrigan-equihash; https://miningpoolstats.stream/kerrigan-equihash192; https://miningpoolstats.stream/kerrigan-kawpow; https://miningpoolstats.stream/kerrigan-x11,https://miningpoolstats.stream/sitemap.xml,directory,candidate,2026-09-07,2026-09-07,Pool website URL extracted from MiningPoolStats data file for kerrigan-equihash.
Kingpepe,kingpepe.net,https://kingpepe.net/,https://miningpoolstats.stream/kingpepe,https://miningpoolstats.stream/sitemap.xml,directory,candidate,2026-09-07,2026-09-07,Pool website URL extracted from MiningPoolStats data file for kingpepe.
Korvexpool,korvexpool.com,https://korvexpool.com/,https://miningpoolstats.stream/ergo,https://miningpoolstats.stream/sitemap.xml,directory,candidate,2026-09-07,2026-09-07,Pool website URL extracted from MiningPoolStats data file for ergo.
Kukume,kukume.net,https://kukume.net/,https://miningpoolstats.stream/monero; https://miningpoolstats.stream/zephyr,https://miningpoolstats.stream/sitemap.xml,directory,candidate,2026-09-07,2026-09-07,Pool website URL extracted from MiningPoolStats data file for monero.
kupool.com,kupool.com,https://kupool.com/,https://miningpoolstats.stream/dogecoin; https://miningpoolstats.stream/litecoin; https://miningpoolstats.stream/zcash,https://miningpoolstats.stream/sitemap.xml,directory,candidate,2026-09-07,2026-09-07,Pool website URL extracted from MiningPoolStats data file for dogecoin.
l6pool.com,l6pool.com,https://l6pool.com/,https://miningpoolstats.stream/ethereumclassic; https://miningpoolstats.stream/kaspa; https://miningpoolstats.stream/litecoin,https://miningpoolstats.stream/sitemap.xml,directory,candidate,2026-09-07,2026-09-07,Pool website URL extracted from MiningPoolStats data file for ethereumclassic.
lbrypool.net,lbrypool.net,https://lbrypool.net/,https://miningpoolstats.stream/lbry,https://miningpoolstats.stream/sitemap.xml,directory,candidate,2026-09-07,2026-09-07,Pool website URL extracted from MiningPoolStats data file for lbry.
leafpool.com,beam.leafpool.com,https://beam.leafpool.com/,https://miningpoolstats.stream/beam,https://miningpoolstats.stream/sitemap.xml,directory,candidate,2026-09-07,2026-09-07,Pool website URL extracted from MiningPoolStats data file for beam.
leafpool.io,leafpool.io,https://leafpool.io/,https://miningpoolstats.stream/chia,https://miningpoolstats.stream/sitemap.xml,directory,candidate,2026-09-07,2026-09-07,Pool website URL extracted from MiningPoolStats data file for chia.
letsmine.it,letsmine.it,https://letsmine.it/,https://miningpoolstats.stream/bitcoin; https://miningpoolstats.stream/bitcoincash; https://miningpoolstats.stream/bitcoincash2; https://miningpoolstats.stream/bitcoinii; https://miningpoolstats.stream/bitcoinsilver; https://miningpoolstats.stream/digibyte-scrypt; https://miningpoolstats.stream/dogecoin; https://miningpoolstats.stream/ecash; https://miningpoolstats.stream/fixedcoin; https://miningpoolstats.stream/litecoin; https://miningpoolstats.stream/monero; https://miningpoolstats.stream/mytherra; https://miningpoolstats.stream/peercoin; https://miningpoolstats.stream/ravencoin; https://miningpoolstats.stream/xerocoin,https://miningpoolstats.stream/sitemap.xml,directory,candidate,2026-09-07,2026-09-07,Pool website URL extracted from MiningPoolStats data file for bitcoin.
leywapool.com,leywapool.com,https://leywapool.com/,https://miningpoolstats.stream/bellcoin; https://miningpoolstats.stream/bitzeny; https://miningpoolstats.stream/koto; https://miningpoolstats.stream/kumacoin; https://miningpoolstats.stream/monacoin; https://miningpoolstats.stream/vipstarcoin; https://miningpoolstats.stream/yenten,https://miningpoolstats.stream/sitemap.xml,directory,candidate,2026-09-07,2026-09-07,Pool website URL extracted from MiningPoolStats data file for bellcoin.
lidonia.com,lidonia.com,https://lidonia.com/,https://miningpoolstats.stream/argentum-lyra; https://miningpoolstats.stream/artbyte; https://miningpoolstats.stream/dynamic; https://miningpoolstats.stream/einsteinium; https://miningpoolstats.stream/feathercoin; https://miningpoolstats.stream/fireants; https://miningpoolstats.stream/garlicoin; https://miningpoolstats.stream/gobyte; https://miningpoolstats.stream/goldcoin; https://miningpoolstats.stream/litecoincash-sha; https://miningpoolstats.stream/magi; https://miningpoolstats.stream/monacoin; https://miningpoolstats.stream/novacoin; https://miningpoolstats.stream/phoenixcoin; https://miningpoolstats.stream/trezarcoin; https://miningpoolstats.stream/tuxcoin; https://miningpoolstats.stream/ufocoin; https://miningpoolstats.stream/verge-scrypt,https://miningpoolstats.stream/sitemap.xml,directory,candidate,2026-09-07,2026-09-07,Pool website URL extracted from MiningPoolStats data file for argentum-lyra.
Litecoinpool,litecoinpool.org,https://www.litecoinpool.org/,https://miningpoolstats.stream/dogecoin; https://miningpoolstats.stream/litecoin,https://miningpoolstats.stream/sitemap.xml,directory,candidate,2026-09-07,2026-09-07,Pool website URL extracted from MiningPoolStats data file for dogecoin.
litesolo.org,litesolo.org,https://litesolo.org/,https://miningpoolstats.stream/dogecoin; https://miningpoolstats.stream/litecoin,https://miningpoolstats.stream/sitemap.xml,directory,candidate,2026-09-07,2026-09-07,Pool website URL extracted from MiningPoolStats data file for dogecoin.
lmwpool.com,btc.lmwpool.com,https://btc.lmwpool.com/,https://miningpoolstats.stream/bitcoin,https://miningpoolstats.stream/sitemap.xml,directory,candidate,2026-09-07,2026-09-07,Pool website URL extracted from MiningPoolStats data file for bitcoin.
lmwpool.com,lmwpool.cloud,https://lmwpool.cloud/,https://miningpoolstats.stream/bitcoincash,https://miningpoolstats.stream/sitemap.xml,directory,candidate,2026-09-07,2026-09-07,Pool website URL extracted from MiningPoolStats data file for bitcoincash.
lmwpool.com,xec.lmwpool.com,https://xec.lmwpool.com/,https://miningpoolstats.stream/ecash,https://miningpoolstats.stream/sitemap.xml,directory,candidate,2026-09-07,2026-09-07,Pool website URL extracted from MiningPoolStats data file for ecash.
longpool.org,longpool.org,https://longpool.org/,https://miningpoolstats.stream/bbqcoin; https://miningpoolstats.stream/beerscoin; https://miningpoolstats.stream/bellscoin; https://miningpoolstats.stream/bonkcoin; https://miningpoolstats.stream/craftcoin; https://miningpoolstats.stream/dingocoin; https://miningpoolstats.stream/dogecoin; https://miningpoolstats.stream/ethereumclassic; https://miningpoolstats.stream/flopcoin; https://miningpoolstats.stream/junkcoin; https://miningpoolstats.stream/litecoin; https://miningpoolstats.stream/luckycoin; https://miningpoolstats.stream/pepecoin; https://miningpoolstats.stream/shibacoin; https://miningpoolstats.stream/trumpow,https://miningpoolstats.stream/sitemap.xml,directory,candidate,2026-09-07,2026-09-07,Pool website URL extracted from MiningPoolStats data file for bbqcoin.
loudmining.com,loudmining.com,https://loudmining.com/,https://miningpoolstats.stream/fuego,https://miningpoolstats.stream/sitemap.xml,directory,candidate,2026-09-07,2026-09-07,Pool website URL extracted from MiningPoolStats data file for fuego.
luckpool.net,luckpool.net,https://luckpool.net/,https://miningpoolstats.stream/veruscoin,https://miningpoolstats.stream/sitemap.xml,directory,candidate,2026-09-07,2026-09-07,Pool website URL extracted from MiningPoolStats data file for veruscoin.
lucky-pool.co.uk,lucky-pool.co.uk,http://lucky-pool.co.uk/,https://miningpoolstats.stream/bitcoinsilver; https://miningpoolstats.stream/btgscoin; https://miningpoolstats.stream/cascoin-sha; https://miningpoolstats.stream/smartiecoin; https://miningpoolstats.stream/sprintpay; https://miningpoolstats.stream/swampcoin,https://miningpoolstats.stream/sitemap.xml,directory,candidate,2026-09-07,2026-09-07,Pool website URL extracted from MiningPoolStats data file for bitcoinsilver.
luckydogpool.com,luckydogpool.com,https://luckydogpool.com/,https://miningpoolstats.stream/5gcash; https://miningpoolstats.stream/artbyte; https://miningpoolstats.stream/aureus; https://miningpoolstats.stream/bitcoincash2; https://miningpoolstats.stream/bitrae; https://miningpoolstats.stream/btgscoin; https://miningpoolstats.stream/deltacoin; https://miningpoolstats.stream/digitalcoin-scrypt; https://miningpoolstats.stream/digitalcoin-x11; https://miningpoolstats.stream/emerald; https://miningpoolstats.stream/fedoracoin; https://miningpoolstats.stream/fireants; https://miningpoolstats.stream/fiurycoin; https://miningpoolstats.stream/floofychain; https://miningpoolstats.stream/gainprox; https://miningpoolstats.stream/goldcoin; https://miningpoolstats.stream/irishcoin; https://miningpoolstats.stream/kindcoin; https://miningpoolstats.stream/krypton; https://miningpoolstats.stream/linkcoin; https://miningpoolstats.stream/litecoin2; https://miningpoolstats.stream/mateablecoin-scrypt; https://miningpoolstats.stream/mooncoin; https://miningpoolstats.stream/newenglandcoin; https://miningpoolstats.stream/nitocoin; https://miningpoolstats.stream/onecoin; https://miningpoolstats.stream/ordexcoin; https://miningpoolstats.stream/ordexgold; https://miningpoolstats.stream/pepperscore; https://miningpoolstats.stream/plexhive-minotaurx; https://miningpoolstats.stream/plexhive-sha; https://miningpoolstats.stream/reaction; https://miningpoolstats.stream/skytere; https://miningpoolstats.stream/spiderbyte; https://miningpoolstats.stream/stohncoin; https://miningpoolstats.stream/tubopay; https://miningpoolstats.stream/waywolfcoin; https://miningpoolstats.stream/wojakcoin; https://miningpoolstats.stream/zerozed,https://miningpoolstats.stream/sitemap.xml,directory,candidate,2026-09-07,2026-09-07,Pool website URL extracted from MiningPoolStats data file for 5gcash.
Luckyfastblocks,luckyfastblocks.com,https://luckyfastblocks.com/,https://miningpoolstats.stream/bitcoincash,https://miningpoolstats.stream/sitemap.xml,directory,candidate,2026-09-07,2026-09-07,Pool website URL extracted from MiningPoolStats data file for bitcoincash.
luckymonster.pro,luckymonster.pro,https://luckymonster.pro/,https://miningpoolstats.stream/bitcoin; https://miningpoolstats.stream/bitcoincash; https://miningpoolstats.stream/dogecoin; https://miningpoolstats.stream/ecash; https://miningpoolstats.stream/litecoin,https://miningpoolstats.stream/sitemap.xml,directory,candidate,2026-09-07,2026-09-07,Pool website URL extracted from MiningPoolStats data file for bitcoin.
luckypepe.org,pool.luckypepe.org,https://pool.luckypepe.org/,https://miningpoolstats.stream/luckypepe,https://miningpoolstats.stream/sitemap.xml,directory,candidate,2026-09-07,2026-09-07,Pool website URL extracted from MiningPoolStats data file for luckypepe.
luckypool.io,btx.luckypool.io,https://btx.luckypool.io/,https://miningpoolstats.stream/btxchain,https://miningpoolstats.stream/sitemap.xml,directory,candidate,2026-09-07,2026-09-07,Pool website URL extracted from MiningPoolStats data file for btxchain.
luckypool.io,corecoin.luckypool.io,https://corecoin.luckypool.io/,https://miningpoolstats.stream/corecoin,https://miningpoolstats.stream/sitemap.xml,directory,candidate,2026-09-07,2026-09-07,Pool website URL extracted from MiningPoolStats data file for corecoin.
luckypool.io,mochimo.luckypool.io,https://mochimo.luckypool.io/,https://miningpoolstats.stream/mochimo,https://miningpoolstats.stream/sitemap.xml,directory,candidate,2026-09-07,2026-09-07,Pool website URL extracted from MiningPoolStats data file for mochimo.
luckypool.io,ogg.luckypool.io,https://ogg.luckypool.io/,https://miningpoolstats.stream/oggcoin,https://miningpoolstats.stream/sitemap.xml,directory,candidate,2026-09-07,2026-09-07,Pool website URL extracted from MiningPoolStats data file for oggcoin.
luckypool.io,pearl.luckypool.io,https://pearl.luckypool.io/,https://miningpoolstats.stream/pearl,https://miningpoolstats.stream/sitemap.xml,directory,candidate,2026-09-07,2026-09-07,Pool website URL extracted from MiningPoolStats data file for pearl.
luckypool.io,qtc.luckypool.io,https://qtc.luckypool.io/,https://miningpoolstats.stream/qubitcoin,https://miningpoolstats.stream/sitemap.xml,directory,candidate,2026-09-07,2026-09-07,Pool website URL extracted from MiningPoolStats data file for qubitcoin.
luckypool.io,tari.luckypool.io,https://tari.luckypool.io/,https://miningpoolstats.stream/tari-sha3x,https://miningpoolstats.stream/sitemap.xml,directory,candidate,2026-09-07,2026-09-07,Pool website URL extracted from MiningPoolStats data file for tari-sha3x.
luckypool.io,taric29.luckypool.io,https://taric29.luckypool.io/,https://miningpoolstats.stream/tari-c29,https://miningpoolstats.stream/sitemap.xml,directory,candidate,2026-09-07,2026-09-07,Pool website URL extracted from MiningPoolStats data file for tari-c29.
luckypool.io,tarirx.luckypool.io,https://tarirx.luckypool.io/,https://miningpoolstats.stream/tari-randomx,https://miningpoolstats.stream/sitemap.xml,directory,candidate,2026-09-07,2026-09-07,Pool website URL extracted from MiningPoolStats data file for tari-randomx.
luckypool.io,zano.luckypool.io,https://zano.luckypool.io/,https://miningpoolstats.stream/zano,https://miningpoolstats.stream/sitemap.xml,directory,candidate,2026-09-07,2026-09-07,Pool website URL extracted from MiningPoolStats data file for zano.
luckysolo.org,luckysolo.org,https://luckysolo.org/,https://miningpoolstats.stream/bitcoincash,https://miningpoolstats.stream/sitemap.xml,directory,candidate,2026-09-07,2026-09-07,Pool website URL extracted from MiningPoolStats data file for bitcoincash.
luxor.tech,luxor.tech,https://luxor.tech/,https://miningpoolstats.stream/bitcoin; https://miningpoolstats.stream/dogecoin; https://miningpoolstats.stream/litecoin; https://miningpoolstats.stream/siacoin; https://miningpoolstats.stream/zcash,https://miningpoolstats.stream/sitemap.xml,directory,candidate,2026-09-07,2026-09-07,Pool website URL extracted from MiningPoolStats data file for bitcoin.
m2pool.com,m2pool.com,https://m2pool.com/,https://miningpoolstats.stream/alephium; https://miningpoolstats.stream/digibyte-odocrypt; https://miningpoolstats.stream/digibyte-qubit; https://miningpoolstats.stream/digibyte-skein; https://miningpoolstats.stream/entropyx; https://miningpoolstats.stream/groestlcoin; https://miningpoolstats.stream/monacoin; https://miningpoolstats.stream/monero; https://miningpoolstats.stream/nexa; https://miningpoolstats.stream/radiant; https://miningpoolstats.stream/tari-sha3x,https://miningpoolstats.stream/sitemap.xml,directory,candidate,2026-09-07,2026-09-07,Pool website URL extracted from MiningPoolStats data file for alephium.
M45Core,m45core.com,https://m45core.com/,https://miningpoolstats.stream/bitcoin,https://miningpoolstats.stream/sitemap.xml,directory,candidate,2026-09-07,2026-09-07,Pool website URL extracted from MiningPoolStats data file for bitcoin.
magicalgirlsunite.moe,magicalgirlsunite.moe,https://magicalgirlsunite.moe/,https://miningpoolstats.stream/satoshicash,https://miningpoolstats.stream/sitemap.xml,directory,candidate,2026-09-07,2026-09-07,Pool website URL extracted from MiningPoolStats data file for satoshicash.
Main Pool,main-pool.starcoin.org,https://main-pool.starcoin.org/,https://miningpoolstats.stream/starcoin,https://miningpoolstats.stream/sitemap.xml,directory,candidate,2026-09-07,2026-09-07,Pool website URL extracted from MiningPoolStats data file for starcoin.
mangledpool.com,mangledpool.com,https://mangledpool.com/,https://miningpoolstats.stream/bitcoin; https://miningpoolstats.stream/radiant,https://miningpoolstats.stream/sitemap.xml,directory,candidate,2026-09-07,2026-09-07,Pool website URL extracted from MiningPoolStats data file for bitcoin.
Mara,mara.com,https://mara.com/,https://miningpoolstats.stream/bitcoin,https://miningpoolstats.stream/sitemap.xml,directory,candidate,2026-09-07,2026-09-07,Pool website URL extracted from MiningPoolStats data file for bitcoin.
Maxpool,maxpool.org,https://maxpool.org/,https://miningpoolstats.stream/abelian,https://miningpoolstats.stream/sitemap.xml,directory,candidate,2026-09-07,2026-09-07,Pool website URL extracted from MiningPoolStats data file for abelian.
mcmpool.eu,mcmpool.eu,https://mcmpool.eu/,https://miningpoolstats.stream/artbyte; https://miningpoolstats.stream/btgscoin; https://miningpoolstats.stream/digitalcoin-scrypt; https://miningpoolstats.stream/digitalcoin-sha; https://miningpoolstats.stream/digitalcoin-x11; https://miningpoolstats.stream/diminutivecoin; https://miningpoolstats.stream/hypercoin; https://miningpoolstats.stream/litecoin; https://miningpoolstats.stream/mydogecoin; https://miningpoolstats.stream/pepperscore; https://miningpoolstats.stream/zetacoin,https://miningpoolstats.stream/sitemap.xml,directory,candidate,2026-09-07,2026-09-07,Pool website URL extracted from MiningPoolStats data file for artbyte.
mdpool.info,n-zeny.mdpool.info,http://n-zeny.mdpool.info/,https://miningpoolstats.stream/bitzeny,https://miningpoolstats.stream/sitemap.xml,directory,candidate,2026-09-07,2026-09-07,Pool website URL extracted from MiningPoolStats data file for bitzeny.
melcrys.com,pool.melcrys.com,http://pool.melcrys.com/,https://miningpoolstats.stream/bitcoin; https://miningpoolstats.stream/bitcoincash; https://miningpoolstats.stream/bitcoinii; https://miningpoolstats.stream/digibyte-sha,https://miningpoolstats.stream/sitemap.xml,directory,candidate,2026-09-07,2026-09-07,Pool website URL extracted from MiningPoolStats data file for bitcoin.
Mike,mike.rs,http://mike.rs/,https://miningpoolstats.stream/0xbitcoin,https://miningpoolstats.stream/sitemap.xml,directory,candidate,2026-09-07,2026-09-07,Pool website URL extracted from MiningPoolStats data file for 0xbitcoin.
millpools.cc,millpools.cc,https://millpools.cc/,https://miningpoolstats.stream/bitcoin; https://miningpoolstats.stream/bitcoincash; https://miningpoolstats.stream/dogecoin; https://miningpoolstats.stream/ecash; https://miningpoolstats.stream/litecoin,https://miningpoolstats.stream/sitemap.xml,directory,candidate,2026-09-07,2026-09-07,Pool website URL extracted from MiningPoolStats data file for bitcoin.
mine4coin.com,mine4coin.com,https://mine4coin.com/,https://miningpoolstats.stream/bitcoin; https://miningpoolstats.stream/bitcoinii,https://miningpoolstats.stream/sitemap.xml,directory,candidate,2026-09-07,2026-09-07,Pool website URL extracted from MiningPoolStats data file for bitcoin.
minecraftpool.com,minecraftpool.com,https://minecraftpool.com/,https://miningpoolstats.stream/aureus; https://miningpoolstats.stream/lambda; https://miningpoolstats.stream/mazacoin-sha; https://miningpoolstats.stream/palladium,https://miningpoolstats.stream/sitemap.xml,directory,candidate,2026-09-07,2026-09-07,Pool website URL extracted from MiningPoolStats data file for aureus.
minepoolis.com,minepoolis.com,https://minepoolis.com/,https://miningpoolstats.stream/bellscoin; https://miningpoolstats.stream/bitcoin; https://miningpoolstats.stream/bitcoincash; https://miningpoolstats.stream/digibyte-sha; https://miningpoolstats.stream/dogecoin; https://miningpoolstats.stream/ecash; https://miningpoolstats.stream/ethereumclassic; https://miningpoolstats.stream/fractalbitcoin-sha; https://miningpoolstats.stream/kaspa; https://miningpoolstats.stream/litecoin; https://miningpoolstats.stream/monero; https://miningpoolstats.stream/peercoin; https://miningpoolstats.stream/pepecoin; https://miningpoolstats.stream/raptoreum; https://miningpoolstats.stream/ravencoin; https://miningpoolstats.stream/zano; https://miningpoolstats.stream/zephyr,https://miningpoolstats.stream/sitemap.xml,directory,candidate,2026-09-07,2026-09-07,Pool website URL extracted from MiningPoolStats data file for bellscoin.
miner-control.de,miner-control.de,https://miner-control.de/,https://miningpoolstats.stream/axerunners; https://miningpoolstats.stream/bolivarcoin; https://miningpoolstats.stream/deutscheemark; https://miningpoolstats.stream/verge-blake2s; https://miningpoolstats.stream/verge-scrypt,https://miningpoolstats.stream/sitemap.xml,directory,candidate,2026-09-07,2026-09-07,Pool website URL extracted from MiningPoolStats data file for axerunners.
minerlab.io,aleo-pool.minerlab.io,https://aleo-pool.minerlab.io/,https://miningpoolstats.stream/aleo,https://miningpoolstats.stream/sitemap.xml,directory,candidate,2026-09-07,2026-09-07,Pool website URL extracted from MiningPoolStats data file for aleo.
minerlab.io,qubic.minerlab.io,https://qubic.minerlab.io/,https://miningpoolstats.stream/qubic,https://miningpoolstats.stream/sitemap.xml,directory,candidate,2026-09-07,2026-09-07,Pool website URL extracted from MiningPoolStats data file for qubic.
minerlab.io,virel.minerlab.io,https://virel.minerlab.io/,https://miningpoolstats.stream/virel,https://miningpoolstats.stream/sitemap.xml,directory,candidate,2026-09-07,2026-09-07,Pool website URL extracted from MiningPoolStats data file for virel.
minerlab.io,xmr.minerlab.io,https://xmr.minerlab.io/,https://miningpoolstats.stream/monero,https://miningpoolstats.stream/sitemap.xml,directory,candidate,2026-09-07,2026-09-07,Pool website URL extracted from MiningPoolStats data file for monero.
miners-pool.com,miners-pool.com,https://miners-pool.com/,https://miningpoolstats.stream/arqma; https://miningpoolstats.stream/babacoin; https://miningpoolstats.stream/bitcoin; https://miningpoolstats.stream/bitcoinvalue; https://miningpoolstats.stream/c64chain; https://miningpoolstats.stream/fewbit; https://miningpoolstats.stream/gntlcoin; https://miningpoolstats.stream/litecoincash-minotaurx; https://miningpoolstats.stream/morelo; https://miningpoolstats.stream/satoshicash; https://miningpoolstats.stream/swampcoin; https://miningpoolstats.stream/uraniumx; https://miningpoolstats.stream/whive; https://miningpoolstats.stream/yenten; https://miningpoolstats.stream/zephyr,https://miningpoolstats.stream/sitemap.xml,directory,candidate,2026-09-07,2026-09-07,Pool website URL extracted from MiningPoolStats data file for arqma.
minersha.com,minersha.com,https://minersha.com/,https://miningpoolstats.stream/blackgoldcoin,https://miningpoolstats.stream/sitemap.xml,directory,candidate,2026-09-07,2026-09-07,Pool website URL extracted from MiningPoolStats data file for blackgoldcoin.
minesolo.co.uk,minesolo.co.uk,https://minesolo.co.uk/,https://miningpoolstats.stream/bitcoincash,https://miningpoolstats.stream/sitemap.xml,directory,candidate,2026-09-07,2026-09-07,Pool website URL extracted from MiningPoolStats data file for bitcoincash.
mining-dutch.nl,mining-dutch.nl,https://www.mining-dutch.nl/,https://miningpoolstats.stream/aeon; https://miningpoolstats.stream/arsagility; https://miningpoolstats.stream/aurumcrypto; https://miningpoolstats.stream/babacoin; https://miningpoolstats.stream/bellcoin; https://miningpoolstats.stream/bellscoin; https://miningpoolstats.stream/bit; https://miningpoolstats.stream/bitcoin; https://miningpoolstats.stream/bitcoincash; https://miningpoolstats.stream/bitcoincash2; https://miningpoolstats.stream/bitcoinii; https://miningpoolstats.stream/bitcoinsilver; https://miningpoolstats.stream/bitcoinsv; https://miningpoolstats.stream/bitgesell; https://miningpoolstats.stream/bitoreum; https://miningpoolstats.stream/bolivarcoin; https://miningpoolstats.stream/bonkcoin; https://miningpoolstats.stream/btcturquoise; https://miningpoolstats.stream/catcoin; https://miningpoolstats.stream/cointaft; https://miningpoolstats.stream/craftcoin; https://miningpoolstats.stream/cyberyen; https://miningpoolstats.stream/dash; https://miningpoolstats.stream/devault; https://miningpoolstats.stream/digibyte-odocrypt; https://miningpoolstats.stream/digibyte-qubit; https://miningpoolstats.stream/digibyte-scrypt; https://miningpoolstats.stream/digibyte-sha; https://miningpoolstats.stream/digibyte-skein; https://miningpoolstats.stream/dingocoin; https://miningpoolstats.stream/documentchain; https://miningpoolstats.stream/dogecoin; https://miningpoolstats.stream/earthcoin; https://miningpoolstats.stream/ecash; https://miningpoolstats.stream/emercoin; https://miningpoolstats.stream/ergon; https://miningpoolstats.stream/etispatnet; https://miningpoolstats.stream/feathercoin; https://miningpoolstats.stream/fennec; https://miningpoolstats.stream/ferrite; https://miningpoolstats.stream/fixedcoin; https://miningpoolstats.stream/flopcoin; https://miningpoolstats.stream/fractalbitcoin-mergedsha; https://miningpoolstats.stream/fractalbitcoin-sha; https://miningpoolstats.stream/freecash; https://miningpoolstats.stream/frencoin; https://miningpoolstats.stream/fsociety; https://miningpoolstats.stream/gaelium; https://miningpoolstats.stream/gainprox; https://miningpoolstats.stream/geckocoin; https://miningpoolstats.stream/globalboost; https://miningpoolstats.stream/goldcash; https://miningpoolstats.stream/groestlcoin; https://miningpoolstats.stream/gspcoin; https://miningpoolstats.stream/guncoin; https://miningpoolstats.stream/handshake; https://miningpoolstats.stream/hootchain; https://miningpoolstats.stream/ibithub; https://miningpoolstats.stream/jagoancoin; https://miningpoolstats.stream/junkcoin; https://miningpoolstats.stream/kerrigan-equihash; https://miningpoolstats.stream/kerrigan-kawpow; https://miningpoolstats.stream/kerrigan-x11; https://miningpoolstats.stream/komodo; https://miningpoolstats.stream/lbry; https://miningpoolstats.stream/lebowskiscoin; https://miningpoolstats.stream/litecoin; https://miningpoolstats.stream/litecoin2; https://miningpoolstats.stream/litoreum; https://miningpoolstats.stream/luckycoin; https://miningpoolstats.stream/mateablecoin-ghostrider; https://miningpoolstats.stream/mateablecoin-scrypt; https://miningpoolstats.stream/maxcoin; https://miningpoolstats.stream/maxeter; https://miningpoolstats.stream/maximus; https://miningpoolstats.stream/mecuai; https://miningpoolstats.stream/microvisionchain; https://miningpoolstats.stream/monacoin; https://miningpoolstats.stream/monero; https://miningpoolstats.stream/mooncoin; https://miningpoolstats.stream/namecoin; https://miningpoolstats.stream/neoxa; https://miningpoolstats.stream/neurai; https://miningpoolstats.stream/newyorkcoin; https://miningpoolstats.stream/osmium; https://miningpoolstats.stream/peercoin; https://miningpoolstats.stream/pepecoin; https://miningpoolstats.stream/piratechain; https://miningpoolstats.stream/quai-scrypt; https://miningpoolstats.stream/quai-sha; https://miningpoolstats.stream/questchain; https://miningpoolstats.stream/raptoreum; https://miningpoolstats.stream/ravencoin; https://miningpoolstats.stream/reaction; https://miningpoolstats.stream/satoxcoin; https://miningpoolstats.stream/shibacoin; https://miningpoolstats.stream/skydoge; https://miningpoolstats.stream/stohncoin; https://miningpoolstats.stream/subinetwork; https://miningpoolstats.stream/taichicoin; https://miningpoolstats.stream/terracoin; https://miningpoolstats.stream/theminerzcoin; https://miningpoolstats.stream/thooneum; https://miningpoolstats.stream/trumpow; https://miningpoolstats.stream/ufocoin; https://miningpoolstats.stream/unifyroom; https://miningpoolstats.stream/veco; https://miningpoolstats.stream/verge-scrypt; https://miningpoolstats.stream/vertcoin; https://miningpoolstats.stream/volkshash; https://miningpoolstats.stream/wojakcoin; https://miningpoolstats.stream/worldcoin; https://miningpoolstats.stream/xaya-sha; https://miningpoolstats.stream/ycash; https://miningpoolstats.stream/yenten; https://miningpoolstats.stream/yerbas; https://miningpoolstats.stream/zcash; https://miningpoolstats.stream/zclassic; https://miningpoolstats.stream/zero,https://miningpoolstats.stream/sitemap.xml,directory,candidate,2026-09-07,2026-09-07,Pool website URL extracted from MiningPoolStats data file for aeon.
mining-mars.com,mining-mars.com,https://mining-mars.com/,https://miningpoolstats.stream/marscoin,https://miningpoolstats.stream/sitemap.xml,directory,candidate,2026-09-07,2026-09-07,Pool website URL extracted from MiningPoolStats data file for marscoin.
mining-pool.zapto.org,mining-pool.zapto.org,https://mining-pool.zapto.org/,https://miningpoolstats.stream/auroracoin-sha; https://miningpoolstats.stream/aurumcrypto; https://miningpoolstats.stream/bitcoinsilver; https://miningpoolstats.stream/cascoin-sha; https://miningpoolstats.stream/egulden; https://miningpoolstats.stream/ergon; https://miningpoolstats.stream/evrmorecoin; https://miningpoolstats.stream/fennec; https://miningpoolstats.stream/fiurycoin; https://miningpoolstats.stream/frencoin; https://miningpoolstats.stream/goldcoin; https://miningpoolstats.stream/infinitecoin; https://miningpoolstats.stream/microbitcoin; https://miningpoolstats.stream/newenglandcoin; https://miningpoolstats.stream/qogecoin; https://miningpoolstats.stream/rebelcoin; https://miningpoolstats.stream/satoxcoin; https://miningpoolstats.stream/swampcoin; https://miningpoolstats.stream/ukkeycoin; https://miningpoolstats.stream/veco,https://miningpoolstats.stream/sitemap.xml,directory,candidate,2026-09-07,2026-09-07,Pool website URL extracted from MiningPoolStats data file for auroracoin-sha.
mining-pools.com,mining-pools.com,https://mining-pools.com/,https://miningpoolstats.stream/bitcoin; https://miningpoolstats.stream/digibyte-scrypt; https://miningpoolstats.stream/digibyte-sha; https://miningpoolstats.stream/dogecoin,https://miningpoolstats.stream/sitemap.xml,directory,candidate,2026-09-07,2026-09-07,Pool website URL extracted from MiningPoolStats data file for bitcoin.
miningcoin.online,miningcoin.online,https://miningcoin.online/,https://miningpoolstats.stream/auroracoin-scrypt; https://miningpoolstats.stream/bitrae; https://miningpoolstats.stream/boskacoin; https://miningpoolstats.stream/dogmcoin; https://miningpoolstats.stream/ferrite; https://miningpoolstats.stream/floofychain; https://miningpoolstats.stream/litecoin2; https://miningpoolstats.stream/marscoin; https://miningpoolstats.stream/peppapow; https://miningpoolstats.stream/stohncoin,https://miningpoolstats.stream/sitemap.xml,directory,candidate,2026-09-07,2026-09-07,Pool website URL extracted from MiningPoolStats data file for auroracoin-scrypt.
miningcrypto.online,btgs.miningcrypto.online,https://btgs.miningcrypto.online/,https://miningpoolstats.stream/btgscoin,https://miningpoolstats.stream/sitemap.xml,directory,candidate,2026-09-07,2026-09-07,Pool website URL extracted from MiningPoolStats data file for btgscoin.
miningcrypto.online,cms.miningcrypto.online,https://cms.miningcrypto.online/,https://miningpoolstats.stream/cmusicai,https://miningpoolstats.stream/sitemap.xml,directory,candidate,2026-09-07,2026-09-07,Pool website URL extracted from MiningPoolStats data file for cmusicai.
miningcrypto.online,fren.miningcrypto.online,https://fren.miningcrypto.online/,https://miningpoolstats.stream/frencoin,https://miningpoolstats.stream/sitemap.xml,directory,candidate,2026-09-07,2026-09-07,Pool website URL extracted from MiningPoolStats data file for frencoin.
miningcrypto.online,gael.miningcrypto.online,https://gael.miningcrypto.online/,https://miningpoolstats.stream/gaelium,https://miningpoolstats.stream/sitemap.xml,directory,candidate,2026-09-07,2026-09-07,Pool website URL extracted from MiningPoolStats data file for gaelium.
miningcrypto.online,yerb.miningcrypto.online,https://yerb.miningcrypto.online/,https://miningpoolstats.stream/yerbas,https://miningpoolstats.stream/sitemap.xml,directory,candidate,2026-09-07,2026-09-07,Pool website URL extracted from MiningPoolStats data file for yerbas.
miningocean.org,neurai.miningocean.org,https://neurai.miningocean.org/,https://miningpoolstats.stream/neurai,https://miningpoolstats.stream/sitemap.xml,directory,candidate,2026-09-07,2026-09-07,Pool website URL extracted from MiningPoolStats data file for neurai.
miningocean.org,qrl.miningocean.org,https://qrl.miningocean.org/,https://miningpoolstats.stream/quantumrl,https://miningpoolstats.stream/sitemap.xml,directory,candidate,2026-09-07,2026-09-07,Pool website URL extracted from MiningPoolStats data file for quantumrl.
miningocean.org,salvium.miningocean.org,https://salvium.miningocean.org/,https://miningpoolstats.stream/salvium,https://miningpoolstats.stream/sitemap.xml,directory,candidate,2026-09-07,2026-09-07,Pool website URL extracted from MiningPoolStats data file for salvium.
miningocean.org,upx.miningocean.org,https://upx.miningocean.org/,https://miningpoolstats.stream/uplexa,https://miningpoolstats.stream/sitemap.xml,directory,candidate,2026-09-07,2026-09-07,Pool website URL extracted from MiningPoolStats data file for uplexa.
miningocean.org,zephyr.miningocean.org,https://zephyr.miningocean.org/,https://miningpoolstats.stream/zephyr,https://miningpoolstats.stream/sitemap.xml,directory,candidate,2026-09-07,2026-09-07,Pool website URL extracted from MiningPoolStats data file for zephyr.
Miningpool,miningpool.ru,https://miningpool.ru/,https://miningpoolstats.stream/bitcoin,https://miningpoolstats.stream/sitemap.xml,directory,candidate,2026-09-07,2026-09-07,Pool website URL extracted from MiningPoolStats data file for bitcoin.
miningpoolhub.com,auroracoin-qubit.miningpoolhub.com,https://auroracoin-qubit.miningpoolhub.com/,https://miningpoolstats.stream/auroracoin-qubit,https://miningpoolstats.stream/sitemap.xml,directory,candidate,2026-09-07,2026-09-07,Pool website URL extracted from MiningPoolStats data file for auroracoin-qubit.
miningpoolhub.com,bitcoin-gold.miningpoolhub.com,https://bitcoin-gold.miningpoolhub.com/,https://miningpoolstats.stream/bitcoingold,https://miningpoolstats.stream/sitemap.xml,directory,candidate,2026-09-07,2026-09-07,Pool website URL extracted from MiningPoolStats data file for bitcoingold.
miningpoolhub.com,dash.miningpoolhub.com,https://dash.miningpoolhub.com/,https://miningpoolstats.stream/dash,https://miningpoolstats.stream/sitemap.xml,directory,candidate,2026-09-07,2026-09-07,Pool website URL extracted from MiningPoolStats data file for dash.
miningpoolhub.com,digibyte-qubit.miningpoolhub.com,https://digibyte-qubit.miningpoolhub.com/,https://miningpoolstats.stream/digibyte-qubit,https://miningpoolstats.stream/sitemap.xml,directory,candidate,2026-09-07,2026-09-07,Pool website URL extracted from MiningPoolStats data file for digibyte-qubit.
miningpoolhub.com,ethereum-classic.miningpoolhub.com,https://ethereum-classic.miningpoolhub.com/,https://miningpoolstats.stream/ethereumclassic,https://miningpoolstats.stream/sitemap.xml,directory,candidate,2026-09-07,2026-09-07,Pool website URL extracted from MiningPoolStats data file for ethereumclassic.
miningpoolhub.com,expanse.miningpoolhub.com,https://expanse.miningpoolhub.com/,https://miningpoolstats.stream/expanse,https://miningpoolstats.stream/sitemap.xml,directory,candidate,2026-09-07,2026-09-07,Pool website URL extracted from MiningPoolStats data file for expanse.
miningpoolhub.com,feathercoin.miningpoolhub.com,https://feathercoin.miningpoolhub.com/,https://miningpoolstats.stream/feathercoin,https://miningpoolstats.stream/sitemap.xml,directory,candidate,2026-09-07,2026-09-07,Pool website URL extracted from MiningPoolStats data file for feathercoin.
miningpoolhub.com,globalboosty.miningpoolhub.com,https://globalboosty.miningpoolhub.com/,https://miningpoolstats.stream/globalboost,https://miningpoolstats.stream/sitemap.xml,directory,candidate,2026-09-07,2026-09-07,Pool website URL extracted from MiningPoolStats data file for globalboost.
miningpoolhub.com,groestlcoin.miningpoolhub.com,https://groestlcoin.miningpoolhub.com/,https://miningpoolstats.stream/groestlcoin,https://miningpoolstats.stream/sitemap.xml,directory,candidate,2026-09-07,2026-09-07,Pool website URL extracted from MiningPoolStats data file for groestlcoin.
miningpoolhub.com,litecoin.miningpoolhub.com,https://litecoin.miningpoolhub.com/,https://miningpoolstats.stream/litecoin,https://miningpoolstats.stream/sitemap.xml,directory,candidate,2026-09-07,2026-09-07,Pool website URL extracted from MiningPoolStats data file for litecoin.
miningpoolhub.com,monacoin.miningpoolhub.com,https://monacoin.miningpoolhub.com/,https://miningpoolstats.stream/monacoin,https://miningpoolstats.stream/sitemap.xml,directory,candidate,2026-09-07,2026-09-07,Pool website URL extracted from MiningPoolStats data file for monacoin.
miningpoolhub.com,myriadcoin-groestl.miningpoolhub.com,https://myriadcoin-groestl.miningpoolhub.com/,https://miningpoolstats.stream/myriad-groestl,https://miningpoolstats.stream/sitemap.xml,directory,candidate,2026-09-07,2026-09-07,Pool website URL extracted from MiningPoolStats data file for myriad-groestl.
miningpoolhub.com,myriadcoin-yescrypt.miningpoolhub.com,https://myriadcoin-yescrypt.miningpoolhub.com/,https://miningpoolstats.stream/myriad-yescrypt,https://miningpoolstats.stream/sitemap.xml,directory,candidate,2026-09-07,2026-09-07,Pool website URL extracted from MiningPoolStats data file for myriad-yescrypt.
miningpoolhub.com,ravencoin.miningpoolhub.com,https://ravencoin.miningpoolhub.com/,https://miningpoolstats.stream/ravencoin,https://miningpoolstats.stream/sitemap.xml,directory,candidate,2026-09-07,2026-09-07,Pool website URL extracted from MiningPoolStats data file for ravencoin.
miningpoolhub.com,vertcoin.miningpoolhub.com,https://vertcoin.miningpoolhub.com/,https://miningpoolstats.stream/vertcoin,https://miningpoolstats.stream/sitemap.xml,directory,candidate,2026-09-07,2026-09-07,Pool website URL extracted from MiningPoolStats data file for vertcoin.
miningpoolsweden.eu,miningpoolsweden.eu,https://miningpoolsweden.eu/,https://miningpoolstats.stream/vertcoin,https://miningpoolstats.stream/sitemap.xml,directory,candidate,2026-09-07,2026-09-07,Pool website URL extracted from MiningPoolStats data file for vertcoin.
minorpool.com,arqma.minorpool.com,https://arqma.minorpool.com/,https://miningpoolstats.stream/arqma,https://miningpoolstats.stream/sitemap.xml,directory,candidate,2026-09-07,2026-09-07,Pool website URL extracted from MiningPoolStats data file for arqma.
minorpool.com,masari.minorpool.com,https://masari.minorpool.com/,https://miningpoolstats.stream/masari,https://miningpoolstats.stream/sitemap.xml,directory,candidate,2026-09-07,2026-09-07,Pool website URL extracted from MiningPoolStats data file for masari.
minorpool.com,minorpool.com,https://minorpool.com/,https://miningpoolstats.stream/bitcoin; https://miningpoolstats.stream/bitcoincash; https://miningpoolstats.stream/debitmydata; https://miningpoolstats.stream/gateviacoin; https://miningpoolstats.stream/mydogecoin; https://miningpoolstats.stream/neurai; https://miningpoolstats.stream/ordexcoin; https://miningpoolstats.stream/ordexgold; https://miningpoolstats.stream/ravencoin; https://miningpoolstats.stream/rebelcoin; https://miningpoolstats.stream/reservistencoin; https://miningpoolstats.stream/xerocoin,https://miningpoolstats.stream/sitemap.xml,directory,candidate,2026-09-07,2026-09-07,Pool website URL extracted from MiningPoolStats data file for bitcoin.
minorpool.com,mytcore.minorpool.com,https://mytcore.minorpool.com/,https://miningpoolstats.stream/mytcoin,https://miningpoolstats.stream/sitemap.xml,directory,candidate,2026-09-07,2026-09-07,Pool website URL extracted from MiningPoolStats data file for mytcoin.
minorpool.com,salvium.minorpool.com,https://salvium.minorpool.com/,https://miningpoolstats.stream/salvium,https://miningpoolstats.stream/sitemap.xml,directory,candidate,2026-09-07,2026-09-07,Pool website URL extracted from MiningPoolStats data file for salvium.
minorpool.com,zephyr.minorpool.com,https://zephyr.minorpool.com/,https://miningpoolstats.stream/zephyr,https://miningpoolstats.stream/sitemap.xml,directory,candidate,2026-09-07,2026-09-07,Pool website URL extracted from MiningPoolStats data file for zephyr.
minorpool.online,minorpool.online,https://minorpool.online/,https://miningpoolstats.stream/arsagility; https://miningpoolstats.stream/aureus; https://miningpoolstats.stream/bitcoinpurple; https://miningpoolstats.stream/btgscoin; https://miningpoolstats.stream/enigcoin; https://miningpoolstats.stream/fewbit; https://miningpoolstats.stream/fuertecoin; https://miningpoolstats.stream/gainprox; https://miningpoolstats.stream/hypercoin; https://miningpoolstats.stream/monero; https://miningpoolstats.stream/mytherra; https://miningpoolstats.stream/neobytes; https://miningpoolstats.stream/noxcoin; https://miningpoolstats.stream/raptoreum,https://miningpoolstats.stream/sitemap.xml,directory,candidate,2026-09-07,2026-09-07,Pool website URL extracted from MiningPoolStats data file for arsagility.
Mintme,mintme.com,https://www.mintme.com/,https://miningpoolstats.stream/mintmecoin,https://miningpoolstats.stream/sitemap.xml,directory,candidate,2026-09-07,2026-09-07,Pool website URL extracted from MiningPoolStats data file for mintmecoin.
Minto,minto.day,https://minto.day/,https://miningpoolstats.stream/nitocoin,https://miningpoolstats.stream/sitemap.xml,directory,candidate,2026-09-07,2026-09-07,Pool website URL extracted from MiningPoolStats data file for nitocoin.
mintsolo.com,mintsolo.com,https://mintsolo.com/,https://miningpoolstats.stream/bitcoin; https://miningpoolstats.stream/bitcoincash; https://miningpoolstats.stream/bitcoinii; https://miningpoolstats.stream/digibyte-sha,https://miningpoolstats.stream/sitemap.xml,directory,candidate,2026-09-07,2026-09-07,Pool website URL extracted from MiningPoolStats data file for bitcoin.
mkpool.com,mkpool.com,https://mkpool.com/,https://miningpoolstats.stream/bitcoin; https://miningpoolstats.stream/bitcoincash; https://miningpoolstats.stream/dash; https://miningpoolstats.stream/digibyte-sha; https://miningpoolstats.stream/dogecoin; https://miningpoolstats.stream/ecash; https://miningpoolstats.stream/kaspa; https://miningpoolstats.stream/litecoin; https://miningpoolstats.stream/nervos; https://miningpoolstats.stream/pearl; https://miningpoolstats.stream/zcash,https://miningpoolstats.stream/sitemap.xml,directory,candidate,2026-09-07,2026-09-07,Pool website URL extracted from MiningPoolStats data file for bitcoin.
mofumofu.me,koto.mofumofu.me,https://koto.mofumofu.me/,https://miningpoolstats.stream/koto,https://miningpoolstats.stream/sitemap.xml,directory,candidate,2026-09-07,2026-09-07,Pool website URL extracted from MiningPoolStats data file for koto.
mofumofu.me,kuma.mofumofu.me,https://kuma.mofumofu.me/,https://miningpoolstats.stream/kumacoin,https://miningpoolstats.stream/sitemap.xml,directory,candidate,2026-09-07,2026-09-07,Pool website URL extracted from MiningPoolStats data file for kumacoin.
mofumofu.me,mona.mofumofu.me,https://mona.mofumofu.me/,https://miningpoolstats.stream/monacoin,https://miningpoolstats.stream/sitemap.xml,directory,candidate,2026-09-07,2026-09-07,Pool website URL extracted from MiningPoolStats data file for monacoin.
mofumofu.me,nomp.mofumofu.me,https://nomp.mofumofu.me/,https://miningpoolstats.stream/bellcoin; https://miningpoolstats.stream/sugarchain,https://miningpoolstats.stream/sitemap.xml,directory,candidate,2026-09-07,2026-09-07,Pool website URL extracted from MiningPoolStats data file for bellcoin.
mofumofu.me,susu.mofumofu.me,https://susu.mofumofu.me/,https://miningpoolstats.stream/susucoin,https://miningpoolstats.stream/sitemap.xml,directory,candidate,2026-09-07,2026-09-07,Pool website URL extracted from MiningPoolStats data file for susucoin.
mofumofu.me,vbc.mofumofu.me,https://vbc.mofumofu.me/,https://miningpoolstats.stream/virbicoin,https://miningpoolstats.stream/sitemap.xml,directory,candidate,2026-09-07,2026-09-07,Pool website URL extracted from MiningPoolStats data file for virbicoin.
mofumofu.me,vips.mofumofu.me,https://vips.mofumofu.me/,https://miningpoolstats.stream/vipstarcoin,https://miningpoolstats.stream/sitemap.xml,directory,candidate,2026-09-07,2026-09-07,Pool website URL extracted from MiningPoolStats data file for vipstarcoin.
mofumofu.me,zny.mofumofu.me,https://zny.mofumofu.me/,https://miningpoolstats.stream/bitzeny,https://miningpoolstats.stream/sitemap.xml,directory,candidate,2026-09-07,2026-09-07,Pool website URL extracted from MiningPoolStats data file for bitzeny.
molepool.com,bc2.molepool.com,https://bc2.molepool.com/,https://miningpoolstats.stream/bitcoinii,https://miningpoolstats.stream/sitemap.xml,directory,candidate,2026-09-07,2026-09-07,Pool website URL extracted from MiningPoolStats data file for bitcoinii.
molepool.com,bch.molepool.com,https://bch.molepool.com/,https://miningpoolstats.stream/bitcoincash,https://miningpoolstats.stream/sitemap.xml,directory,candidate,2026-09-07,2026-09-07,Pool website URL extracted from MiningPoolStats data file for bitcoincash.
molepool.com,bsv.molepool.com,https://bsv.molepool.com/,https://miningpoolstats.stream/bitcoinsv,https://miningpoolstats.stream/sitemap.xml,directory,candidate,2026-09-07,2026-09-07,Pool website URL extracted from MiningPoolStats data file for bitcoinsv.
molepool.com,btc.molepool.com,https://btc.molepool.com/,https://miningpoolstats.stream/bitcoin,https://miningpoolstats.stream/sitemap.xml,directory,candidate,2026-09-07,2026-09-07,Pool website URL extracted from MiningPoolStats data file for bitcoin.
molepool.com,btcs.molepool.com,https://btcs.molepool.com/,https://miningpoolstats.stream/bitcoinsilver,https://miningpoolstats.stream/sitemap.xml,directory,candidate,2026-09-07,2026-09-07,Pool website URL extracted from MiningPoolStats data file for bitcoinsilver.
molepool.com,dgb.molepool.com,https://dgb.molepool.com/,https://miningpoolstats.stream/digibyte-sha,https://miningpoolstats.stream/sitemap.xml,directory,candidate,2026-09-07,2026-09-07,Pool website URL extracted from MiningPoolStats data file for digibyte-sha.
molepool.com,dgb_scrypt.molepool.com,https://dgb_scrypt.molepool.com/,https://miningpoolstats.stream/digibyte-scrypt,https://miningpoolstats.stream/sitemap.xml,directory,candidate,2026-09-07,2026-09-07,Pool website URL extracted from MiningPoolStats data file for digibyte-scrypt.
molepool.com,etc.molepool.com,https://etc.molepool.com/,https://miningpoolstats.stream/ethereumclassic,https://miningpoolstats.stream/sitemap.xml,directory,candidate,2026-09-07,2026-09-07,Pool website URL extracted from MiningPoolStats data file for ethereumclassic.
molepool.com,fb.molepool.com,https://fb.molepool.com/,https://miningpoolstats.stream/fractalbitcoin-sha,https://miningpoolstats.stream/sitemap.xml,directory,candidate,2026-09-07,2026-09-07,Pool website URL extracted from MiningPoolStats data file for fractalbitcoin-sha.
molepool.com,ltc.molepool.com,https://ltc.molepool.com/,https://miningpoolstats.stream/litecoin,https://miningpoolstats.stream/sitemap.xml,directory,candidate,2026-09-07,2026-09-07,Pool website URL extracted from MiningPoolStats data file for litecoin.
molepool.com,rvn.molepool.com,https://rvn.molepool.com/,https://miningpoolstats.stream/ravencoin,https://miningpoolstats.stream/sitemap.xml,directory,candidate,2026-09-07,2026-09-07,Pool website URL extracted from MiningPoolStats data file for ravencoin.
molepool.com,xec.molepool.com,https://xec.molepool.com/,https://miningpoolstats.stream/ecash,https://miningpoolstats.stream/sitemap.xml,directory,candidate,2026-09-07,2026-09-07,Pool website URL extracted from MiningPoolStats data file for ecash.
Monerod,monerod.org,https://monerod.org/,https://miningpoolstats.stream/monero,https://miningpoolstats.stream/sitemap.xml,directory,candidate,2026-09-07,2026-09-07,Pool website URL extracted from MiningPoolStats data file for monero.
monerohash.com,monerohash.com,https://monerohash.com/,https://miningpoolstats.stream/monero,https://miningpoolstats.stream/sitemap.xml,directory,candidate,2026-09-07,2026-09-07,Pool website URL extracted from MiningPoolStats data file for monero.
moneroocean.stream,moneroocean.stream,https://moneroocean.stream/,https://miningpoolstats.stream/arqma; https://miningpoolstats.stream/conceal; https://miningpoolstats.stream/ergo; https://miningpoolstats.stream/ethereumclassic; https://miningpoolstats.stream/monero; https://miningpoolstats.stream/neurai; https://miningpoolstats.stream/raptoreum; https://miningpoolstats.stream/ravencoin; https://miningpoolstats.stream/ryo; https://miningpoolstats.stream/salvium; https://miningpoolstats.stream/scala; https://miningpoolstats.stream/tari-c29; https://miningpoolstats.stream/tari-monerorx; https://miningpoolstats.stream/tari-randomx; https://miningpoolstats.stream/zephyr,https://miningpoolstats.stream/sitemap.xml,directory,candidate,2026-09-07,2026-09-07,Pool website URL extracted from MiningPoolStats data file for arqma.
monminepool.org,monminepool.org,https://monminepool.org/,https://miningpoolstats.stream/actinium; https://miningpoolstats.stream/garlicoin; https://miningpoolstats.stream/genix; https://miningpoolstats.stream/gobyte; https://miningpoolstats.stream/historia; https://miningpoolstats.stream/innova; https://miningpoolstats.stream/sparkspay; https://miningpoolstats.stream/vivo,https://miningpoolstats.stream/sitemap.xml,directory,candidate,2026-09-07,2026-09-07,Pool website URL extracted from MiningPoolStats data file for actinium.
mouse1.io,pool.mouse1.io,https://pool.mouse1.io/,https://miningpoolstats.stream/bitcoin,https://miningpoolstats.stream/sitemap.xml,directory,candidate,2026-09-07,2026-09-07,Pool website URL extracted from MiningPoolStats data file for bitcoin.
Mvis,mvis.ca,https://mvis.ca/,https://miningpoolstats.stream/0xbitcoin,https://miningpoolstats.stream/sitemap.xml,directory,candidate,2026-09-07,2026-09-07,Pool website URL extracted from MiningPoolStats data file for 0xbitcoin.
mydogecoin.fun,miningpool.mydogecoin.fun,https://miningpool.mydogecoin.fun/,https://miningpoolstats.stream/mydogecoin,https://miningpoolstats.stream/sitemap.xml,directory,candidate,2026-09-07,2026-09-07,Pool website URL extracted from MiningPoolStats data file for mydogecoin.
mysolopool.com,bitcoincash.mysolopool.com,https://bitcoincash.mysolopool.com/,https://miningpoolstats.stream/bitcoincash,https://miningpoolstats.stream/sitemap.xml,directory,candidate,2026-09-07,2026-09-07,Pool website URL extracted from MiningPoolStats data file for bitcoincash.
myvnc.com,buckpool.myvnc.com,http://buckpool.myvnc.com/,https://miningpoolstats.stream/buck,https://miningpoolstats.stream/sitemap.xml,directory,candidate,2026-09-07,2026-09-07,Pool website URL extracted from MiningPoolStats data file for buck.
nanopool.org,cfx.nanopool.org,https://cfx.nanopool.org/,https://miningpoolstats.stream/conflux,https://miningpoolstats.stream/sitemap.xml,directory,candidate,2026-09-07,2026-09-07,Pool website URL extracted from MiningPoolStats data file for conflux.
nanopool.org,ergo.nanopool.org,https://ergo.nanopool.org/,https://miningpoolstats.stream/ergo,https://miningpoolstats.stream/sitemap.xml,directory,candidate,2026-09-07,2026-09-07,Pool website URL extracted from MiningPoolStats data file for ergo.
nanopool.org,rvn.nanopool.org,https://rvn.nanopool.org/,https://miningpoolstats.stream/ravencoin,https://miningpoolstats.stream/sitemap.xml,directory,candidate,2026-09-07,2026-09-07,Pool website URL extracted from MiningPoolStats data file for ravencoin.
nanopool.org,xmr.nanopool.org,https://xmr.nanopool.org/,https://miningpoolstats.stream/monero,https://miningpoolstats.stream/sitemap.xml,directory,candidate,2026-09-07,2026-09-07,Pool website URL extracted from MiningPoolStats data file for monero.
Neopool,neopool.com,https://neopool.com/,https://miningpoolstats.stream/bitcoin,https://miningpoolstats.stream/sitemap.xml,directory,candidate,2026-09-07,2026-09-07,Pool website URL extracted from MiningPoolStats data file for bitcoin.
neoxa.net,mine.neoxa.net,https://mine.neoxa.net/,https://miningpoolstats.stream/neoxa,https://miningpoolstats.stream/sitemap.xml,directory,candidate,2026-09-07,2026-09-07,Pool website URL extracted from MiningPoolStats data file for neoxa.
neuraipool.com,neuraipool.com,https://neuraipool.com/,https://miningpoolstats.stream/neurai,https://miningpoolstats.stream/sitemap.xml,directory,candidate,2026-09-07,2026-09-07,Pool website URL extracted from MiningPoolStats data file for neurai.
neuropool.net,dynex.neuropool.net,https://dynex.neuropool.net/,https://miningpoolstats.stream/dynexcoin,https://miningpoolstats.stream/sitemap.xml,directory,candidate,2026-09-07,2026-09-07,Pool website URL extracted from MiningPoolStats data file for dynexcoin.
neuropool.net,neuropool.net,https://neuropool.net/,https://miningpoolstats.stream/phicoin; https://miningpoolstats.stream/rincoin,https://miningpoolstats.stream/sitemap.xml,directory,candidate,2026-09-07,2026-09-07,Pool website URL extracted from MiningPoolStats data file for phicoin.
Nexuspool,nexuspool.io,https://nexuspool.io/,https://miningpoolstats.stream/bitcoin,https://miningpoolstats.stream/sitemap.xml,directory,candidate,2026-09-07,2026-09-07,Pool website URL extracted from MiningPoolStats data file for bitcoin.
nicehash.com,nicehash.com,https://nicehash.com/,https://miningpoolstats.stream/bitcoin; https://miningpoolstats.stream/bitcoincash; https://miningpoolstats.stream/dogecoin; https://miningpoolstats.stream/litecoin; https://miningpoolstats.stream/zcash,https://miningpoolstats.stream/sitemap.xml,directory,candidate,2026-09-07,2026-09-07,Pool website URL extracted from MiningPoolStats data file for bitcoin.
night-rescue.com,night-rescue.com,https://www.night-rescue.com/,https://miningpoolstats.stream/sorachancoin,https://miningpoolstats.stream/sitemap.xml,directory,candidate,2026-09-07,2026-09-07,Pool website URL extracted from MiningPoolStats data file for sorachancoin.
ninjaraider.com,ninjaraider.com,https://ninjaraider.com/,https://miningpoolstats.stream/btxchain; https://miningpoolstats.stream/ycash,https://miningpoolstats.stream/sitemap.xml,directory,candidate,2026-09-07,2026-09-07,Pool website URL extracted from MiningPoolStats data file for btxchain.
nirmata-network.com,pool.nirmata-network.com,https://pool.nirmata-network.com/,https://miningpoolstats.stream/nirmata,https://miningpoolstats.stream/sitemap.xml,directory,candidate,2026-09-07,2026-09-07,Pool website URL extracted from MiningPoolStats data file for nirmata.
nitopool.online,pool.nitopool.online,https://pool.nitopool.online/,https://miningpoolstats.stream/bitcoin; https://miningpoolstats.stream/bitcoincash; https://miningpoolstats.stream/btgscoin; https://miningpoolstats.stream/fixedcoin; https://miningpoolstats.stream/kerrigan-equihash; https://miningpoolstats.stream/kerrigan-equihash192; https://miningpoolstats.stream/kerrigan-kawpow; https://miningpoolstats.stream/kerrigan-x11; https://miningpoolstats.stream/nitocoin,https://miningpoolstats.stream/sitemap.xml,directory,candidate,2026-09-07,2026-09-07,Pool website URL extracted from MiningPoolStats data file for bitcoin.
nitropool.net,nitropool.net,https://nitropool.net/,https://miningpoolstats.stream/bitcoinii; https://miningpoolstats.stream/bitweb; https://miningpoolstats.stream/blackgoldcoin; https://miningpoolstats.stream/fairbrix; https://miningpoolstats.stream/fennec; https://miningpoolstats.stream/krypton; https://miningpoolstats.stream/litecoin2; https://miningpoolstats.stream/nitocoin,https://miningpoolstats.stream/sitemap.xml,directory,candidate,2026-09-07,2026-09-07,Pool website URL extracted from MiningPoolStats data file for bitcoinii.
nmminer.com,solobtc.nmminer.com,https://solobtc.nmminer.com/,https://miningpoolstats.stream/bitcoin,https://miningpoolstats.stream/sitemap.xml,directory,candidate,2026-09-07,2026-09-07,Pool website URL extracted from MiningPoolStats data file for bitcoin.
Noderunners,noderunners.network,https://noderunners.network/,https://miningpoolstats.stream/bitcoin,https://miningpoolstats.stream/sitemap.xml,directory,candidate,2026-09-07,2026-09-07,Pool website URL extracted from MiningPoolStats data file for bitcoin.
norhash.com,norhash.com,https://norhash.com/,https://miningpoolstats.stream/bitcoin; https://miningpoolstats.stream/bitcoincash; https://miningpoolstats.stream/bitcoincash2; https://miningpoolstats.stream/bitcoinii; https://miningpoolstats.stream/mytherra,https://miningpoolstats.stream/sitemap.xml,directory,candidate,2026-09-07,2026-09-07,Pool website URL extracted from MiningPoolStats data file for bitcoin.
northeastsolopools.com,bch.northeastsolopools.com,https://bch.northeastsolopools.com/,https://miningpoolstats.stream/bitcoincash,https://miningpoolstats.stream/sitemap.xml,directory,candidate,2026-09-07,2026-09-07,Pool website URL extracted from MiningPoolStats data file for bitcoincash.
northminers.ca,bch.northminers.ca,https://bch.northminers.ca/,https://miningpoolstats.stream/bitcoincash,https://miningpoolstats.stream/sitemap.xml,directory,candidate,2026-09-07,2026-09-07,Pool website URL extracted from MiningPoolStats data file for bitcoincash.
northminers.ca,northminers.ca,https://northminers.ca/,https://miningpoolstats.stream/bitcoin,https://miningpoolstats.stream/sitemap.xml,directory,candidate,2026-09-07,2026-09-07,Pool website URL extracted from MiningPoolStats data file for bitcoin.
Nossd,nossd.com,https://nossd.com/,https://miningpoolstats.stream/chia,https://miningpoolstats.stream/sitemap.xml,directory,candidate,2026-09-07,2026-09-07,Pool website URL extracted from MiningPoolStats data file for chia.
noxcoin.online,nxc.noxcoin.online,https://nxc.noxcoin.online/,https://miningpoolstats.stream/noxcoin,https://miningpoolstats.stream/sitemap.xml,directory,candidate,2026-09-07,2026-09-07,Pool website URL extracted from MiningPoolStats data file for noxcoin.
nushypool.com,nushypool.com,https://nushypool.com/,https://miningpoolstats.stream/capstash; https://miningpoolstats.stream/cryptix; https://miningpoolstats.stream/ethereumclassic; https://miningpoolstats.stream/hoosat; https://miningpoolstats.stream/karlsen; https://miningpoolstats.stream/kaspa; https://miningpoolstats.stream/pearl; https://miningpoolstats.stream/radiant; https://miningpoolstats.stream/xelis; https://miningpoolstats.stream/zephyr,https://miningpoolstats.stream/sitemap.xml,directory,candidate,2026-09-07,2026-09-07,Pool website URL extracted from MiningPoolStats data file for capstash.
Ocean,ocean.xyz,https://ocean.xyz/,https://miningpoolstats.stream/bitcoin,https://miningpoolstats.stream/sitemap.xml,directory,candidate,2026-09-07,2026-09-07,Pool website URL extracted from MiningPoolStats data file for bitcoin.
okminer.com,okminer.com,https://okminer.com/,https://miningpoolstats.stream/bellscoin; https://miningpoolstats.stream/bitcoin; https://miningpoolstats.stream/bitcoincash; https://miningpoolstats.stream/craftcoin; https://miningpoolstats.stream/dingocoin; https://miningpoolstats.stream/dogecoin; https://miningpoolstats.stream/elastos; https://miningpoolstats.stream/ethereumclassic; https://miningpoolstats.stream/fractalbitcoin-sha; https://miningpoolstats.stream/junkcoin; https://miningpoolstats.stream/litecoin; https://miningpoolstats.stream/luckycoin; https://miningpoolstats.stream/namecoin; https://miningpoolstats.stream/pepecoin; https://miningpoolstats.stream/ravencoin; https://miningpoolstats.stream/shibacoin,https://miningpoolstats.stream/sitemap.xml,directory,candidate,2026-09-07,2026-09-07,Pool website URL extracted from MiningPoolStats data file for bellscoin.
Onsui Monacoin,onsui-monacoin.xyz,https://onsui-monacoin.xyz/,https://miningpoolstats.stream/monacoin,https://miningpoolstats.stream/sitemap.xml,directory,candidate,2026-09-07,2026-09-07,Pool website URL extracted from MiningPoolStats data file for monacoin.
openmarks.com,pool.openmarks.com,https://pool.openmarks.com/,https://miningpoolstats.stream/bitmark-equihash; https://miningpoolstats.stream/bitmark-x17,https://miningpoolstats.stream/sitemap.xml,directory,candidate,2026-09-07,2026-09-07,Pool website URL extracted from MiningPoolStats data file for bitmark-equihash.
Opensignumpool,opensignumpool.ddns.net,https://opensignumpool.ddns.net/,https://miningpoolstats.stream/signa,https://miningpoolstats.stream/sitemap.xml,directory,candidate,2026-09-07,2026-09-07,Pool website URL extracted from MiningPoolStats data file for signa.
ownblock.io,ownblock.io,https://ownblock.io/,https://miningpoolstats.stream/bitcoin; https://miningpoolstats.stream/bitcoincash; https://miningpoolstats.stream/monero,https://miningpoolstats.stream/sitemap.xml,directory,candidate,2026-09-07,2026-09-07,Pool website URL extracted from MiningPoolStats data file for bitcoin.
p2p-spb.xyz,p2p-spb.xyz,http://p2p-spb.xyz/,https://miningpoolstats.stream/auroracoin-groestl; https://miningpoolstats.stream/auroracoin-qubit; https://miningpoolstats.stream/auroracoin-scrypt; https://miningpoolstats.stream/auroracoin-sha; https://miningpoolstats.stream/auroracoin-skein; https://miningpoolstats.stream/avian-minotaurx; https://miningpoolstats.stream/avian-x16rt; https://miningpoolstats.stream/bitcoin; https://miningpoolstats.stream/bitcoincash; https://miningpoolstats.stream/bitcore; https://miningpoolstats.stream/dash; https://miningpoolstats.stream/digibyte-odocrypt; https://miningpoolstats.stream/digibyte-qubit; https://miningpoolstats.stream/digibyte-scrypt; https://miningpoolstats.stream/digibyte-sha; https://miningpoolstats.stream/digibyte-skein; https://miningpoolstats.stream/ecash; https://miningpoolstats.stream/fractalbitcoin-sha; https://miningpoolstats.stream/garlicoin; https://miningpoolstats.stream/goldcoin; https://miningpoolstats.stream/litecoin; https://miningpoolstats.stream/litecoincash-minotaurx; https://miningpoolstats.stream/litecoincash-sha; https://miningpoolstats.stream/microvisionchain; https://miningpoolstats.stream/myriad-argon2d; https://miningpoolstats.stream/vertcoin,https://miningpoolstats.stream/sitemap.xml,directory,candidate,2026-09-07,2026-09-07,Pool website URL extracted from MiningPoolStats data file for auroracoin-groestl.
P2Pool,p2pool.hyperdonkey.com,https://p2pool.hyperdonkey.com/,https://miningpoolstats.stream/dogecoin; https://miningpoolstats.stream/litecoin,https://miningpoolstats.stream/sitemap.xml,directory,candidate,2026-09-07,2026-09-07,Pool website URL extracted from MiningPoolStats data file for dogecoin.
p2pool.io,p2pool.io,https://p2pool.io/,https://miningpoolstats.stream/monero,https://miningpoolstats.stream/sitemap.xml,directory,candidate,2026-09-07,2026-09-07,Pool website URL extracted from MiningPoolStats data file for monero.
Pacificpool,pacificpool.ws,https://pacificpool.ws/,https://miningpoolstats.stream/mimblewimble,https://miningpoolstats.stream/sitemap.xml,directory,candidate,2026-09-07,2026-09-07,Pool website URL extracted from MiningPoolStats data file for mimblewimble.
Parasite,parasite.space,https://parasite.space/,https://miningpoolstats.stream/bitcoin,https://miningpoolstats.stream/sitemap.xml,directory,candidate,2026-09-07,2026-09-07,Pool website URL extracted from MiningPoolStats data file for bitcoin.
Pearlfortune,pearlfortune.org,https://pearlfortune.org/,https://miningpoolstats.stream/pearl,https://miningpoolstats.stream/sitemap.xml,directory,candidate,2026-09-07,2026-09-07,Pool website URL extracted from MiningPoolStats data file for pearl.
Pearlhash,pearlhash.xyz,https://pearlhash.xyz/,https://miningpoolstats.stream/pearl,https://miningpoolstats.stream/sitemap.xml,directory,candidate,2026-09-07,2026-09-07,Pool website URL extracted from MiningPoolStats data file for pearl.
peermining.org,peermining.org,https://peermining.org/,https://miningpoolstats.stream/peercoin,https://miningpoolstats.stream/sitemap.xml,directory,candidate,2026-09-07,2026-09-07,Pool website URL extracted from MiningPoolStats data file for peercoin.
pepepow.net,pool.pepepow.net,https://pool.pepepow.net/,https://miningpoolstats.stream/pepepow,https://miningpoolstats.stream/sitemap.xml,directory,candidate,2026-09-07,2026-09-07,Pool website URL extracted from MiningPoolStats data file for pepepow.
phicoin.net,pool.phicoin.net,https://pool.phicoin.net/,https://miningpoolstats.stream/phicoin,https://miningpoolstats.stream/sitemap.xml,directory,candidate,2026-09-07,2026-09-07,Pool website URL extracted from MiningPoolStats data file for phicoin.
pigeoncoin.net,pool.pigeoncoin.net,https://pool.pigeoncoin.net/,https://miningpoolstats.stream/pigeoncoin,https://miningpoolstats.stream/sitemap.xml,directory,candidate,2026-09-07,2026-09-07,Pool website URL extracted from MiningPoolStats data file for pigeoncoin.
placepool.pro,placepool.pro,https://placepool.pro/,https://miningpoolstats.stream/bitcoin; https://miningpoolstats.stream/bitcoincash; https://miningpoolstats.stream/dash; https://miningpoolstats.stream/dogecoin; https://miningpoolstats.stream/ethereumclassic; https://miningpoolstats.stream/kaspa; https://miningpoolstats.stream/litecoin; https://miningpoolstats.stream/monero; https://miningpoolstats.stream/zcash,https://miningpoolstats.stream/sitemap.xml,directory,candidate,2026-09-07,2026-09-07,Pool website URL extracted from MiningPoolStats data file for bitcoin.
Platform,platform.qubic.li,https://platform.qubic.li/,https://miningpoolstats.stream/qubic,https://miningpoolstats.stream/sitemap.xml,directory,candidate,2026-09-07,2026-09-07,Pool website URL extracted from MiningPoolStats data file for qubic.
plexhive.com,pool.plexhive.com,http://pool.plexhive.com/,https://miningpoolstats.stream/plexhive-sha,https://miningpoolstats.stream/sitemap.xml,directory,candidate,2026-09-07,2026-09-07,Pool website URL extracted from MiningPoolStats data file for plexhive-sha.
polcoin.pl,kopalnia.polcoin.pl,https://kopalnia.polcoin.pl/,https://miningpoolstats.stream/polcoin,https://miningpoolstats.stream/sitemap.xml,directory,candidate,2026-09-07,2026-09-07,Pool website URL extracted from MiningPoolStats data file for polcoin.
Pool,pool.bbscoin.click,https://pool.bbscoin.click/,https://miningpoolstats.stream/bbscoin,https://miningpoolstats.stream/sitemap.xml,directory,candidate,2026-09-07,2026-09-07,Pool website URL extracted from MiningPoolStats data file for bbscoin.
Pool,pool.bitcoinmerch.com,https://pool.bitcoinmerch.com/,https://miningpoolstats.stream/bitcoin,https://miningpoolstats.stream/sitemap.xml,directory,candidate,2026-09-07,2026-09-07,Pool website URL extracted from MiningPoolStats data file for bitcoin.
Pool,pool.btfg.space,http://pool.btfg.space/,https://miningpoolstats.stream/signa,https://miningpoolstats.stream/sitemap.xml,directory,candidate,2026-09-07,2026-09-07,Pool website URL extracted from MiningPoolStats data file for signa.
Pool,pool.conceal.network,https://pool.conceal.network/,https://miningpoolstats.stream/conceal,https://miningpoolstats.stream/sitemap.xml,directory,candidate,2026-09-07,2026-09-07,Pool website URL extracted from MiningPoolStats data file for conceal.
Pool,pool.connoraherne.com,https://pool.connoraherne.com/,https://miningpoolstats.stream/bitcoin,https://miningpoolstats.stream/sitemap.xml,directory,candidate,2026-09-07,2026-09-07,Pool website URL extracted from MiningPoolStats data file for bitcoin.
Pool,pool.defisurfers.xyz,https://pool.defisurfers.xyz/,https://miningpoolstats.stream/bitcoin,https://miningpoolstats.stream/sitemap.xml,directory,candidate,2026-09-07,2026-09-07,Pool website URL extracted from MiningPoolStats data file for bitcoin.
Pool,pool.derogold.online,https://pool.derogold.online/,https://miningpoolstats.stream/derogold,https://miningpoolstats.stream/sitemap.xml,directory,candidate,2026-09-07,2026-09-07,Pool website URL extracted from MiningPoolStats data file for derogold.
Pool,pool.digitalregion.jp,https://pool.digitalregion.jp/,https://miningpoolstats.stream/virbicoin,https://miningpoolstats.stream/sitemap.xml,directory,candidate,2026-09-07,2026-09-07,Pool website URL extracted from MiningPoolStats data file for virbicoin.
Pool,pool.easygrin.org,https://pool.easygrin.org/,https://miningpoolstats.stream/grin,https://miningpoolstats.stream/sitemap.xml,directory,candidate,2026-09-07,2026-09-07,Pool website URL extracted from MiningPoolStats data file for grin.
Pool,pool.efiliaal.nl,http://pool.efiliaal.nl/,https://miningpoolstats.stream/egulden,https://miningpoolstats.stream/sitemap.xml,directory,candidate,2026-09-07,2026-09-07,Pool website URL extracted from MiningPoolStats data file for egulden.
Pool,pool.energy,https://pool.energy/,https://miningpoolstats.stream/chia,https://miningpoolstats.stream/sitemap.xml,directory,candidate,2026-09-07,2026-09-07,Pool website URL extracted from MiningPoolStats data file for chia.
Pool,pool.etcmc.xyz,https://pool.etcmc.xyz/,https://miningpoolstats.stream/ethereumclassic,https://miningpoolstats.stream/sitemap.xml,directory,candidate,2026-09-07,2026-09-07,Pool website URL extracted from MiningPoolStats data file for ethereumclassic.
Pool,pool.excc.co,https://pool.excc.co/,https://miningpoolstats.stream/exchangecoin,https://miningpoolstats.stream/sitemap.xml,directory,candidate,2026-09-07,2026-09-07,Pool website URL extracted from MiningPoolStats data file for exchangecoin.
Pool,pool.hacash.community,https://pool.hacash.community/,https://miningpoolstats.stream/hacash,https://miningpoolstats.stream/sitemap.xml,directory,candidate,2026-09-07,2026-09-07,Pool website URL extracted from MiningPoolStats data file for hacash.
Pool,pool.imine.com,https://pool.imine.com/,https://miningpoolstats.stream/bitcoin,https://miningpoolstats.stream/sitemap.xml,directory,candidate,2026-09-07,2026-09-07,Pool website URL extracted from MiningPoolStats data file for bitcoin.
Pool,pool.linkrra.com,https://pool.linkrra.com/,https://miningpoolstats.stream/pearl,https://miningpoolstats.stream/sitemap.xml,directory,candidate,2026-09-07,2026-09-07,Pool website URL extracted from MiningPoolStats data file for pearl.
Pool,pool.mempool.com,https://pool.mempool.com/,https://miningpoolstats.stream/bitcoinsv,https://miningpoolstats.stream/sitemap.xml,directory,candidate,2026-09-07,2026-09-07,Pool website URL extracted from MiningPoolStats data file for bitcoinsv.
Pool,pool.modeloslab.xyz,https://pool.modeloslab.xyz/,https://miningpoolstats.stream/modelos,https://miningpoolstats.stream/sitemap.xml,directory,candidate,2026-09-07,2026-09-07,Pool website URL extracted from MiningPoolStats data file for modelos.
Pool,pool.mwcmonitor.com,https://pool.mwcmonitor.com/,https://miningpoolstats.stream/mimblewimble,https://miningpoolstats.stream/sitemap.xml,directory,candidate,2026-09-07,2026-09-07,Pool website URL extracted from MiningPoolStats data file for mimblewimble.
Pool,pool.nerdminer.de,https://pool.nerdminer.de/,https://miningpoolstats.stream/bitcoin,https://miningpoolstats.stream/sitemap.xml,directory,candidate,2026-09-07,2026-09-07,Pool website URL extracted from MiningPoolStats data file for bitcoin.
Pool,pool.nerdminer.io,https://pool.nerdminer.io/,https://miningpoolstats.stream/bitcoin,https://miningpoolstats.stream/sitemap.xml,directory,candidate,2026-09-07,2026-09-07,Pool website URL extracted from MiningPoolStats data file for bitcoin.
Pool,pool.nerdminers.org,https://pool.nerdminers.org/,https://miningpoolstats.stream/bitcoin,https://miningpoolstats.stream/sitemap.xml,directory,candidate,2026-09-07,2026-09-07,Pool website URL extracted from MiningPoolStats data file for bitcoin.
Pool,pool.oggcoin.org,https://pool.oggcoin.org/,https://miningpoolstats.stream/oggcoin,https://miningpoolstats.stream/sitemap.xml,directory,candidate,2026-09-07,2026-09-07,Pool website URL extracted from MiningPoolStats data file for oggcoin.
Pool,pool.pascalcoin.org,https://pool.pascalcoin.org/,https://miningpoolstats.stream/pascalcoin,https://miningpoolstats.stream/sitemap.xml,directory,candidate,2026-09-07,2026-09-07,Pool website URL extracted from MiningPoolStats data file for pascalcoin.
Pool,pool.pearlvolt.run,https://pool.pearlvolt.run/,https://miningpoolstats.stream/pearl,https://miningpoolstats.stream/sitemap.xml,directory,candidate,2026-09-07,2026-09-07,Pool website URL extracted from MiningPoolStats data file for pearl.
Pool,pool.primetriad.com,https://pool.primetriad.com/,https://miningpoolstats.stream/fractalbitcoin-sha,https://miningpoolstats.stream/sitemap.xml,directory,candidate,2026-09-07,2026-09-07,Pool website URL extracted from MiningPoolStats data file for fractalbitcoin-sha.
Pool,pool.qverse.pro,https://pool.qverse.pro/,https://miningpoolstats.stream/qubitcoin,https://miningpoolstats.stream/sitemap.xml,directory,candidate,2026-09-07,2026-09-07,Pool website URL extracted from MiningPoolStats data file for qubitcoin.
Pool,pool.qwertycoin.org,https://pool.qwertycoin.org/,https://miningpoolstats.stream/qwertycoin,https://miningpoolstats.stream/sitemap.xml,directory,candidate,2026-09-07,2026-09-07,Pool website URL extracted from MiningPoolStats data file for qwertycoin.
Pool,pool.rxt.tari.jagtech.io,https://pool.rxt.tari.jagtech.io/,https://miningpoolstats.stream/tari-randomx,https://miningpoolstats.stream/sitemap.xml,directory,candidate,2026-09-07,2026-09-07,Pool website URL extracted from MiningPoolStats data file for tari-randomx.
Pool,pool.ryo-currency.com,https://pool.ryo-currency.com/,https://miningpoolstats.stream/ryo,https://miningpoolstats.stream/sitemap.xml,directory,candidate,2026-09-07,2026-09-07,Pool website URL extracted from MiningPoolStats data file for ryo.
Pool,pool.safex.org,https://pool.safex.org/,https://miningpoolstats.stream/safex,https://miningpoolstats.stream/sitemap.xml,directory,candidate,2026-09-07,2026-09-07,Pool website URL extracted from MiningPoolStats data file for safex.
Pool,pool.satoshiradio.nl,https://pool.satoshiradio.nl/,https://miningpoolstats.stream/bitcoin,https://miningpoolstats.stream/sitemap.xml,directory,candidate,2026-09-07,2026-09-07,Pool website URL extracted from MiningPoolStats data file for bitcoin.
Pool,pool.scalaproject.io,https://pool.scalaproject.io/,https://miningpoolstats.stream/scala,https://miningpoolstats.stream/sitemap.xml,directory,candidate,2026-09-07,2026-09-07,Pool website URL extracted from MiningPoolStats data file for scala.
Pool,pool.signumcoin.ro,https://pool.signumcoin.ro/,https://miningpoolstats.stream/signa,https://miningpoolstats.stream/sitemap.xml,directory,candidate,2026-09-07,2026-09-07,Pool website URL extracted from MiningPoolStats data file for signa.
Pool,pool.solomining.de,https://pool.solomining.de/,https://miningpoolstats.stream/bitcoin,https://miningpoolstats.stream/sitemap.xml,directory,candidate,2026-09-07,2026-09-07,Pool website URL extracted from MiningPoolStats data file for bitcoin.
Pool,pool.sunnydecree.de,https://pool.sunnydecree.de/,https://miningpoolstats.stream/bitcoin,https://miningpoolstats.stream/sitemap.xml,directory,candidate,2026-09-07,2026-09-07,Pool website URL extracted from MiningPoolStats data file for bitcoin.
Pool,pool.svpool.com,https://pool.svpool.com/,https://miningpoolstats.stream/bitcoinsv,https://miningpoolstats.stream/sitemap.xml,directory,candidate,2026-09-07,2026-09-07,Pool website URL extracted from MiningPoolStats data file for bitcoinsv.
Pool,pool.vericonomy.com,https://pool.vericonomy.com/,https://miningpoolstats.stream/veriumreserve,https://miningpoolstats.stream/sitemap.xml,directory,candidate,2026-09-07,2026-09-07,Pool website URL extracted from MiningPoolStats data file for veriumreserve.
Pool,pool.yadacoin.io,http://pool.yadacoin.io/,https://miningpoolstats.stream/yadacoin,https://miningpoolstats.stream/sitemap.xml,directory,candidate,2026-09-07,2026-09-07,Pool website URL extracted from MiningPoolStats data file for yadacoin.
Pool,pool.yerbas.org,https://pool.yerbas.org/,https://miningpoolstats.stream/yerbas,https://miningpoolstats.stream/sitemap.xml,directory,candidate,2026-09-07,2026-09-07,Pool website URL extracted from MiningPoolStats data file for yerbas.
Pool,pool.zecminingpool.com,https://pool.zecminingpool.com/,https://miningpoolstats.stream/zcash,https://miningpoolstats.stream/sitemap.xml,directory,candidate,2026-09-07,2026-09-07,Pool website URL extracted from MiningPoolStats data file for zcash.
pool-pay.com,blo.pool-pay.com,https://blo.pool-pay.com/,https://miningpoolstats.stream/blocmoney,https://miningpoolstats.stream/sitemap.xml,directory,candidate,2026-09-07,2026-09-07,Pool website URL extracted from MiningPoolStats data file for blocmoney.
pool-pay.com,ccx.pool-pay.com,https://ccx.pool-pay.com/,https://miningpoolstats.stream/conceal,https://miningpoolstats.stream/sitemap.xml,directory,candidate,2026-09-07,2026-09-07,Pool website URL extracted from MiningPoolStats data file for conceal.
pool-pay.com,gntl.pool-pay.com,https://gntl.pool-pay.com/,https://miningpoolstats.stream/gntlcoin,https://miningpoolstats.stream/sitemap.xml,directory,candidate,2026-09-07,2026-09-07,Pool website URL extracted from MiningPoolStats data file for gntlcoin.
pool-pay.com,graft.pool-pay.com,https://graft.pool-pay.com/,https://miningpoolstats.stream/graft,https://miningpoolstats.stream/sitemap.xml,directory,candidate,2026-09-07,2026-09-07,Pool website URL extracted from MiningPoolStats data file for graft.
pool-pay.com,plura.pool-pay.com,https://plura.pool-pay.com/,https://miningpoolstats.stream/pluracoin,https://miningpoolstats.stream/sitemap.xml,directory,candidate,2026-09-07,2026-09-07,Pool website URL extracted from MiningPoolStats data file for pluracoin.
pool-pay.com,qrl.pool-pay.com,https://qrl.pool-pay.com/,https://miningpoolstats.stream/quantumrl,https://miningpoolstats.stream/sitemap.xml,directory,candidate,2026-09-07,2026-09-07,Pool website URL extracted from MiningPoolStats data file for quantumrl.
pool-pay.com,sumo.pool-pay.com,https://sumo.pool-pay.com/,https://miningpoolstats.stream/sumokoin,https://miningpoolstats.stream/sitemap.xml,directory,candidate,2026-09-07,2026-09-07,Pool website URL extracted from MiningPoolStats data file for sumokoin.
pool-pay.com,xkr.pool-pay.com,https://xkr.pool-pay.com/,https://miningpoolstats.stream/kryptokrona,https://miningpoolstats.stream/sitemap.xml,directory,candidate,2026-09-07,2026-09-07,Pool website URL extracted from MiningPoolStats data file for kryptokrona.
pool-pay.com,xmr.pool-pay.com,https://xmr.pool-pay.com/,https://miningpoolstats.stream/monero,https://miningpoolstats.stream/sitemap.xml,directory,candidate,2026-09-07,2026-09-07,Pool website URL extracted from MiningPoolStats data file for monero.
pool.animeco.in,pool.animeco.in,https://pool.animeco.in/,https://miningpoolstats.stream/animecoin,https://miningpoolstats.stream/sitemap.xml,directory,candidate,2026-09-07,2026-09-07,Pool website URL extracted from MiningPoolStats data file for animecoin.
pool.bch2.org,pool.bch2.org,https://pool.bch2.org/,https://miningpoolstats.stream/bitcoincash2; https://miningpoolstats.stream/elevenseventyfive,https://miningpoolstats.stream/sitemap.xml,directory,candidate,2026-09-07,2026-09-07,Pool website URL extracted from MiningPoolStats data file for bitcoincash2.
pool.elfik.ovh,pool.elfik.ovh,https://pool.elfik.ovh/,https://miningpoolstats.stream/digibyte-sha,https://miningpoolstats.stream/sitemap.xml,directory,candidate,2026-09-07,2026-09-07,Pool website URL extracted from MiningPoolStats data file for digibyte-sha.
pool.flocard.app,pool.flocard.app,https://pool.flocard.app/,https://miningpoolstats.stream/florincoin,https://miningpoolstats.stream/sitemap.xml,directory,candidate,2026-09-07,2026-09-07,Pool website URL extracted from MiningPoolStats data file for florincoin.
pool.kryptex.com,pool.kryptex.com,https://pool.kryptex.com/,https://miningpoolstats.stream/alephium; https://miningpoolstats.stream/bellscoin; https://miningpoolstats.stream/bitcoin; https://miningpoolstats.stream/bitcoincash; https://miningpoolstats.stream/bitcoinii; https://miningpoolstats.stream/bitcoinsv; https://miningpoolstats.stream/conflux; https://miningpoolstats.stream/craftcoin; https://miningpoolstats.stream/digibyte-sha; https://miningpoolstats.stream/dingocoin; https://miningpoolstats.stream/dogecoin; https://miningpoolstats.stream/ecash; https://miningpoolstats.stream/ergo; https://miningpoolstats.stream/ethereumclassic; https://miningpoolstats.stream/ethereumpow; https://miningpoolstats.stream/flopcoin; https://miningpoolstats.stream/fractalbitcoin-mergedsha; https://miningpoolstats.stream/fractalbitcoin-sha; https://miningpoolstats.stream/ironfish; https://miningpoolstats.stream/junkcoin; https://miningpoolstats.stream/kaspa; https://miningpoolstats.stream/litecoin; https://miningpoolstats.stream/luckycoin; https://miningpoolstats.stream/monero; https://miningpoolstats.stream/neurai; https://miningpoolstats.stream/nexa; https://miningpoolstats.stream/octaspace; https://miningpoolstats.stream/pearl; https://miningpoolstats.stream/pepecoin; https://miningpoolstats.stream/quai-kawpow; https://miningpoolstats.stream/quai-scrypt; https://miningpoolstats.stream/quai-sha; https://miningpoolstats.stream/radiant; https://miningpoolstats.stream/ravencoin; https://miningpoolstats.stream/salvium; https://miningpoolstats.stream/shibacoin; https://miningpoolstats.stream/tari-c29; https://miningpoolstats.stream/tari-randomx; https://miningpoolstats.stream/tari-sha3x; https://miningpoolstats.stream/trumpow; https://miningpoolstats.stream/xelis; https://miningpoolstats.stream/zcash; https://miningpoolstats.stream/zephyr,https://miningpoolstats.stream/sitemap.xml,directory,candidate,2026-09-07,2026-09-07,Pool website URL extracted from MiningPoolStats data file for alephium.
pool.r4nd0m.us,pool.r4nd0m.us,https://pool.r4nd0m.us/,https://miningpoolstats.stream/hthcoin; https://miningpoolstats.stream/swampcoin; https://miningpoolstats.stream/veco,https://miningpoolstats.stream/sitemap.xml,directory,candidate,2026-09-07,2026-09-07,Pool website URL extracted from MiningPoolStats data file for hthcoin.
pool2mine.net,etc.pool2mine.net,https://etc.pool2mine.net/,https://miningpoolstats.stream/ethereumclassic,https://miningpoolstats.stream/sitemap.xml,directory,candidate,2026-09-07,2026-09-07,Pool website URL extracted from MiningPoolStats data file for ethereumclassic.
pool2mine.net,qrl.pool2mine.net,https://qrl.pool2mine.net/,https://miningpoolstats.stream/quantumrl,https://miningpoolstats.stream/sitemap.xml,directory,candidate,2026-09-07,2026-09-07,Pool website URL extracted from MiningPoolStats data file for quantumrl.
pool2mine.net,rvn.pool2mine.net,https://rvn.pool2mine.net/,https://miningpoolstats.stream/ravencoin,https://miningpoolstats.stream/sitemap.xml,directory,candidate,2026-09-07,2026-09-07,Pool website URL extracted from MiningPoolStats data file for ravencoin.
pool4ever.com,pool4ever.com,https://pool4ever.com/,https://miningpoolstats.stream/bitcoin; https://miningpoolstats.stream/bitcoincash; https://miningpoolstats.stream/digibyte-sha; https://miningpoolstats.stream/dogecoin; https://miningpoolstats.stream/ecash; https://miningpoolstats.stream/litecoin; https://miningpoolstats.stream/mazacoin-sha; https://miningpoolstats.stream/pepecoin; https://miningpoolstats.stream/ravencoin; https://miningpoolstats.stream/satoxcoin,https://miningpoolstats.stream/sitemap.xml,directory,candidate,2026-09-07,2026-09-07,Pool website URL extracted from MiningPoolStats data file for bitcoin.
poolab.org,poolab.org,https://poolab.org/,https://miningpoolstats.stream/magpiecoin; https://miningpoolstats.stream/smartiecoin; https://miningpoolstats.stream/sugarchain; https://miningpoolstats.stream/swampcoin; https://miningpoolstats.stream/tidecoin; https://miningpoolstats.stream/veruscoin; https://miningpoolstats.stream/yenten,https://miningpoolstats.stream/sitemap.xml,directory,candidate,2026-09-07,2026-09-07,Pool website URL extracted from MiningPoolStats data file for magpiecoin.
poolbtc.io,poolbtc.io,https://poolbtc.io/,https://miningpoolstats.stream/bitcoin,https://miningpoolstats.stream/sitemap.xml,directory,candidate,2026-09-07,2026-09-07,Pool website URL extracted from MiningPoolStats data file for bitcoin.
poolflare.net,poolflare.net,https://poolflare.net/,https://miningpoolstats.stream/kadena,https://miningpoolstats.stream/sitemap.xml,directory,candidate,2026-09-07,2026-09-07,Pool website URL extracted from MiningPoolStats data file for kadena.
poolin.com,poolin.com,https://www.poolin.com/,https://miningpoolstats.stream/bellscoin; https://miningpoolstats.stream/bitcoin; https://miningpoolstats.stream/bitcoincash; https://miningpoolstats.stream/dash; https://miningpoolstats.stream/dogecoin; https://miningpoolstats.stream/ethereumclassic; https://miningpoolstats.stream/ethereumpow; https://miningpoolstats.stream/kaspa; https://miningpoolstats.stream/litecoin; https://miningpoolstats.stream/namecoin; https://miningpoolstats.stream/nervos; https://miningpoolstats.stream/zcash,https://miningpoolstats.stream/sitemap.xml,directory,candidate,2026-09-07,2026-09-07,Pool website URL extracted from MiningPoolStats data file for bellscoin.
poolminerrpm.com,poolminerrpm.com,https://poolminerrpm.com/,https://miningpoolstats.stream/digibyte-sha,https://miningpoolstats.stream/sitemap.xml,directory,candidate,2026-09-07,2026-09-07,Pool website URL extracted from MiningPoolStats data file for digibyte-sha.
poolmundoteam.ath.cx,poolmundoteam.ath.cx,https://poolmundoteam.ath.cx/,https://miningpoolstats.stream/mundoteam,https://miningpoolstats.stream/sitemap.xml,directory,candidate,2026-09-07,2026-09-07,Pool website URL extracted from MiningPoolStats data file for mundoteam.
pooly.ca,pooly.ca,https://pooly.ca/,https://miningpoolstats.stream/bitcoinz; https://miningpoolstats.stream/buck; https://miningpoolstats.stream/firo; https://miningpoolstats.stream/gemlink; https://miningpoolstats.stream/kerrigan-equihash; https://miningpoolstats.stream/kerrigan-equihash192; https://miningpoolstats.stream/kerrigan-kawpow; https://miningpoolstats.stream/kerrigan-x11; https://miningpoolstats.stream/neoxa; https://miningpoolstats.stream/ycash; https://miningpoolstats.stream/zcash; https://miningpoolstats.stream/zero,https://miningpoolstats.stream/sitemap.xml,directory,candidate,2026-09-07,2026-09-07,Pool website URL extracted from MiningPoolStats data file for bitcoinz.
powerpool.money,powerpool.money,http://powerpool.money/,https://miningpoolstats.stream/garlicoin; https://miningpoolstats.stream/pigeoncoin; https://miningpoolstats.stream/tuxcoin,https://miningpoolstats.stream/sitemap.xml,directory,candidate,2026-09-07,2026-09-07,Pool website URL extracted from MiningPoolStats data file for garlicoin.
primehash.org,primehash.org,https://primehash.org/,https://miningpoolstats.stream/litecoin2,https://miningpoolstats.stream/sitemap.xml,directory,candidate,2026-09-07,2026-09-07,Pool website URL extracted from MiningPoolStats data file for litecoin2.
Privacygateway,privacygateway.io,https://privacygateway.io/,https://miningpoolstats.stream/monero,https://miningpoolstats.stream/sitemap.xml,directory,candidate,2026-09-07,2026-09-07,Pool website URL extracted from MiningPoolStats data file for monero.
Prlforge,prlforge.com,https://prlforge.com/,https://miningpoolstats.stream/pearl,https://miningpoolstats.stream/sitemap.xml,directory,candidate,2026-09-07,2026-09-07,Pool website URL extracted from MiningPoolStats data file for pearl.
public-pool-btc.ru,public-pool-btc.ru,https://public-pool-btc.ru/,https://miningpoolstats.stream/bitcoin; https://miningpoolstats.stream/bitcoinblu; https://miningpoolstats.stream/bitcoincash; https://miningpoolstats.stream/bitcoincash2; https://miningpoolstats.stream/bitcoinii; https://miningpoolstats.stream/bitcoinsilver; https://miningpoolstats.stream/blackgoldcoin; https://miningpoolstats.stream/btgscoin; https://miningpoolstats.stream/digibyte-sha; https://miningpoolstats.stream/ecash; https://miningpoolstats.stream/elevenseventyfive; https://miningpoolstats.stream/fixedcoin; https://miningpoolstats.stream/microvisionchain; https://miningpoolstats.stream/nitocoin; https://miningpoolstats.stream/ordexcoin; https://miningpoolstats.stream/quai-sha; https://miningpoolstats.stream/wojakcoin; https://miningpoolstats.stream/xerocoin,https://miningpoolstats.stream/sitemap.xml,directory,candidate,2026-09-07,2026-09-07,Pool website URL extracted from MiningPoolStats data file for bitcoin.
Puddlepool,puddlepool.com,https://puddlepool.com/,https://miningpoolstats.stream/sedracoin,https://miningpoolstats.stream/sitemap.xml,directory,candidate,2026-09-07,2026-09-07,Pool website URL extracted from MiningPoolStats data file for sedracoin.
pukkapool.com,rtm.pukkapool.com,https://rtm.pukkapool.com/,https://miningpoolstats.stream/raptoreum,https://miningpoolstats.stream/sitemap.xml,directory,candidate,2026-09-07,2026-09-07,Pool website URL extracted from MiningPoolStats data file for raptoreum.
pullsignal.co,pearl.pullsignal.co,https://pearl.pullsignal.co/,https://miningpoolstats.stream/pearl,https://miningpoolstats.stream/sitemap.xml,directory,candidate,2026-09-07,2026-09-07,Pool website URL extracted from MiningPoolStats data file for pearl.
pullsignal.co,pullsignal.co,https://pullsignal.co/,https://miningpoolstats.stream/modelos,https://miningpoolstats.stream/sitemap.xml,directory,candidate,2026-09-07,2026-09-07,Pool website URL extracted from MiningPoolStats data file for modelos.
pwnda.org,pwnda.org,https://pwnda.org/,https://miningpoolstats.stream/zano; https://miningpoolstats.stream/zephyr,https://miningpoolstats.stream/sitemap.xml,directory,candidate,2026-09-07,2026-09-07,Pool website URL extracted from MiningPoolStats data file for zano.
pythonpool.dev,pythonpool.dev,https://pythonpool.dev/,https://miningpoolstats.stream/auroracoin-sha; https://miningpoolstats.stream/bitcoin; https://miningpoolstats.stream/bitcoin3; https://miningpoolstats.stream/bitcoincash; https://miningpoolstats.stream/bitcoincash2; https://miningpoolstats.stream/digibyte-sha; https://miningpoolstats.stream/dogecoin; https://miningpoolstats.stream/elevenseventyfive; https://miningpoolstats.stream/fjarcode; https://miningpoolstats.stream/fractalbitcoin-sha; https://miningpoolstats.stream/litecoin; https://miningpoolstats.stream/pepecoin; https://miningpoolstats.stream/xerocoin,https://miningpoolstats.stream/sitemap.xml,directory,candidate,2026-09-07,2026-09-07,Pool website URL extracted from MiningPoolStats data file for auroracoin-sha.
qkcpool.com,qkcpool.com,https://qkcpool.com/,https://miningpoolstats.stream/quarkchain,https://miningpoolstats.stream/sitemap.xml,directory,candidate,2026-09-07,2026-09-07,Pool website URL extracted from MiningPoolStats data file for quarkchain.
qoge.org,pool.qoge.org,https://pool.qoge.org/,https://miningpoolstats.stream/qogecoin,https://miningpoolstats.stream/sitemap.xml,directory,candidate,2026-09-07,2026-09-07,Pool website URL extracted from MiningPoolStats data file for qogecoin.
qoge.org,postquantum.qoge.org,https://postquantum.qoge.org/,https://miningpoolstats.stream/qogecoin,https://miningpoolstats.stream/sitemap.xml,directory,candidate,2026-09-07,2026-09-07,Pool website URL extracted from MiningPoolStats data file for qogecoin.
qubic.org,doge-stats.qubic.org,https://doge-stats.qubic.org/,https://miningpoolstats.stream/dogecoin,https://miningpoolstats.stream/sitemap.xml,directory,candidate,2026-09-07,2026-09-07,Pool website URL extracted from MiningPoolStats data file for dogecoin.
qubic.org,xmr-stats.qubic.org,https://xmr-stats.qubic.org/,https://miningpoolstats.stream/monero,https://miningpoolstats.stream/sitemap.xml,directory,candidate,2026-09-07,2026-09-07,Pool website URL extracted from MiningPoolStats data file for monero.
rabbitminer.cc,rabbitminer.cc,https://rabbitminer.cc/,https://miningpoolstats.stream/c64chain; https://miningpoolstats.stream/cereblix; https://miningpoolstats.stream/corecoin; https://miningpoolstats.stream/globalboost; https://miningpoolstats.stream/monero; https://miningpoolstats.stream/pearl; https://miningpoolstats.stream/salvium,https://miningpoolstats.stream/sitemap.xml,directory,candidate,2026-09-07,2026-09-07,Pool website URL extracted from MiningPoolStats data file for c64chain.
radioactive.sytes.net,radioactive.sytes.net,http://radioactive.sytes.net/,https://miningpoolstats.stream/bitcoinatom; https://miningpoolstats.stream/bitcoinblu; https://miningpoolstats.stream/bitcoinii; https://miningpoolstats.stream/bitcoinoil; https://miningpoolstats.stream/bitcoinpurple; https://miningpoolstats.stream/btgscoin; https://miningpoolstats.stream/fixedcoin; https://miningpoolstats.stream/lambda; https://miningpoolstats.stream/nitocoin; https://miningpoolstats.stream/palladium; https://miningpoolstats.stream/xerocoin,https://miningpoolstats.stream/sitemap.xml,directory,candidate,2026-09-07,2026-09-07,Pool website URL extracted from MiningPoolStats data file for bitcoinatom.
Raptoreum,raptoreum.zone,https://raptoreum.zone/,https://miningpoolstats.stream/raptoreum,https://miningpoolstats.stream/sitemap.xml,directory,candidate,2026-09-07,2026-09-07,Pool website URL extracted from MiningPoolStats data file for raptoreum.
ravenminer.com,ravenminer.com,https://www.ravenminer.com/,https://miningpoolstats.stream/ravencoin,https://miningpoolstats.stream/sitemap.xml,directory,candidate,2026-09-07,2026-09-07,Pool website URL extracted from MiningPoolStats data file for ravencoin.
rbmpool.com,rbmpool.com,https://rbmpool.com/,https://miningpoolstats.stream/bitcore; https://miningpoolstats.stream/monero; https://miningpoolstats.stream/raptoreum; https://miningpoolstats.stream/satoshicash,https://miningpoolstats.stream/sitemap.xml,directory,candidate,2026-09-07,2026-09-07,Pool website URL extracted from MiningPoolStats data file for bitcore.
realbitcoin.cash,mine.realbitcoin.cash,https://mine.realbitcoin.cash/,https://miningpoolstats.stream/bitcoincash,https://miningpoolstats.stream/sitemap.xml,directory,candidate,2026-09-07,2026-09-07,Pool website URL extracted from MiningPoolStats data file for bitcoincash.
Redrock,redrock.pro,https://redrock.pro/,https://miningpoolstats.stream/bitcoin,https://miningpoolstats.stream/sitemap.xml,directory,candidate,2026-09-07,2026-09-07,Pool website URL extracted from MiningPoolStats data file for bitcoin.
retromike.net,retromike.net,http://retromike.net/,https://miningpoolstats.stream/bitcoincash; https://miningpoolstats.stream/groestlcoin; https://miningpoolstats.stream/wojakcoin,https://miningpoolstats.stream/sitemap.xml,directory,candidate,2026-09-07,2026-09-07,Pool website URL extracted from MiningPoolStats data file for bitcoincash.
richwoodtech.com,dgbpool.richwoodtech.com,https://dgbpool.richwoodtech.com/,https://miningpoolstats.stream/digibyte-sha,https://miningpoolstats.stream/sitemap.xml,directory,candidate,2026-09-07,2026-09-07,Pool website URL extracted from MiningPoolStats data file for digibyte-sha.
rockpool.cloud,rockpool.cloud,https://rockpool.cloud/,https://miningpoolstats.stream/buck; https://miningpoolstats.stream/litecoinz; https://miningpoolstats.stream/zero; https://miningpoolstats.stream/zeroclassic,https://miningpoolstats.stream/sitemap.xml,directory,candidate,2026-09-07,2026-09-07,Pool website URL extracted from MiningPoolStats data file for buck.
rodb2008.com,pool.rodb2008.com,https://pool.rodb2008.com/,https://miningpoolstats.stream/aureus; https://miningpoolstats.stream/bitcoin; https://miningpoolstats.stream/bitcoinblu; https://miningpoolstats.stream/bitcoincash2; https://miningpoolstats.stream/bitcoinii; https://miningpoolstats.stream/bitcoinsilver; https://miningpoolstats.stream/bitcoinvalue; https://miningpoolstats.stream/btgscoin; https://miningpoolstats.stream/elevenseventyfive; https://miningpoolstats.stream/gateviacoin; https://miningpoolstats.stream/mytherra; https://miningpoolstats.stream/xerocoin,https://miningpoolstats.stream/sitemap.xml,directory,candidate,2026-09-07,2026-09-07,Pool website URL extracted from MiningPoolStats data file for aureus.
rplant.xyz,pool.rplant.xyz,https://pool.rplant.xyz/,https://miningpoolstats.stream/adventurecoin; https://miningpoolstats.stream/avian-minotaurx; https://miningpoolstats.stream/avian-x16rt; https://miningpoolstats.stream/babacoin; https://miningpoolstats.stream/bitcoin3; https://miningpoolstats.stream/c64chain; https://miningpoolstats.stream/cascoin-minotaurx; https://miningpoolstats.stream/cereblix; https://miningpoolstats.stream/cmusicai; https://miningpoolstats.stream/cryptix; https://miningpoolstats.stream/firo; https://miningpoolstats.stream/gaelium; https://miningpoolstats.stream/goldcash; https://miningpoolstats.stream/kerrigan-equihash192; https://miningpoolstats.stream/kerrigan-kawpow; https://miningpoolstats.stream/kiirocoin; https://miningpoolstats.stream/luckypepe; https://miningpoolstats.stream/meowcoin-meowpow; https://miningpoolstats.stream/microbitcoin; https://miningpoolstats.stream/monero; https://miningpoolstats.stream/mytcoin; https://miningpoolstats.stream/neoxa; https://miningpoolstats.stream/neurai; https://miningpoolstats.stream/nexa; https://miningpoolstats.stream/obidoge; https://miningpoolstats.stream/oggcoin; https://miningpoolstats.stream/parallax; https://miningpoolstats.stream/qubitcoin; https://miningpoolstats.stream/raptoreum; https://miningpoolstats.stream/rincoin; https://miningpoolstats.stream/salvium; https://miningpoolstats.stream/satoshicash; https://miningpoolstats.stream/skydoge; https://miningpoolstats.stream/telestai; https://miningpoolstats.stream/tidecoin; https://miningpoolstats.stream/yenten; https://miningpoolstats.stream/zephyr,https://miningpoolstats.stream/sitemap.xml,directory,candidate,2026-09-07,2026-09-07,Pool website URL extracted from MiningPoolStats data file for adventurecoin.
rt-pool.cc,rt-pool.cc,https://rt-pool.cc/,https://miningpoolstats.stream/aureus; https://miningpoolstats.stream/bitcoincash; https://miningpoolstats.stream/bitcoincash2; https://miningpoolstats.stream/bitcoinvalue; https://miningpoolstats.stream/blackgoldcoin; https://miningpoolstats.stream/btgscoin; https://miningpoolstats.stream/cheetahcoin; https://miningpoolstats.stream/digibyte-sha; https://miningpoolstats.stream/fixedcoin; https://miningpoolstats.stream/lambda; https://miningpoolstats.stream/mazacoin-sha; https://miningpoolstats.stream/nitocoin; https://miningpoolstats.stream/peercoin; https://miningpoolstats.stream/rebelcoin; https://miningpoolstats.stream/titcoin; https://miningpoolstats.stream/wojakcoin,https://miningpoolstats.stream/sitemap.xml,directory,candidate,2026-09-07,2026-09-07,Pool website URL extracted from MiningPoolStats data file for aureus.
Rupool,rupool.pro,https://rupool.pro/,https://miningpoolstats.stream/bitcoin,https://miningpoolstats.stream/sitemap.xml,directory,candidate,2026-09-07,2026-09-07,Pool website URL extracted from MiningPoolStats data file for bitcoin.
rustykaspa.org,rkstratum.rustykaspa.org,https://rkstratum.rustykaspa.org/,https://miningpoolstats.stream/kaspa,https://miningpoolstats.stream/sitemap.xml,directory,candidate,2026-09-07,2026-09-07,Pool website URL extracted from MiningPoolStats data file for kaspa.
rustykaspa.org,rustykaspa.org,https://rustykaspa.org/,https://miningpoolstats.stream/monero,https://miningpoolstats.stream/sitemap.xml,directory,candidate,2026-09-07,2026-09-07,Pool website URL extracted from MiningPoolStats data file for monero.
rwinfo.club,pool.rwinfo.club,https://pool.rwinfo.club/,https://miningpoolstats.stream/babacoin; https://miningpoolstats.stream/bitcoinzero; https://miningpoolstats.stream/cheetahcoin; https://miningpoolstats.stream/cointaft; https://miningpoolstats.stream/diminutivecoin; https://miningpoolstats.stream/dogmcoin; https://miningpoolstats.stream/ergon; https://miningpoolstats.stream/fxtc-scrypt; https://miningpoolstats.stream/ghostridercoin; https://miningpoolstats.stream/gobyte; https://miningpoolstats.stream/gspcoin; https://miningpoolstats.stream/halcyon; https://miningpoolstats.stream/maxeter; https://miningpoolstats.stream/mecuai; https://miningpoolstats.stream/neobytes; https://miningpoolstats.stream/newenglandcoin; https://miningpoolstats.stream/nikitonium; https://miningpoolstats.stream/rheix; https://miningpoolstats.stream/skytere; https://miningpoolstats.stream/spiderbyte; https://miningpoolstats.stream/tuxcoin; https://miningpoolstats.stream/ufocoin; https://miningpoolstats.stream/veco; https://miningpoolstats.stream/vivo; https://miningpoolstats.stream/waywolfcoin,https://miningpoolstats.stream/sitemap.xml,directory,candidate,2026-09-07,2026-09-07,Pool website URL extracted from MiningPoolStats data file for babacoin.
Ryopool,ryopool.eu,https://ryopool.eu/,https://miningpoolstats.stream/ryo,https://miningpoolstats.stream/sitemap.xml,directory,candidate,2026-09-07,2026-09-07,Pool website URL extracted from MiningPoolStats data file for ryo.
sbicrypto.com,sbicrypto.com,https://sbicrypto.com/,https://miningpoolstats.stream/bitcoin; https://miningpoolstats.stream/bitcoincash,https://miningpoolstats.stream/sitemap.xml,directory,candidate,2026-09-07,2026-09-07,Pool website URL extracted from MiningPoolStats data file for bitcoin.
scash.work,scash.work,https://www.scash.work/,https://miningpoolstats.stream/satoshicash,https://miningpoolstats.stream/sitemap.xml,directory,candidate,2026-09-07,2026-09-07,Pool website URL extracted from MiningPoolStats data file for satoshicash.
scprimepool.com,scprimepool.com,https://scprimepool.com/,https://miningpoolstats.stream/scprime,https://miningpoolstats.stream/sitemap.xml,directory,candidate,2026-09-07,2026-09-07,Pool website URL extracted from MiningPoolStats data file for scprime.
scrypt.ovh,pool.scrypt.ovh,https://pool.scrypt.ovh/,https://miningpoolstats.stream/kumacoin; https://miningpoolstats.stream/litebar; https://miningpoolstats.stream/quarkcoin; https://miningpoolstats.stream/ronpaulcoin; https://miningpoolstats.stream/sakuracoin,https://miningpoolstats.stream/sitemap.xml,directory,candidate,2026-09-07,2026-09-07,Pool website URL extracted from MiningPoolStats data file for kumacoin.
secpool.com,secpool.com,https://www.secpool.com/,https://miningpoolstats.stream/bitcoin,https://miningpoolstats.stream/sitemap.xml,directory,candidate,2026-09-07,2026-09-07,Pool website URL extracted from MiningPoolStats data file for bitcoin.
setenforce.ca,setenforce.ca,https://setenforce.ca/,https://miningpoolstats.stream/5gcash,https://miningpoolstats.stream/sitemap.xml,directory,candidate,2026-09-07,2026-09-07,Pool website URL extracted from MiningPoolStats data file for 5gcash.
sha256-mining.go.ro,sha256-mining.go.ro,https://sha256-mining.go.ro/,https://miningpoolstats.stream/bitcoincash; https://miningpoolstats.stream/bitcoinsilver; https://miningpoolstats.stream/btgscoin,https://miningpoolstats.stream/sitemap.xml,directory,candidate,2026-09-07,2026-09-07,Pool website URL extracted from MiningPoolStats data file for bitcoincash.
shadowhash.net,shadowhash.net,https://shadowhash.net/,https://miningpoolstats.stream/monero,https://miningpoolstats.stream/sitemap.xml,directory,candidate,2026-09-07,2026-09-07,Pool website URL extracted from MiningPoolStats data file for monero.
sigmapool.com,sigmapool.com,https://sigmapool.com/,https://miningpoolstats.stream/bitcoin; https://miningpoolstats.stream/litecoin,https://miningpoolstats.stream/sitemap.xml,directory,candidate,2026-09-07,2026-09-07,Pool website URL extracted from MiningPoolStats data file for bitcoin.
Signapool,signapool.notallmine.net,https://signapool.notallmine.net/,https://miningpoolstats.stream/signa,https://miningpoolstats.stream/sitemap.xml,directory,candidate,2026-09-07,2026-09-07,Pool website URL extracted from MiningPoolStats data file for signa.
Simplepool,simplepool.net,https://simplepool.net/,https://miningpoolstats.stream/monero,https://miningpoolstats.stream/sitemap.xml,directory,candidate,2026-09-07,2026-09-07,Pool website URL extracted from MiningPoolStats data file for monero.
sinarlink.com,cereblix.sinarlink.com,https://cereblix.sinarlink.com/,https://miningpoolstats.stream/cereblix,https://miningpoolstats.stream/sitemap.xml,directory,candidate,2026-09-07,2026-09-07,Pool website URL extracted from MiningPoolStats data file for cereblix.
sinarlink.com,verus.sinarlink.com,https://verus.sinarlink.com/,https://miningpoolstats.stream/veruscoin,https://miningpoolstats.stream/sitemap.xml,directory,candidate,2026-09-07,2026-09-07,Pool website URL extracted from MiningPoolStats data file for veruscoin.
skydoge.net,pool.skydoge.net,https://pool.skydoge.net/,https://miningpoolstats.stream/skydoge,https://miningpoolstats.stream/sitemap.xml,directory,candidate,2026-09-07,2026-09-07,Pool website URL extracted from MiningPoolStats data file for skydoge.
smartpoolmining.com,smartpoolmining.com,http://smartpoolmining.com/,https://miningpoolstats.stream/auroracoin-sha; https://miningpoolstats.stream/cheetahcoin; https://miningpoolstats.stream/dogecoin; https://miningpoolstats.stream/litecoin,https://miningpoolstats.stream/sitemap.xml,directory,candidate,2026-09-07,2026-09-07,Pool website URL extracted from MiningPoolStats data file for auroracoin-sha.
smilingpool.xyz,smilingpool.xyz,https://smilingpool.xyz/,https://miningpoolstats.stream/bitcoinii,https://miningpoolstats.stream/sitemap.xml,directory,candidate,2026-09-07,2026-09-07,Pool website URL extracted from MiningPoolStats data file for bitcoinii.
smoozypool.es,smoozypool.es,https://smoozypool.es/,https://miningpoolstats.stream/conceal; https://miningpoolstats.stream/firo; https://miningpoolstats.stream/kaspa; https://miningpoolstats.stream/monero; https://miningpoolstats.stream/piratechain; https://miningpoolstats.stream/quantumrl; https://miningpoolstats.stream/ravencoin; https://miningpoolstats.stream/salvium; https://miningpoolstats.stream/tari-c29; https://miningpoolstats.stream/tari-randomx; https://miningpoolstats.stream/tari-sha3x; https://miningpoolstats.stream/zano; https://miningpoolstats.stream/zcash; https://miningpoolstats.stream/zephyr,https://miningpoolstats.stream/sitemap.xml,directory,candidate,2026-09-07,2026-09-07,Pool website URL extracted from MiningPoolStats data file for conceal.
Sneakattack,sneakattack.se,https://sneakattack.se/,https://miningpoolstats.stream/bitcoinii,https://miningpoolstats.stream/sitemap.xml,directory,candidate,2026-09-07,2026-09-07,Pool website URL extracted from MiningPoolStats data file for bitcoinii.
Solo,solo.cat,https://solo.cat/,https://miningpoolstats.stream/bitcoin,https://miningpoolstats.stream/sitemap.xml,directory,candidate,2026-09-07,2026-09-07,Pool website URL extracted from MiningPoolStats data file for bitcoin.
Solo,solo.easygrin.org,https://solo.easygrin.org/,https://miningpoolstats.stream/grin,https://miningpoolstats.stream/sitemap.xml,directory,candidate,2026-09-07,2026-09-07,Pool website URL extracted from MiningPoolStats data file for grin.
Solo,solo.grin.money,https://solo.grin.money/,https://miningpoolstats.stream/grin,https://miningpoolstats.stream/sitemap.xml,directory,candidate,2026-09-07,2026-09-07,Pool website URL extracted from MiningPoolStats data file for grin.
Solo,solo.mineshop.eu,https://solo.mineshop.eu/,https://miningpoolstats.stream/bitcoin,https://miningpoolstats.stream/sitemap.xml,directory,candidate,2026-09-07,2026-09-07,Pool website URL extracted from MiningPoolStats data file for bitcoin.
Solo100,solo100.org,https://solo100.org/,https://miningpoolstats.stream/bitcoin,https://miningpoolstats.stream/sitemap.xml,directory,candidate,2026-09-07,2026-09-07,Pool website URL extracted from MiningPoolStats data file for bitcoin.
solobch.com,pool.solobch.com,https://pool.solobch.com/,https://miningpoolstats.stream/bitcoincash,https://miningpoolstats.stream/sitemap.xml,directory,candidate,2026-09-07,2026-09-07,Pool website URL extracted from MiningPoolStats data file for bitcoincash.
soloboost.us,soloboost.us,https://soloboost.us/,https://miningpoolstats.stream/bitcoincash; https://miningpoolstats.stream/bitcoincash2; https://miningpoolstats.stream/bitcoinii; https://miningpoolstats.stream/digibyte-sha,https://miningpoolstats.stream/sitemap.xml,directory,candidate,2026-09-07,2026-09-07,Pool website URL extracted from MiningPoolStats data file for bitcoincash.
solofury.com,solofury.com,https://solofury.com/,https://miningpoolstats.stream/bitcoin; https://miningpoolstats.stream/bitcoincash; https://miningpoolstats.stream/bitcoincash2; https://miningpoolstats.stream/bitcoinii; https://miningpoolstats.stream/ecash,https://miningpoolstats.stream/sitemap.xml,directory,candidate,2026-09-07,2026-09-07,Pool website URL extracted from MiningPoolStats data file for bitcoin.
solohash.co.uk,solohash.co.uk,https://solohash.co.uk/,https://miningpoolstats.stream/bitcoin; https://miningpoolstats.stream/bitcoincash; https://miningpoolstats.stream/dogecoin; https://miningpoolstats.stream/ecash; https://miningpoolstats.stream/litecoin,https://miningpoolstats.stream/sitemap.xml,directory,candidate,2026-09-07,2026-09-07,Pool website URL extracted from MiningPoolStats data file for bitcoin.
Sololuck,sololuck.io,https://sololuck.io/,https://miningpoolstats.stream/bitcoin,https://miningpoolstats.stream/sitemap.xml,directory,candidate,2026-09-07,2026-09-07,Pool website URL extracted from MiningPoolStats data file for bitcoin.
solomining.io,bch.solomining.io,https://bch.solomining.io/,https://miningpoolstats.stream/bitcoincash,https://miningpoolstats.stream/sitemap.xml,directory,candidate,2026-09-07,2026-09-07,Pool website URL extracted from MiningPoolStats data file for bitcoincash.
solomining.io,btc.solomining.io,https://btc.solomining.io/,https://miningpoolstats.stream/bitcoin,https://miningpoolstats.stream/sitemap.xml,directory,candidate,2026-09-07,2026-09-07,Pool website URL extracted from MiningPoolStats data file for bitcoin.
solomining.io,dgb.solomining.io,https://dgb.solomining.io/,https://miningpoolstats.stream/digibyte-odocrypt; https://miningpoolstats.stream/digibyte-qubit; https://miningpoolstats.stream/digibyte-scrypt; https://miningpoolstats.stream/digibyte-sha,https://miningpoolstats.stream/sitemap.xml,directory,candidate,2026-09-07,2026-09-07,Pool website URL extracted from MiningPoolStats data file for digibyte-odocrypt.
Solopool,solopool.com,https://solopool.com/,https://miningpoolstats.stream/bitcoin,https://miningpoolstats.stream/sitemap.xml,directory,candidate,2026-09-07,2026-09-07,Pool website URL extracted from MiningPoolStats data file for bitcoin.
Solopool,solopool.fr,https://solopool.fr/,https://miningpoolstats.stream/bitcoin,https://miningpoolstats.stream/sitemap.xml,directory,candidate,2026-09-07,2026-09-07,Pool website URL extracted from MiningPoolStats data file for bitcoin.
Solopool,solopool.us,https://solopool.us/,https://miningpoolstats.stream/monero,https://miningpoolstats.stream/sitemap.xml,directory,candidate,2026-09-07,2026-09-07,Pool website URL extracted from MiningPoolStats data file for monero.
solopool.eu,solopool.eu,https://solopool.eu/,https://miningpoolstats.stream/bitcoin; https://miningpoolstats.stream/bitcoincash; https://miningpoolstats.stream/digibyte-sha; https://miningpoolstats.stream/ecash; https://miningpoolstats.stream/namecoin; https://miningpoolstats.stream/peercoin,https://miningpoolstats.stream/sitemap.xml,directory,candidate,2026-09-07,2026-09-07,Pool website URL extracted from MiningPoolStats data file for bitcoin.
solopool.org,bc2.solopool.org,https://bc2.solopool.org/,https://miningpoolstats.stream/bitcoinii,https://miningpoolstats.stream/sitemap.xml,directory,candidate,2026-09-07,2026-09-07,Pool website URL extracted from MiningPoolStats data file for bitcoinii.
solopool.org,bch.solopool.org,https://bch.solopool.org/,https://miningpoolstats.stream/bitcoincash,https://miningpoolstats.stream/sitemap.xml,directory,candidate,2026-09-07,2026-09-07,Pool website URL extracted from MiningPoolStats data file for bitcoincash.
solopool.org,bch2.solopool.org,https://bch2.solopool.org/,https://miningpoolstats.stream/bitcoincash2,https://miningpoolstats.stream/sitemap.xml,directory,candidate,2026-09-07,2026-09-07,Pool website URL extracted from MiningPoolStats data file for bitcoincash2.
solopool.org,btc.solopool.org,https://btc.solopool.org/,https://miningpoolstats.stream/bitcoin,https://miningpoolstats.stream/sitemap.xml,directory,candidate,2026-09-07,2026-09-07,Pool website URL extracted from MiningPoolStats data file for bitcoin.
solopool.org,dgb-sha.solopool.org,https://dgb-sha.solopool.org/,https://miningpoolstats.stream/digibyte-sha,https://miningpoolstats.stream/sitemap.xml,directory,candidate,2026-09-07,2026-09-07,Pool website URL extracted from MiningPoolStats data file for digibyte-sha.
solopool.org,doge.solopool.org,https://doge.solopool.org/,https://miningpoolstats.stream/dogecoin,https://miningpoolstats.stream/sitemap.xml,directory,candidate,2026-09-07,2026-09-07,Pool website URL extracted from MiningPoolStats data file for dogecoin.
solopool.org,fb.solopool.org,https://fb.solopool.org/,https://miningpoolstats.stream/fractalbitcoin-sha,https://miningpoolstats.stream/sitemap.xml,directory,candidate,2026-09-07,2026-09-07,Pool website URL extracted from MiningPoolStats data file for fractalbitcoin-sha.
solopool.org,ltc.solopool.org,https://ltc.solopool.org/,https://miningpoolstats.stream/litecoin,https://miningpoolstats.stream/sitemap.xml,directory,candidate,2026-09-07,2026-09-07,Pool website URL extracted from MiningPoolStats data file for litecoin.
solopool.org,rvn.solopool.org,https://rvn.solopool.org/,https://miningpoolstats.stream/ravencoin,https://miningpoolstats.stream/sitemap.xml,directory,candidate,2026-09-07,2026-09-07,Pool website URL extracted from MiningPoolStats data file for ravencoin.
solopool.org,xec.solopool.org,https://xec.solopool.org/,https://miningpoolstats.stream/ecash,https://miningpoolstats.stream/sitemap.xml,directory,candidate,2026-09-07,2026-09-07,Pool website URL extracted from MiningPoolStats data file for ecash.
solopool.site,solopool.site,https://solopool.site/,https://miningpoolstats.stream/bitcoin; https://miningpoolstats.stream/bitcoinblu; https://miningpoolstats.stream/bitcoincash; https://miningpoolstats.stream/bitcoincash2; https://miningpoolstats.stream/bitcoinsilver; https://miningpoolstats.stream/cascoin-sha; https://miningpoolstats.stream/digibyte-scrypt; https://miningpoolstats.stream/digibyte-sha; https://miningpoolstats.stream/ecash; https://miningpoolstats.stream/fractalbitcoin-sha; https://miningpoolstats.stream/gateviacoin; https://miningpoolstats.stream/hypercoin; https://miningpoolstats.stream/komodo; https://miningpoolstats.stream/mazacoin-sha; https://miningpoolstats.stream/meowcoin-meowpow; https://miningpoolstats.stream/microvisionchain; https://miningpoolstats.stream/peercoin; https://miningpoolstats.stream/ravencoin; https://miningpoolstats.stream/wojakcoin; https://miningpoolstats.stream/zcash,https://miningpoolstats.stream/sitemap.xml,directory,candidate,2026-09-07,2026-09-07,Pool website URL extracted from MiningPoolStats data file for bitcoin.
Spacefarmers,spacefarmers.io,https://spacefarmers.io/,https://miningpoolstats.stream/chia,https://miningpoolstats.stream/sitemap.xml,directory,candidate,2026-09-07,2026-09-07,Pool website URL extracted from MiningPoolStats data file for chia.
sparkspay.io,mining.sparkspay.io,https://mining.sparkspay.io/,https://miningpoolstats.stream/sparkspay,https://miningpoolstats.stream/sitemap.xml,directory,candidate,2026-09-07,2026-09-07,Pool website URL extracted from MiningPoolStats data file for sparkspay.
spiderpool.com,spiderpool.com,https://www.spiderpool.com/,https://miningpoolstats.stream/bellscoin; https://miningpoolstats.stream/bitcoin; https://miningpoolstats.stream/dingocoin; https://miningpoolstats.stream/dogecoin; https://miningpoolstats.stream/ethereumclassic; https://miningpoolstats.stream/fractalbitcoin-mergedsha; https://miningpoolstats.stream/junkcoin; https://miningpoolstats.stream/litecoin; https://miningpoolstats.stream/luckycoin; https://miningpoolstats.stream/pepecoin,https://miningpoolstats.stream/sitemap.xml,directory,candidate,2026-09-07,2026-09-07,Pool website URL extracted from MiningPoolStats data file for bellscoin.
Stelo,stelo.xyz,https://stelo.xyz/,https://miningpoolstats.stream/riecoin,https://miningpoolstats.stream/sitemap.xml,directory,candidate,2026-09-07,2026-09-07,Pool website URL extracted from MiningPoolStats data file for riecoin.
stratumx.org,stratumx.org,https://www.stratumx.org/,https://miningpoolstats.stream/quai-kawpow; https://miningpoolstats.stream/quai-scrypt; https://miningpoolstats.stream/quai-sha,https://miningpoolstats.stream/sitemap.xml,directory,candidate,2026-09-07,2026-09-07,Pool website URL extracted from MiningPoolStats data file for quai-kawpow.
sunpool.top,beam.sunpool.top,https://beam.sunpool.top/,https://miningpoolstats.stream/beam,https://miningpoolstats.stream/sitemap.xml,directory,candidate,2026-09-07,2026-09-07,Pool website URL extracted from MiningPoolStats data file for beam.
superblockchain,superblockchain.zapto.org,https://superblockchain.zapto.org/,https://miningpoolstats.stream/bitcoin; https://miningpoolstats.stream/bitcoincash; https://miningpoolstats.stream/conceal; https://miningpoolstats.stream/digitalcoin-scrypt; https://miningpoolstats.stream/dogecoin; https://miningpoolstats.stream/fixedcoin; https://miningpoolstats.stream/fxtc-sha; https://miningpoolstats.stream/fxtc-x11; https://miningpoolstats.stream/gntlcoin; https://miningpoolstats.stream/infinium; https://miningpoolstats.stream/kryptokrona; https://miningpoolstats.stream/litecoin; https://miningpoolstats.stream/litecoincash-minotaurx; https://miningpoolstats.stream/mazacoin-minotaurx; https://miningpoolstats.stream/monero; https://miningpoolstats.stream/morelo; https://miningpoolstats.stream/mytcoin; https://miningpoolstats.stream/nirmata; https://miningpoolstats.stream/stohncoin; https://miningpoolstats.stream/wrkzcoin; https://miningpoolstats.stream/zano; https://miningpoolstats.stream/zentcash; https://miningpoolstats.stream/zephyr,https://miningpoolstats.stream/sitemap.xml,directory,candidate,2026-09-07,2026-09-07,Pool website URL extracted from MiningPoolStats data file for bitcoin.
supportcryptonight.com,supportcryptonight.com,https://supportcryptonight.com/,https://miningpoolstats.stream/arqma,https://miningpoolstats.stream/sitemap.xml,directory,candidate,2026-09-07,2026-09-07,Pool website URL extracted from MiningPoolStats data file for arqma.
supportxmr.com,supportxmr.com,https://supportxmr.com/,https://miningpoolstats.stream/monero,https://miningpoolstats.stream/sitemap.xml,directory,candidate,2026-09-07,2026-09-07,Pool website URL extracted from MiningPoolStats data file for monero.
suprnova.cc,c64.suprnova.cc,https://c64.suprnova.cc/,https://miningpoolstats.stream/c64chain,https://miningpoolstats.stream/sitemap.xml,directory,candidate,2026-09-07,2026-09-07,Pool website URL extracted from MiningPoolStats data file for c64chain.
suprnova.cc,dcr.suprnova.cc,https://dcr.suprnova.cc/,https://miningpoolstats.stream/decred,https://miningpoolstats.stream/sitemap.xml,directory,candidate,2026-09-07,2026-09-07,Pool website URL extracted from MiningPoolStats data file for decred.
suprnova.cc,dgbq.suprnova.cc,https://dgbq.suprnova.cc/,https://miningpoolstats.stream/digibyte-qubit,https://miningpoolstats.stream/sitemap.xml,directory,candidate,2026-09-07,2026-09-07,Pool website URL extracted from MiningPoolStats data file for digibyte-qubit.
suprnova.cc,grs.suprnova.cc,https://grs.suprnova.cc/,https://miningpoolstats.stream/groestlcoin,https://miningpoolstats.stream/sitemap.xml,directory,candidate,2026-09-07,2026-09-07,Pool website URL extracted from MiningPoolStats data file for groestlcoin.
suprnova.cc,lpepe.suprnova.cc,https://lpepe.suprnova.cc/,https://miningpoolstats.stream/luckypepe,https://miningpoolstats.stream/sitemap.xml,directory,candidate,2026-09-07,2026-09-07,Pool website URL extracted from MiningPoolStats data file for luckypepe.
suprnova.cc,prl.suprnova.cc,https://prl.suprnova.cc/,https://miningpoolstats.stream/pearl,https://miningpoolstats.stream/sitemap.xml,directory,candidate,2026-09-07,2026-09-07,Pool website URL extracted from MiningPoolStats data file for pearl.
suprnova.cc,pxc.suprnova.cc,https://pxc.suprnova.cc/,https://miningpoolstats.stream/phoenixcoin,https://miningpoolstats.stream/sitemap.xml,directory,candidate,2026-09-07,2026-09-07,Pool website URL extracted from MiningPoolStats data file for phoenixcoin.
suprnova.cc,qtc.suprnova.cc,https://qtc.suprnova.cc/,https://miningpoolstats.stream/qubitcoin,https://miningpoolstats.stream/sitemap.xml,directory,candidate,2026-09-07,2026-09-07,Pool website URL extracted from MiningPoolStats data file for qubitcoin.
suprnova.cc,ric.suprnova.cc,https://ric.suprnova.cc/,https://miningpoolstats.stream/riecoin,https://miningpoolstats.stream/sitemap.xml,directory,candidate,2026-09-07,2026-09-07,Pool website URL extracted from MiningPoolStats data file for riecoin.
suprnova.cc,rtm.suprnova.cc,https://rtm.suprnova.cc/,https://miningpoolstats.stream/raptoreum,https://miningpoolstats.stream/sitemap.xml,directory,candidate,2026-09-07,2026-09-07,Pool website URL extracted from MiningPoolStats data file for raptoreum.
suprnova.cc,rvn.suprnova.cc,https://rvn.suprnova.cc/,https://miningpoolstats.stream/ravencoin,https://miningpoolstats.stream/sitemap.xml,directory,candidate,2026-09-07,2026-09-07,Pool website URL extracted from MiningPoolStats data file for ravencoin.
suprnova.cc,vtc.suprnova.cc,https://vtc.suprnova.cc/,https://miningpoolstats.stream/vertcoin,https://miningpoolstats.stream/sitemap.xml,directory,candidate,2026-09-07,2026-09-07,Pool website URL extracted from MiningPoolStats data file for vertcoin.
suprnova.cc,xel.suprnova.cc,https://xel.suprnova.cc/,https://miningpoolstats.stream/xelis,https://miningpoolstats.stream/sitemap.xml,directory,candidate,2026-09-07,2026-09-07,Pool website URL extracted from MiningPoolStats data file for xelis.
suprnova.cc,xmr.suprnova.cc,https://xmr.suprnova.cc/,https://miningpoolstats.stream/monero,https://miningpoolstats.stream/sitemap.xml,directory,candidate,2026-09-07,2026-09-07,Pool website URL extracted from MiningPoolStats data file for monero.
suprnova.cc,zec.suprnova.cc,https://zec.suprnova.cc/,https://miningpoolstats.stream/zcash,https://miningpoolstats.stream/sitemap.xml,directory,candidate,2026-09-07,2026-09-07,Pool website URL extracted from MiningPoolStats data file for zcash.
Sweetchia,sweetchia.com,https://sweetchia.com/,https://miningpoolstats.stream/chia,https://miningpoolstats.stream/sitemap.xml,directory,candidate,2026-09-07,2026-09-07,Pool website URL extracted from MiningPoolStats data file for chia.
swgroupe.fr,swgroupe.fr,https://swgroupe.fr/,https://miningpoolstats.stream/bitcoinz; https://miningpoolstats.stream/litecoinz; https://miningpoolstats.stream/ycash; https://miningpoolstats.stream/zeroclassic,https://miningpoolstats.stream/sitemap.xml,directory,candidate,2026-09-07,2026-09-07,Pool website URL extracted from MiningPoolStats data file for bitcoinz.
Taal,taal.com,https://taal.com/,https://miningpoolstats.stream/bitcoinsv,https://miningpoolstats.stream/sitemap.xml,directory,candidate,2026-09-07,2026-09-07,Pool website URL extracted from MiningPoolStats data file for bitcoinsv.
Tallhatdoug,tallhatdoug.com,https://tallhatdoug.com/,https://miningpoolstats.stream/monero,https://miningpoolstats.stream/sitemap.xml,directory,candidate,2026-09-07,2026-09-07,Pool website URL extracted from MiningPoolStats data file for monero.
tazmining.ch,tazmining.ch,https://tazmining.ch/,https://miningpoolstats.stream/alephium; https://miningpoolstats.stream/karlsen; https://miningpoolstats.stream/kaspa; https://miningpoolstats.stream/satoshicash; https://miningpoolstats.stream/vertcoin; https://miningpoolstats.stream/veruscoin; https://miningpoolstats.stream/warthog,https://miningpoolstats.stream/sitemap.xml,directory,candidate,2026-09-07,2026-09-07,Pool website URL extracted from MiningPoolStats data file for alephium.
techminehub.com,firo-pplns.techminehub.com,https://firo-pplns.techminehub.com/,https://miningpoolstats.stream/firo,https://miningpoolstats.stream/sitemap.xml,directory,candidate,2026-09-07,2026-09-07,Pool website URL extracted from MiningPoolStats data file for firo.
Techypool,techypool.ddns.net,https://techypool.ddns.net/,https://miningpoolstats.stream/kryptokrona,https://miningpoolstats.stream/sitemap.xml,directory,candidate,2026-09-07,2026-09-07,Pool website URL extracted from MiningPoolStats data file for kryptokrona.
thebeepool.com,thebeepool.com,https://thebeepool.com/,https://miningpoolstats.stream/auroracoin-skein; https://miningpoolstats.stream/digibyte-qubit; https://miningpoolstats.stream/dimecoin,https://miningpoolstats.stream/sitemap.xml,directory,candidate,2026-09-07,2026-09-07,Pool website URL extracted from MiningPoolStats data file for auroracoin-skein.
theholyroger.com,mining.theholyroger.com,https://mining.theholyroger.com/,https://miningpoolstats.stream/theholyroger,https://miningpoolstats.stream/sitemap.xml,directory,candidate,2026-09-07,2026-09-07,Pool website URL extracted from MiningPoolStats data file for theholyroger.
thesatoshipool.cloud,thesatoshipool.cloud,https://www.thesatoshipool.cloud/,https://miningpoolstats.stream/aurumcrypto; https://miningpoolstats.stream/bitcoinii; https://miningpoolstats.stream/bitcoinsilver; https://miningpoolstats.stream/briskcoin; https://miningpoolstats.stream/cheetahcoin; https://miningpoolstats.stream/digibyte-sha; https://miningpoolstats.stream/litecoincash-sha; https://miningpoolstats.stream/rebelcoin,https://miningpoolstats.stream/sitemap.xml,directory,candidate,2026-09-07,2026-09-07,Pool website URL extracted from MiningPoolStats data file for aurumcrypto.
tidecoin.exchange,pool.tidecoin.exchange,https://pool.tidecoin.exchange/,https://miningpoolstats.stream/arielcoin; https://miningpoolstats.stream/tidecoin,https://miningpoolstats.stream/sitemap.xml,directory,candidate,2026-09-07,2026-09-07,Pool website URL extracted from MiningPoolStats data file for arielcoin.
tiger-pool.com,btx.tiger-pool.com,https://btx.tiger-pool.com/,https://miningpoolstats.stream/btxchain,https://miningpoolstats.stream/sitemap.xml,directory,candidate,2026-09-07,2026-09-07,Pool website URL extracted from MiningPoolStats data file for btxchain.
Tokenminingpool,tokenminingpool.com,http://tokenminingpool.com/,https://miningpoolstats.stream/0xbitcoin,https://miningpoolstats.stream/sitemap.xml,directory,candidate,2026-09-07,2026-09-07,Pool website URL extracted from MiningPoolStats data file for 0xbitcoin.
tokenxpool.online,tokenxpool.online,https://tokenxpool.online/,https://miningpoolstats.stream/auroracoin-scrypt; https://miningpoolstats.stream/avian-x16rt; https://miningpoolstats.stream/cheetahcoin; https://miningpoolstats.stream/devault; https://miningpoolstats.stream/digibyte-sha; https://miningpoolstats.stream/ergon; https://miningpoolstats.stream/fxtc-scrypt; https://miningpoolstats.stream/fxtc-sha; https://miningpoolstats.stream/fxtc-x11; https://miningpoolstats.stream/fxtc-x16r; https://miningpoolstats.stream/gobyte; https://miningpoolstats.stream/kerrigan-kawpow; https://miningpoolstats.stream/peercoin; https://miningpoolstats.stream/unobtanium; https://miningpoolstats.stream/vertcoin,https://miningpoolstats.stream/sitemap.xml,directory,candidate,2026-09-07,2026-09-07,Pool website URL extracted from MiningPoolStats data file for auroracoin-scrypt.
tpool.io,tpool.io,https://tpool.io/,https://miningpoolstats.stream/bellscoin; https://miningpoolstats.stream/bitcoin; https://miningpoolstats.stream/bitcoincash; https://miningpoolstats.stream/dash; https://miningpoolstats.stream/dingocoin; https://miningpoolstats.stream/dogecoin; https://miningpoolstats.stream/ethereumclassic; https://miningpoolstats.stream/fractalbitcoin-mergedsha; https://miningpoolstats.stream/litecoin; https://miningpoolstats.stream/pepecoin; https://miningpoolstats.stream/zcash,https://miningpoolstats.stream/sitemap.xml,directory,candidate,2026-09-07,2026-09-07,Pool website URL extracted from MiningPoolStats data file for bellscoin.
trustpool.cc,trustpool.cc,https://trustpool.cc/,https://miningpoolstats.stream/bellscoin; https://miningpoolstats.stream/bitcoin; https://miningpoolstats.stream/bitcoincash; https://miningpoolstats.stream/dash; https://miningpoolstats.stream/dingocoin; https://miningpoolstats.stream/dogecoin; https://miningpoolstats.stream/fractalbitcoin-mergedsha; https://miningpoolstats.stream/kaspa; https://miningpoolstats.stream/litecoin; https://miningpoolstats.stream/pepecoin; https://miningpoolstats.stream/zcash,https://miningpoolstats.stream/sitemap.xml,directory,candidate,2026-09-07,2026-09-07,Pool website URL extracted from MiningPoolStats data file for bellscoin.
tw-pool.com,tw-pool.com,https://tw-pool.com/,https://miningpoolstats.stream/alephium; https://miningpoolstats.stream/ironfish; https://miningpoolstats.stream/kaspa; https://miningpoolstats.stream/nexa; https://miningpoolstats.stream/pearl,https://miningpoolstats.stream/sitemap.xml,directory,candidate,2026-09-07,2026-09-07,Pool website URL extracted from MiningPoolStats data file for alephium.
txbitmining.com,pool.txbitmining.com,https://pool.txbitmining.com/,https://miningpoolstats.stream/warthog,https://miningpoolstats.stream/sitemap.xml,directory,candidate,2026-09-07,2026-09-07,Pool website URL extracted from MiningPoolStats data file for warthog.
ukkey3.space,pool.ukkey3.space,https://pool.ukkey3.space/,https://miningpoolstats.stream/ukkeycoin,https://miningpoolstats.stream/sitemap.xml,directory,candidate,2026-09-07,2026-09-07,Pool website URL extracted from MiningPoolStats data file for ukkeycoin.
ultimuspool.com,ultimuspool.com,https://www.ultimuspool.com/,https://miningpoolstats.stream/bitcoin,https://miningpoolstats.stream/sitemap.xml,directory,candidate,2026-09-07,2026-09-07,Pool website URL extracted from MiningPoolStats data file for bitcoin.
ultranote.org,infinity.ultranote.org,https://infinity.ultranote.org/,https://miningpoolstats.stream/ultranoteinfinity,https://miningpoolstats.stream/sitemap.xml,directory,candidate,2026-09-07,2026-09-07,Pool website URL extracted from MiningPoolStats data file for ultranoteinfinity.
unipoolia.com,unipoolia.com,https://unipoolia.com/,https://miningpoolstats.stream/florincoin; https://miningpoolstats.stream/magi,https://miningpoolstats.stream/sitemap.xml,directory,candidate,2026-09-07,2026-09-07,Pool website URL extracted from MiningPoolStats data file for florincoin.
uraniumx.org,pool.uraniumx.org,http://pool.uraniumx.org/,https://miningpoolstats.stream/uraniumx,https://miningpoolstats.stream/sitemap.xml,directory,candidate,2026-09-07,2026-09-07,Pool website URL extracted from MiningPoolStats data file for uraniumx.
Usbpool,usbpool.com,https://usbpool.com/,https://miningpoolstats.stream/bitcoin,https://miningpoolstats.stream/sitemap.xml,directory,candidate,2026-09-07,2026-09-07,Pool website URL extracted from MiningPoolStats data file for bitcoin.
vandermine.com,vandermine.com,https://www.vandermine.com/,https://miningpoolstats.stream/babacoin; https://miningpoolstats.stream/spacexpanse-neoscrypt; https://miningpoolstats.stream/yenten,https://miningpoolstats.stream/sitemap.xml,directory,candidate,2026-09-07,2026-09-07,Pool website URL extracted from MiningPoolStats data file for babacoin.
vargatech.net,bch.vargatech.net,https://bch.vargatech.net/,https://miningpoolstats.stream/bitcoincash,https://miningpoolstats.stream/sitemap.xml,directory,candidate,2026-09-07,2026-09-07,Pool website URL extracted from MiningPoolStats data file for bitcoincash.
vargatech.net,btc.vargatech.net,https://btc.vargatech.net/,https://miningpoolstats.stream/bitcoin,https://miningpoolstats.stream/sitemap.xml,directory,candidate,2026-09-07,2026-09-07,Pool website URL extracted from MiningPoolStats data file for bitcoin.
vargatech.net,signamining.vargatech.net,https://signamining.vargatech.net/,https://miningpoolstats.stream/signa,https://miningpoolstats.stream/sitemap.xml,directory,candidate,2026-09-07,2026-09-07,Pool website URL extracted from MiningPoolStats data file for signa.
vargatech.net,xec.vargatech.net,https://xec.vargatech.net/,https://miningpoolstats.stream/ecash,https://miningpoolstats.stream/sitemap.xml,directory,candidate,2026-09-07,2026-09-07,Pool website URL extracted from MiningPoolStats data file for ecash.
Vbk Reb0Rn,vbk-reb0rn.ddns.net,http://vbk-reb0rn.ddns.net/,https://miningpoolstats.stream/veriblock,https://miningpoolstats.stream/sitemap.xml,directory,candidate,2026-09-07,2026-09-07,Pool website URL extracted from MiningPoolStats data file for veriblock.
versacoinmining.com,versacoinmining.com,https://versacoinmining.com/,https://miningpoolstats.stream/versacoin,https://miningpoolstats.stream/sitemap.xml,directory,candidate,2026-09-07,2026-09-07,Pool website URL extracted from MiningPoolStats data file for versacoin.
verus.farm,verus.farm,https://verus.farm/,https://miningpoolstats.stream/veruscoin,https://miningpoolstats.stream/sitemap.xml,directory,candidate,2026-09-07,2026-09-07,Pool website URL extracted from MiningPoolStats data file for veruscoin.
verus.io,poolweb.verus.io,https://poolweb.verus.io/,https://miningpoolstats.stream/veruscoin,https://miningpoolstats.stream/sitemap.xml,directory,candidate,2026-09-07,2026-09-07,Pool website URL extracted from MiningPoolStats data file for veruscoin.
vexta-pool.co.uk,vexta-pool.co.uk,https://vexta-pool.co.uk/,https://miningpoolstats.stream/bitcoin3; https://miningpoolstats.stream/bitcoincash2; https://miningpoolstats.stream/bitcoinii; https://miningpoolstats.stream/litecoin2,https://miningpoolstats.stream/sitemap.xml,directory,candidate,2026-09-07,2026-09-07,Pool website URL extracted from MiningPoolStats data file for bitcoin3.
viabtc.com,viabtc.com,https://www.viabtc.com/,https://miningpoolstats.stream/bellscoin; https://miningpoolstats.stream/bitcoin; https://miningpoolstats.stream/bitcoincash; https://miningpoolstats.stream/dash; https://miningpoolstats.stream/dingocoin; https://miningpoolstats.stream/dogecoin; https://miningpoolstats.stream/fractalbitcoin-mergedsha; https://miningpoolstats.stream/kaspa; https://miningpoolstats.stream/litecoin; https://miningpoolstats.stream/namecoin; https://miningpoolstats.stream/pepecoin; https://miningpoolstats.stream/zcash,https://miningpoolstats.stream/sitemap.xml,directory,candidate,2026-09-07,2026-09-07,Pool website URL extracted from MiningPoolStats data file for bellscoin.
vipor.net,vipor.net,https://vipor.net/,https://miningpoolstats.stream/neurai; https://miningpoolstats.stream/radiant; https://miningpoolstats.stream/veruscoin; https://miningpoolstats.stream/warthog; https://miningpoolstats.stream/xelis,https://miningpoolstats.stream/sitemap.xml,directory,candidate,2026-09-07,2026-09-07,Pool website URL extracted from MiningPoolStats data file for neurai.
vippool.net,vippool.net,https://vippool.net/,https://miningpoolstats.stream/monacoin,https://miningpoolstats.stream/sitemap.xml,directory,candidate,2026-09-07,2026-09-07,Pool website URL extracted from MiningPoolStats data file for monacoin.
virdpool.com,ar.virdpool.com,https://ar.virdpool.com/,https://miningpoolstats.stream/arweave,https://miningpoolstats.stream/sitemap.xml,directory,candidate,2026-09-07,2026-09-07,Pool website URL extracted from MiningPoolStats data file for arweave.
wattpool.net,aqua-solo.wattpool.net,https://aqua-solo.wattpool.net/,https://miningpoolstats.stream/aquachain,https://miningpoolstats.stream/sitemap.xml,directory,candidate,2026-09-07,2026-09-07,Pool website URL extracted from MiningPoolStats data file for aquachain.
wattpool.net,aqua.wattpool.net,https://aqua.wattpool.net/,https://miningpoolstats.stream/aquachain,https://miningpoolstats.stream/sitemap.xml,directory,candidate,2026-09-07,2026-09-07,Pool website URL extracted from MiningPoolStats data file for aquachain.
wattpool.net,etho-solo.wattpool.net,https://etho-solo.wattpool.net/,https://miningpoolstats.stream/etho,https://miningpoolstats.stream/sitemap.xml,directory,candidate,2026-09-07,2026-09-07,Pool website URL extracted from MiningPoolStats data file for etho.
wattpool.net,etho.wattpool.net,https://etho.wattpool.net/,https://miningpoolstats.stream/etho,https://miningpoolstats.stream/sitemap.xml,directory,candidate,2026-09-07,2026-09-07,Pool website URL extracted from MiningPoolStats data file for etho.
wattpool.net,mintme.wattpool.net,https://mintme.wattpool.net/,https://miningpoolstats.stream/mintmecoin,https://miningpoolstats.stream/sitemap.xml,directory,candidate,2026-09-07,2026-09-07,Pool website URL extracted from MiningPoolStats data file for mintmecoin.
wattpool.net,ubiq-solo.wattpool.net,https://ubiq-solo.wattpool.net/,https://miningpoolstats.stream/ubiq,https://miningpoolstats.stream/sitemap.xml,directory,candidate,2026-09-07,2026-09-07,Pool website URL extracted from MiningPoolStats data file for ubiq.
wattpool.net,ubiq.wattpool.net,https://ubiq.wattpool.net/,https://miningpoolstats.stream/ubiq,https://miningpoolstats.stream/sitemap.xml,directory,candidate,2026-09-07,2026-09-07,Pool website URL extracted from MiningPoolStats data file for ubiq.
wattpool.net,verus.wattpool.net,https://verus.wattpool.net/,https://miningpoolstats.stream/veruscoin,https://miningpoolstats.stream/sitemap.xml,directory,candidate,2026-09-07,2026-09-07,Pool website URL extracted from MiningPoolStats data file for veruscoin.
Web,web.public-pool.io,https://web.public-pool.io/,https://miningpoolstats.stream/bitcoin,https://miningpoolstats.stream/sitemap.xml,directory,candidate,2026-09-07,2026-09-07,Pool website URL extracted from MiningPoolStats data file for bitcoin.
whalepool.com,whalepool.com,https://whalepool.com/,https://miningpoolstats.stream/aleo; https://miningpoolstats.stream/alephium; https://miningpoolstats.stream/dogecoin; https://miningpoolstats.stream/entropyx; https://miningpoolstats.stream/kaspa; https://miningpoolstats.stream/litecoin; https://miningpoolstats.stream/radiant,https://miningpoolstats.stream/sitemap.xml,directory,candidate,2026-09-07,2026-09-07,Pool website URL extracted from MiningPoolStats data file for aleo.
whiskymine.io,whiskymine.io,https://whiskymine.io/,https://miningpoolstats.stream/salvium,https://miningpoolstats.stream/sitemap.xml,directory,candidate,2026-09-07,2026-09-07,Pool website URL extracted from MiningPoolStats data file for salvium.
Whitebit,whitebit.com,https://whitebit.com/,https://miningpoolstats.stream/bitcoin,https://miningpoolstats.stream/sitemap.xml,directory,candidate,2026-09-07,2026-09-07,Pool website URL extracted from MiningPoolStats data file for bitcoin.
whivepool.cointest.com,whivepool.cointest.com,http://whivepool.cointest.com/,https://miningpoolstats.stream/whive,https://miningpoolstats.stream/sitemap.xml,directory,candidate,2026-09-07,2026-09-07,Pool website URL extracted from MiningPoolStats data file for whive.
woolypooly.com,woolypooly.com,https://woolypooly.com/,https://miningpoolstats.stream/aeternity; https://miningpoolstats.stream/alephium; https://miningpoolstats.stream/conflux; https://miningpoolstats.stream/cortex; https://miningpoolstats.stream/decred; https://miningpoolstats.stream/ergo; https://miningpoolstats.stream/ethereumclassic; https://miningpoolstats.stream/ethereumpow; https://miningpoolstats.stream/firo; https://miningpoolstats.stream/karlsen; https://miningpoolstats.stream/kaspa; https://miningpoolstats.stream/meowcoin-meowpow; https://miningpoolstats.stream/mimblewimble; https://miningpoolstats.stream/neurai; https://miningpoolstats.stream/nexa; https://miningpoolstats.stream/octaspace; https://miningpoolstats.stream/pearl; https://miningpoolstats.stream/radiant; https://miningpoolstats.stream/raptoreum; https://miningpoolstats.stream/ravencoin; https://miningpoolstats.stream/vertcoin; https://miningpoolstats.stream/warthog; https://miningpoolstats.stream/xelis; https://miningpoolstats.stream/zano,https://miningpoolstats.stream/sitemap.xml,directory,candidate,2026-09-07,2026-09-07,Pool website URL extracted from MiningPoolStats data file for aeternity.
xchpool.org,xchpool.org,https://xchpool.org/,https://miningpoolstats.stream/chia,https://miningpoolstats.stream/sitemap.xml,directory,candidate,2026-09-07,2026-09-07,Pool website URL extracted from MiningPoolStats data file for chia.
Xdag,xdag.org,https://xdag.org/,https://miningpoolstats.stream/dagger,https://miningpoolstats.stream/sitemap.xml,directory,candidate,2026-09-07,2026-09-07,Pool website URL extracted from MiningPoolStats data file for dagger.
xdag1usa.com,xdag1usa.com,https://xdag1usa.com/,https://miningpoolstats.stream/waglayla; https://miningpoolstats.stream/zephyr,https://miningpoolstats.stream/sitemap.xml,directory,candidate,2026-09-07,2026-09-07,Pool website URL extracted from MiningPoolStats data file for waglayla.
Xdagreef,xdagreef.org,http://www.xdagreef.org/,https://miningpoolstats.stream/dagger,https://miningpoolstats.stream/sitemap.xml,directory,candidate,2026-09-07,2026-09-07,Pool website URL extracted from MiningPoolStats data file for dagger.
Xmr,xmr.farm,https://xmr.farm/,https://miningpoolstats.stream/monero,https://miningpoolstats.stream/sitemap.xml,directory,candidate,2026-09-07,2026-09-07,Pool website URL extracted from MiningPoolStats data file for monero.
Xmr,xmr.pw,https://xmr.pw/,https://miningpoolstats.stream/monero,https://miningpoolstats.stream/sitemap.xml,directory,candidate,2026-09-07,2026-09-07,Pool website URL extracted from MiningPoolStats data file for monero.
xmr.pt,pool.xmr.pt,https://pool.xmr.pt/,https://miningpoolstats.stream/monero,https://miningpoolstats.stream/sitemap.xml,directory,candidate,2026-09-07,2026-09-07,Pool website URL extracted from MiningPoolStats data file for monero.
xmrpool.eu,web.xmrpool.eu,https://web.xmrpool.eu/,https://miningpoolstats.stream/monero,https://miningpoolstats.stream/sitemap.xml,directory,candidate,2026-09-07,2026-09-07,Pool website URL extracted from MiningPoolStats data file for monero.
xpoolx.com,xpoolx.com,https://xpoolx.com/,https://miningpoolstats.stream/neoxa; https://miningpoolstats.stream/ordexcoin; https://miningpoolstats.stream/raptoreum; https://miningpoolstats.stream/zephyr,https://miningpoolstats.stream/sitemap.xml,directory,candidate,2026-09-07,2026-09-07,Pool website URL extracted from MiningPoolStats data file for neoxa.
xppool.in,bch.xppool.in,https://bch.xppool.in/,https://miningpoolstats.stream/bitcoincash,https://miningpoolstats.stream/sitemap.xml,directory,candidate,2026-09-07,2026-09-07,Pool website URL extracted from MiningPoolStats data file for bitcoincash.
xppool.in,btc.xppool.in,https://btc.xppool.in/,https://miningpoolstats.stream/bitcoin,https://miningpoolstats.stream/sitemap.xml,directory,candidate,2026-09-07,2026-09-07,Pool website URL extracted from MiningPoolStats data file for bitcoin.
xppool.in,myt.xppool.in,https://myt.xppool.in/,https://miningpoolstats.stream/mytherra,https://miningpoolstats.stream/sitemap.xml,directory,candidate,2026-09-07,2026-09-07,Pool website URL extracted from MiningPoolStats data file for mytherra.
xppool.in,xec.xppool.in,https://xec.xppool.in/,https://miningpoolstats.stream/ecash,https://miningpoolstats.stream/sitemap.xml,directory,candidate,2026-09-07,2026-09-07,Pool website URL extracted from MiningPoolStats data file for ecash.
xvg-pool.com,xvg-pool.com,https://xvg-pool.com/,https://miningpoolstats.stream/verge-blake2s; https://miningpoolstats.stream/verge-groestl; https://miningpoolstats.stream/verge-lyra; https://miningpoolstats.stream/verge-scrypt; https://miningpoolstats.stream/verge-x17,https://miningpoolstats.stream/sitemap.xml,directory,candidate,2026-09-07,2026-09-07,Pool website URL extracted from MiningPoolStats data file for verge-blake2s.
yadaminers.pl,veil.yadaminers.pl,https://veil.yadaminers.pl/,https://miningpoolstats.stream/veil-progpow; https://miningpoolstats.stream/veil-randomx; https://miningpoolstats.stream/veil-sha,https://miningpoolstats.stream/sitemap.xml,directory,candidate,2026-09-07,2026-09-07,Pool website URL extracted from MiningPoolStats data file for veil-progpow.
yenten-pool.info,yenten-pool.info,http://yenten-pool.info/,https://miningpoolstats.stream/yenten,https://miningpoolstats.stream/sitemap.xml,directory,candidate,2026-09-07,2026-09-07,Pool website URL extracted from MiningPoolStats data file for yenten.
zalmex.online,zalmex.online,https://zalmex.online/,https://miningpoolstats.stream/australiacash; https://miningpoolstats.stream/boskacoin; https://miningpoolstats.stream/chaucha; https://miningpoolstats.stream/dogmcoin; https://miningpoolstats.stream/fedoracoin; https://miningpoolstats.stream/goldcoin; https://miningpoolstats.stream/infinitecoin; https://miningpoolstats.stream/krypton; https://miningpoolstats.stream/lamby; https://miningpoolstats.stream/linkcoin; https://miningpoolstats.stream/mydogecoin; https://miningpoolstats.stream/newenglandcoin; https://miningpoolstats.stream/onecoin; https://miningpoolstats.stream/peppapow; https://miningpoolstats.stream/scholarshipcoin; https://miningpoolstats.stream/stohncoin; https://miningpoolstats.stream/theholyroger; https://miningpoolstats.stream/tubopay; https://miningpoolstats.stream/versacoin,https://miningpoolstats.stream/sitemap.xml,directory,candidate,2026-09-07,2026-09-07,Pool website URL extracted from MiningPoolStats data file for australiacash.
zenithpool.net,zenithpool.net,https://zenithpool.net/,https://miningpoolstats.stream/bitcoin; https://miningpoolstats.stream/hoosat,https://miningpoolstats.stream/sitemap.xml,directory,candidate,2026-09-07,2026-09-07,Pool website URL extracted from MiningPoolStats data file for bitcoin.
zk.work,zk.work,https://zk.work/,https://miningpoolstats.stream/aleo; https://miningpoolstats.stream/ironfish,https://miningpoolstats.stream/sitemap.xml,directory,candidate,2026-09-07,2026-09-07,Pool website URL extracted from MiningPoolStats data file for aleo.
zpool.ca,zpool.ca,https://zpool.ca/,https://miningpoolstats.stream/5gcash; https://miningpoolstats.stream/adventurecoin; https://miningpoolstats.stream/alterdot; https://miningpoolstats.stream/animecoin; https://miningpoolstats.stream/argentum-argon2d; https://miningpoolstats.stream/argentum-groestl; https://miningpoolstats.stream/argentum-lyra; https://miningpoolstats.stream/argentum-scrypt; https://miningpoolstats.stream/argentum-sha; https://miningpoolstats.stream/argentum-yescrypt; https://miningpoolstats.stream/auroracoin-groestl; https://miningpoolstats.stream/auroracoin-qubit; https://miningpoolstats.stream/auroracoin-scrypt; https://miningpoolstats.stream/auroracoin-sha; https://miningpoolstats.stream/auroracoin-skein; https://miningpoolstats.stream/aurumcrypto; https://miningpoolstats.stream/avian-minotaurx; https://miningpoolstats.stream/avian-x16rt; https://miningpoolstats.stream/babacoin; https://miningpoolstats.stream/bbqcoin; https://miningpoolstats.stream/bellcoin; https://miningpoolstats.stream/bellscoin; https://miningpoolstats.stream/bit; https://miningpoolstats.stream/bitcoin; https://miningpoolstats.stream/bitcoin3; https://miningpoolstats.stream/bitcoinatom; https://miningpoolstats.stream/bitcoincash; https://miningpoolstats.stream/bitcoincash2; https://miningpoolstats.stream/bitcoingold; https://miningpoolstats.stream/bitcoinii; https://miningpoolstats.stream/bitcoinsilver; https://miningpoolstats.stream/bitcoinsubsidium; https://miningpoolstats.stream/bitcoinsv; https://miningpoolstats.stream/bitcoinz; https://miningpoolstats.stream/bitcore; https://miningpoolstats.stream/bitoreum; https://miningpoolstats.stream/blackgoldcoin; https://miningpoolstats.stream/bonkcoin; https://miningpoolstats.stream/boskacoin; https://miningpoolstats.stream/btgscoin; https://miningpoolstats.stream/butterfly; https://miningpoolstats.stream/capstash; https://miningpoolstats.stream/cascoin-minotaurx; https://miningpoolstats.stream/cascoin-sha; https://miningpoolstats.stream/catcoin; https://miningpoolstats.stream/cmusicai; https://miningpoolstats.stream/cointaft; https://miningpoolstats.stream/craftcoin; https://miningpoolstats.stream/crionic; https://miningpoolstats.stream/cyberyen; https://miningpoolstats.stream/dash; https://miningpoolstats.stream/deeponion; https://miningpoolstats.stream/devault; https://miningpoolstats.stream/digibyte-odocrypt; https://miningpoolstats.stream/digibyte-qubit; https://miningpoolstats.stream/digibyte-scrypt; https://miningpoolstats.stream/digibyte-sha; https://miningpoolstats.stream/digibyte-skein; https://miningpoolstats.stream/digitalcoin-scrypt; https://miningpoolstats.stream/digitalcoin-sha; https://miningpoolstats.stream/digitalcoin-x11; https://miningpoolstats.stream/digitalnote; https://miningpoolstats.stream/diminutivecoin; https://miningpoolstats.stream/dingocoin; https://miningpoolstats.stream/documentchain; https://miningpoolstats.stream/dogecoin; https://miningpoolstats.stream/dogegpu; https://miningpoolstats.stream/dogmcoin; https://miningpoolstats.stream/dynamic; https://miningpoolstats.stream/earthcoin; https://miningpoolstats.stream/ecash; https://miningpoolstats.stream/einsteinium; https://miningpoolstats.stream/elevenseventyfive; https://miningpoolstats.stream/emercoin; https://miningpoolstats.stream/ergon; https://miningpoolstats.stream/evrmorecoin; https://miningpoolstats.stream/fairbrix; https://miningpoolstats.stream/feathercoin; https://miningpoolstats.stream/fennec; https://miningpoolstats.stream/fewbit; https://miningpoolstats.stream/fjarcode; https://miningpoolstats.stream/flopcoin; https://miningpoolstats.stream/fortuneblock; https://miningpoolstats.stream/freecash; https://miningpoolstats.stream/frencoin; https://miningpoolstats.stream/gaelium; https://miningpoolstats.stream/galleoncoin; https://miningpoolstats.stream/garlicoin; https://miningpoolstats.stream/gemlink; https://miningpoolstats.stream/ghostridercoin; https://miningpoolstats.stream/globalboost; https://miningpoolstats.stream/gobyte; https://miningpoolstats.stream/goldcoin; https://miningpoolstats.stream/gravitycoin; https://miningpoolstats.stream/groestlcoin; https://miningpoolstats.stream/historia; https://miningpoolstats.stream/hootchain; https://miningpoolstats.stream/hthcoin; https://miningpoolstats.stream/infinitecoin; https://miningpoolstats.stream/innova; https://miningpoolstats.stream/junkcoin; https://miningpoolstats.stream/kerrigan-equihash; https://miningpoolstats.stream/kerrigan-equihash192; https://miningpoolstats.stream/kerrigan-kawpow; https://miningpoolstats.stream/kerrigan-x11; https://miningpoolstats.stream/kindcoin; https://miningpoolstats.stream/komodo; https://miningpoolstats.stream/krypton; https://miningpoolstats.stream/kylacoin; https://miningpoolstats.stream/lbry; https://miningpoolstats.stream/litecoin; https://miningpoolstats.stream/litecoin2; https://miningpoolstats.stream/litecoincash-minotaurx; https://miningpoolstats.stream/litecoincash-sha; https://miningpoolstats.stream/litecoinz; https://miningpoolstats.stream/lkscoin; https://miningpoolstats.stream/luckycoin; https://miningpoolstats.stream/luckypepe; https://miningpoolstats.stream/lyncoin; https://miningpoolstats.stream/machinecoin; https://miningpoolstats.stream/magi; https://miningpoolstats.stream/magpiecoin; https://miningpoolstats.stream/marmara; https://miningpoolstats.stream/marscoin; https://miningpoolstats.stream/mateablecoin-balloon; https://miningpoolstats.stream/mateablecoin-ghostrider; https://miningpoolstats.stream/mateablecoin-scrypt; https://miningpoolstats.stream/mateablecoin-whirlpool; https://miningpoolstats.stream/mateablecoin-yescryptr8; https://miningpoolstats.stream/maxeter; https://miningpoolstats.stream/maximus; https://miningpoolstats.stream/mazacoin-minotaurx; https://miningpoolstats.stream/mazacoin-sha; https://miningpoolstats.stream/mecuai; https://miningpoolstats.stream/megacoin; https://miningpoolstats.stream/meowcoin-meowpow; https://miningpoolstats.stream/meowcoin-scrypt; https://miningpoolstats.stream/microbitcoin; https://miningpoolstats.stream/monacoin; https://miningpoolstats.stream/mydogecoin; https://miningpoolstats.stream/myriad-argon2d; https://miningpoolstats.stream/myriad-groestl; https://miningpoolstats.stream/myriad-sha; https://miningpoolstats.stream/myriad-yescrypt; https://miningpoolstats.stream/mytherra; https://miningpoolstats.stream/namecoin; https://miningpoolstats.stream/neobytes; https://miningpoolstats.stream/neurai; https://miningpoolstats.stream/newenglandcoin; https://miningpoolstats.stream/nikitonium; https://miningpoolstats.stream/nitocoin; https://miningpoolstats.stream/opticalbitcoin; https://miningpoolstats.stream/ordexcoin; https://miningpoolstats.stream/ordexgold; https://miningpoolstats.stream/osinpay; https://miningpoolstats.stream/osmium; https://miningpoolstats.stream/peercoin; https://miningpoolstats.stream/pepecoin; https://miningpoolstats.stream/pepepow; https://miningpoolstats.stream/phicoin; https://miningpoolstats.stream/phoenixcoin; https://miningpoolstats.stream/pigeoncoin; https://miningpoolstats.stream/piratechain; https://miningpoolstats.stream/plusonecoin; https://miningpoolstats.stream/privcy; https://miningpoolstats.stream/pulsarcoin-curvehash; https://miningpoolstats.stream/pulsarcoin-minotaurx; https://miningpoolstats.stream/qogecoin; https://miningpoolstats.stream/radiant; https://miningpoolstats.stream/raptoreum; https://miningpoolstats.stream/ravencoin; https://miningpoolstats.stream/rebelcoin; https://miningpoolstats.stream/rheix; https://miningpoolstats.stream/rincoin; https://miningpoolstats.stream/satoxcoin; https://miningpoolstats.stream/sexcoin; https://miningpoolstats.stream/shibacoin; https://miningpoolstats.stream/skydoge; https://miningpoolstats.stream/skytere; https://miningpoolstats.stream/smartiecoin; https://miningpoolstats.stream/spacexpanse-neoscrypt; https://miningpoolstats.stream/spacexpanse-sha; https://miningpoolstats.stream/sparkspay; https://miningpoolstats.stream/sprintpay; https://miningpoolstats.stream/stakecubecoin; https://miningpoolstats.stream/stohncoin; https://miningpoolstats.stream/sugarchain; https://miningpoolstats.stream/swampcoin; https://miningpoolstats.stream/telestai; https://miningpoolstats.stream/terracoin; https://miningpoolstats.stream/tidecoin; https://miningpoolstats.stream/trezarcoin; https://miningpoolstats.stream/trumpow; https://miningpoolstats.stream/uraniumx; https://miningpoolstats.stream/ursula; https://miningpoolstats.stream/varsechain; https://miningpoolstats.stream/vertcoin; https://miningpoolstats.stream/veruscoin; https://miningpoolstats.stream/vkax; https://miningpoolstats.stream/wojakcoin; https://miningpoolstats.stream/woodcoin; https://miningpoolstats.stream/worldcoin; https://miningpoolstats.stream/xaya-neoscrypt; https://miningpoolstats.stream/xaya-sha; https://miningpoolstats.stream/xerocoin; https://miningpoolstats.stream/ycash; https://miningpoolstats.stream/yenten; https://miningpoolstats.stream/yerbas; https://miningpoolstats.stream/zclassic; https://miningpoolstats.stream/zero; https://miningpoolstats.stream/zeroonecoin,https://miningpoolstats.stream/sitemap.xml,directory,candidate,2026-09-07,2026-09-07,Pool website URL extracted from MiningPoolStats data file for 5gcash.
zsolo.bid,zsolo.bid,https://zsolo.bid/,https://miningpoolstats.stream/bitcoin; https://miningpoolstats.stream/bitcoincash; https://miningpoolstats.stream/dogecoin; https://miningpoolstats.stream/ecash; https://miningpoolstats.stream/litecoin,https://miningpoolstats.stream/sitemap.xml,directory,candidate,2026-09-07,2026-09-07,Pool website URL extracted from MiningPoolStats data file for bitcoin.
zulupool.com,beta.zulupool.com,https://beta.zulupool.com/,https://miningpoolstats.stream/bellscoin; https://miningpoolstats.stream/bitcoin; https://miningpoolstats.stream/bitcoincash; https://miningpoolstats.stream/digibyte-scrypt; https://miningpoolstats.stream/digibyte-sha; https://miningpoolstats.stream/dingocoin; https://miningpoolstats.stream/dogecoin; https://miningpoolstats.stream/ecash; https://miningpoolstats.stream/hathor; https://miningpoolstats.stream/junkcoin; https://miningpoolstats.stream/litecoin; https://miningpoolstats.stream/luckycoin; https://miningpoolstats.stream/pepecoin,https://miningpoolstats.stream/sitemap.xml,directory,candidate,2026-09-07,2026-09-07,Pool website URL extracted from MiningPoolStats data file for bellscoin.
