domain,port,scheme,pool_name,coin,algorithm,region,source_type,source_url,confidence,status,first_seen,last_seen,notes
bch.0x.al,3533,stratum+tcp,0x.al,BCH,SHA-256,Global,official,https://0x.al/,confirmed,active,2026-09-14,2026-09-14,Discovered by shallow crawling official website domain 0x.al.
bch2.0x.al,7333,stratum+tcp,0x.al,UNKNOWN,UNKNOWN,Global,official,https://bch2.0x.al/,confirmed,active,2026-09-14,2026-09-14,Discovered by shallow crawling official website domain bch2.0x.al.
bch2.0x.al,7533,stratum+tcp,0x.al,UNKNOWN,UNKNOWN,Global,official,https://bch2.0x.al/,confirmed,active,2026-09-14,2026-09-14,Discovered by shallow crawling official website domain bch2.0x.al.
bch.2miners.com,7373,stratum+tcp,2miners.com,BCH,SHA-256,Global,official,https://bch.2miners.com/; https://bch.2miners.com/#pools,confirmed,active,2026-09-14,2026-09-14,Discovered by shallow crawling official website domain bch.2miners.com.
solo-bch.2miners.com,9393,stratum+tcp,2miners.com,BCH,SHA-256,Global,official,https://solo-bch.2miners.com/; https://solo-bch.2miners.com/#pools,confirmed,active,2026-09-14,2026-09-14,Discovered by shallow crawling official website domain solo-bch.2miners.com.
solo-btc.2miners.com,2323,stratum+tcp,2miners.com,BTC,SHA-256,Global,official,https://solo-btc.2miners.com/; https://solo-btc.2miners.com/#pools,confirmed,active,2026-09-14,2026-09-14,Discovered by shallow crawling official website domain solo-btc.2miners.com.
ckb.2miners.com,6464,stratum+tcp,2miners.com,CKB,Eaglesong,Global,official,https://ckb.2miners.com/; https://ckb.2miners.com/#pools,confirmed,active,2026-09-14,2026-09-14,Discovered by shallow crawling official website domain ckb.2miners.com.
ckb.2miners.com,6565,stratum+tcp,2miners.com,CKB,Eaglesong,Global,official,https://ckb.2miners.com/; https://ckb.2miners.com/#pools,confirmed,active,2026-09-14,2026-09-14,Discovered by shallow crawling official website domain ckb.2miners.com.
solo-ckb.2miners.com,6767,stratum+tcp,2miners.com,CKB,Eaglesong,Global,official,https://solo-ckb.2miners.com/; https://solo-ckb.2miners.com/#pools,confirmed,active,2026-09-14,2026-09-14,Discovered by shallow crawling official website domain solo-ckb.2miners.com.
solo-ckb.2miners.com,6868,stratum+tcp,2miners.com,CKB,Eaglesong,Global,official,https://solo-ckb.2miners.com/; https://solo-ckb.2miners.com/#pools,confirmed,active,2026-09-14,2026-09-14,Discovered by shallow crawling official website domain solo-ckb.2miners.com.
erg.2miners.com,8888,stratum+tcp,2miners.com,ERG,Autolykos v2,Global,official,https://erg.2miners.com/; https://erg.2miners.com/#pools,confirmed,active,2026-09-14,2026-09-14,Discovered by shallow crawling official website domain erg.2miners.com.
solo-erg.2miners.com,9898,stratum+tcp,2miners.com,ERG,Autolykos v2,Global,official,https://solo-erg.2miners.com/; https://solo-erg.2miners.com/#pools,confirmed,active,2026-09-14,2026-09-14,Discovered by shallow crawling official website domain solo-erg.2miners.com.
solo-erg.2miners.com,9999,stratum+tcp,2miners.com,ERG,Autolykos v2,Global,official,https://solo-erg.2miners.com/; https://solo-erg.2miners.com/#pools,confirmed,active,2026-09-14,2026-09-14,Discovered by shallow crawling official website domain solo-erg.2miners.com.
etc.2miners.com,1010,stratum+tcp,2miners.com,ETC,Etchash,Global,official,https://etc.2miners.com/; https://etc.2miners.com/#pools; https://etc.2miners.com/faq,confirmed,active,2026-09-14,2026-09-14,Discovered by shallow crawling official website domain etc.2miners.com.
solo-etc.2miners.com,5050,stratum+tcp,2miners.com,ETC,Etchash,Global,official,https://solo-etc.2miners.com/; https://solo-etc.2miners.com/#pools,confirmed,active,2026-09-14,2026-09-14,Discovered by shallow crawling official website domain solo-etc.2miners.com.
solo-etc.2miners.com,5151,stratum+tcp,2miners.com,ETC,Etchash,Global,official,https://solo-etc.2miners.com/; https://solo-etc.2miners.com/#pools,confirmed,active,2026-09-14,2026-09-14,Discovered by shallow crawling official website domain solo-etc.2miners.com.
ethw.2miners.com,2020,stratum+tcp,2miners.com,ETHW,Ethash,Global,official,https://ethw.2miners.com/; https://ethw.2miners.com/#pools,confirmed,active,2026-09-14,2026-09-14,Discovered by shallow crawling official website domain ethw.2miners.com.
ethw.2miners.com,12020,stratum+tcp,2miners.com,ETHW,Ethash,Global,official,https://ethw.2miners.com/faq,confirmed,active,2026-09-14,2026-09-14,Discovered by shallow crawling official website domain ethw.2miners.com.
solo-ethw.2miners.com,6060,stratum+tcp,2miners.com,ETHW,Ethash,Global,official,https://solo-ethw.2miners.com/; https://solo-ethw.2miners.com/#pools,confirmed,active,2026-09-14,2026-09-14,Discovered by shallow crawling official website domain solo-ethw.2miners.com.
solo-ethw.2miners.com,6161,stratum+tcp,2miners.com,ETHW,Ethash,Global,official,https://solo-ethw.2miners.com/; https://solo-ethw.2miners.com/#pools,confirmed,active,2026-09-14,2026-09-14,Discovered by shallow crawling official website domain solo-ethw.2miners.com.
kas.2miners.com,2020,stratum+tcp,2miners.com,KAS,kHeavyHash,Global,official,https://kas.2miners.com/; https://kas.2miners.com/#pools,confirmed,active,2026-09-14,2026-09-14,Discovered by shallow crawling official website domain kas.2miners.com.
kas.2miners.com,2121,stratum+tcp,2miners.com,KAS,kHeavyHash,Global,official,https://kas.2miners.com/; https://kas.2miners.com/#pools,confirmed,active,2026-09-14,2026-09-14,Discovered by shallow crawling official website domain kas.2miners.com.
kas.2miners.com,2222,stratum+tcp,2miners.com,KAS,kHeavyHash,Global,official,https://kas.2miners.com/; https://kas.2miners.com/#pools,confirmed,active,2026-09-14,2026-09-14,Discovered by shallow crawling official website domain kas.2miners.com.
kas.2miners.com,2323,stratum+tcp,2miners.com,KAS,kHeavyHash,Global,official,https://kas.2miners.com/; https://kas.2miners.com/#pools,confirmed,active,2026-09-14,2026-09-14,Discovered by shallow crawling official website domain kas.2miners.com.
solo-kas.2miners.com,3030,stratum+tcp,2miners.com,KAS,kHeavyHash,Global,official,https://solo-kas.2miners.com/; https://solo-kas.2miners.com/#pools,confirmed,active,2026-09-14,2026-09-14,Discovered by shallow crawling official website domain solo-kas.2miners.com.
solo-kas.2miners.com,3333,stratum+tcp,2miners.com,KAS,kHeavyHash,Global,official,https://solo-kas.2miners.com/; https://solo-kas.2miners.com/#pools,confirmed,active,2026-09-14,2026-09-14,Discovered by shallow crawling official website domain solo-kas.2miners.com.
solo-kas.2miners.com,3434,stratum+tcp,2miners.com,KAS,kHeavyHash,Global,official,https://solo-kas.2miners.com/; https://solo-kas.2miners.com/#pools,confirmed,active,2026-09-14,2026-09-14,Discovered by shallow crawling official website domain solo-kas.2miners.com.
solo-kas.2miners.com,3535,stratum+tcp,2miners.com,KAS,kHeavyHash,Global,official,https://solo-kas.2miners.com/; https://solo-kas.2miners.com/#pools,confirmed,active,2026-09-14,2026-09-14,Discovered by shallow crawling official website domain solo-kas.2miners.com.
nexa.2miners.com,5050,stratum+tcp,2miners.com,NEXA,NexaPoW,Global,official,https://nexa.2miners.com/; https://nexa.2miners.com/#pools,confirmed,active,2026-09-14,2026-09-14,Discovered by shallow crawling official website domain nexa.2miners.com.
nexa.2miners.com,5151,stratum+tcp,2miners.com,NEXA,NexaPoW,Global,official,https://nexa.2miners.com/; https://nexa.2miners.com/#pools,confirmed,active,2026-09-14,2026-09-14,Discovered by shallow crawling official website domain nexa.2miners.com.
solo-nexa.2miners.com,7070,stratum+tcp,2miners.com,NEXA,NexaPoW,Global,official,https://solo-nexa.2miners.com/; https://solo-nexa.2miners.com/#pools,confirmed,active,2026-09-14,2026-09-14,Discovered by shallow crawling official website domain solo-nexa.2miners.com.
solo-nexa.2miners.com,7171,stratum+tcp,2miners.com,NEXA,NexaPoW,Global,official,https://solo-nexa.2miners.com/; https://solo-nexa.2miners.com/#pools,confirmed,active,2026-09-14,2026-09-14,Discovered by shallow crawling official website domain solo-nexa.2miners.com.
rvn.2miners.com,6060,stratum+tcp,2miners.com,RVN,KawPoW,Global,official,https://rvn.2miners.com/; https://rvn.2miners.com/#pools,confirmed,active,2026-09-14,2026-09-14,Discovered by shallow crawling official website domain rvn.2miners.com.
rvn.2miners.com,6161,stratum+tcp,2miners.com,RVN,KawPoW,Global,official,https://rvn.2miners.com/; https://rvn.2miners.com/#pools,confirmed,active,2026-09-14,2026-09-14,Discovered by shallow crawling official website domain rvn.2miners.com.
rvn.2miners.com,16060,stratum+ssl,2miners.com,RVN,KawPoW,Global,official,https://ae.2miners.com/faq; https://bch.2miners.com/faq; https://beam.2miners.com/faq; https://btg.2miners.com/faq; https://ckb.2miners.com/faq; https://erg.2miners.com/faq; https://etc.2miners.com/faq; https://ethw.2miners.com/faq; https://grin.2miners.com/faq; https://kas.2miners.com/faq; https://mwc.2miners.com/faq; https://nexa.2miners.com/faq; https://prl.2miners.com/faq; https://quaikawpow.2miners.com/faq; https://quaisha.2miners.com/faq; https://rvn.2miners.com/faq; https://solo-ae.2miners.com/faq; https://solo-bch.2miners.com/faq; https://solo-beam.2miners.com/faq; https://solo-btc.2miners.com/faq; https://solo-btg.2miners.com/faq; https://solo-ckb.2miners.com/faq; https://solo-erg.2miners.com/faq; https://solo-etc.2miners.com/faq; https://solo-ethw.2miners.com/faq; https://solo-grin.2miners.com/faq; https://solo-kas.2miners.com/faq; https://solo-mwc.2miners.com/faq; https://solo-nexa.2miners.com/faq; https://solo-prl.2miners.com/faq; https://solo-quaikawpow.2miners.com/faq; https://solo-quaisha.2miners.com/faq; https://solo-rvn.2miners.com/faq; https://solo-xna.2miners.com/faq; https://solo-zec.2miners.com/faq; https://solo-zeph.2miners.com/faq; https://xna.2miners.com/faq; https://zec.2miners.com/faq; https://zeph.2miners.com/faq,confirmed,active,2026-09-14,2026-09-14,Discovered by shallow crawling official website domain ae.2miners.com.
rvn.2miners.com,16060,stratum+tcp,2miners.com,RVN,KawPoW,Global,official,https://rvn.2miners.com/faq,confirmed,active,2026-09-14,2026-09-14,Discovered by shallow crawling official website domain rvn.2miners.com.
solo-rvn.2miners.com,7070,stratum+tcp,2miners.com,RVN,KawPoW,Global,official,https://solo-rvn.2miners.com/; https://solo-rvn.2miners.com/#pools,confirmed,active,2026-09-14,2026-09-14,Discovered by shallow crawling official website domain solo-rvn.2miners.com.
solo-rvn.2miners.com,7171,stratum+tcp,2miners.com,RVN,KawPoW,Global,official,https://solo-rvn.2miners.com/; https://solo-rvn.2miners.com/#pools,confirmed,active,2026-09-14,2026-09-14,Discovered by shallow crawling official website domain solo-rvn.2miners.com.
ae.2miners.com,4040,stratum+tcp,2miners.com,UNKNOWN,UNKNOWN,Global,official,https://ae.2miners.com/; https://ae.2miners.com/#pools,confirmed,active,2026-09-14,2026-09-14,Discovered by shallow crawling official website domain ae.2miners.com.
ae.2miners.com,4242,stratum+tcp,2miners.com,UNKNOWN,UNKNOWN,Global,official,https://ae.2miners.com/; https://ae.2miners.com/#pools,confirmed,active,2026-09-14,2026-09-14,Discovered by shallow crawling official website domain ae.2miners.com.
beam.2miners.com,5252,stratum+tcp,2miners.com,UNKNOWN,UNKNOWN,Global,official,https://beam.2miners.com/; https://beam.2miners.com/#pools,confirmed,active,2026-09-14,2026-09-14,Discovered by shallow crawling official website domain beam.2miners.com.
beam.2miners.com,5353,stratum+tcp,2miners.com,UNKNOWN,UNKNOWN,Global,official,https://beam.2miners.com/; https://beam.2miners.com/#pools,confirmed,active,2026-09-14,2026-09-14,Discovered by shallow crawling official website domain beam.2miners.com.
btg.2miners.com,4040,stratum+tcp,2miners.com,UNKNOWN,UNKNOWN,Global,official,https://btg.2miners.com/; https://btg.2miners.com/#pools,confirmed,active,2026-09-14,2026-09-14,Discovered by shallow crawling official website domain btg.2miners.com.
btg.2miners.com,4141,stratum+tcp,2miners.com,UNKNOWN,UNKNOWN,Global,official,https://btg.2miners.com/; https://btg.2miners.com/#pools,confirmed,active,2026-09-14,2026-09-14,Discovered by shallow crawling official website domain btg.2miners.com.
clo.2miners.com,3030,stratum+tcp,2miners.com,UNKNOWN,UNKNOWN,Global,official,https://ae.2miners.com/faq; https://bch.2miners.com/faq; https://beam.2miners.com/faq; https://btg.2miners.com/faq; https://ckb.2miners.com/faq; https://erg.2miners.com/faq; https://etc.2miners.com/faq; https://ethw.2miners.com/faq; https://grin.2miners.com/faq; https://kas.2miners.com/faq; https://mwc.2miners.com/faq; https://nexa.2miners.com/faq; https://prl.2miners.com/faq; https://quaikawpow.2miners.com/faq; https://quaisha.2miners.com/faq; https://rvn.2miners.com/faq; https://solo-ae.2miners.com/faq; https://solo-bch.2miners.com/faq; https://solo-beam.2miners.com/faq; https://solo-btc.2miners.com/faq; https://solo-btg.2miners.com/faq; https://solo-ckb.2miners.com/faq; https://solo-erg.2miners.com/faq; https://solo-etc.2miners.com/faq; https://solo-ethw.2miners.com/faq; https://solo-grin.2miners.com/faq; https://solo-kas.2miners.com/faq; https://solo-mwc.2miners.com/faq; https://solo-nexa.2miners.com/faq; https://solo-prl.2miners.com/faq; https://solo-quaikawpow.2miners.com/faq; https://solo-quaisha.2miners.com/faq; https://solo-rvn.2miners.com/faq; https://solo-xna.2miners.com/faq; https://solo-zec.2miners.com/faq; https://solo-zeph.2miners.com/faq; https://xna.2miners.com/faq; https://zec.2miners.com/faq; https://zeph.2miners.com/faq,confirmed,active,2026-09-14,2026-09-14,Discovered by shallow crawling official website domain ae.2miners.com.
eth.2miners.com,2020,stratum+tcp,2miners.com,UNKNOWN,UNKNOWN,Global,official,https://ae.2miners.com/faq; https://bch.2miners.com/faq; https://beam.2miners.com/faq; https://btg.2miners.com/faq; https://ckb.2miners.com/faq; https://erg.2miners.com/faq; https://etc.2miners.com/faq; https://ethw.2miners.com/faq; https://grin.2miners.com/faq; https://kas.2miners.com/faq; https://mwc.2miners.com/faq; https://nexa.2miners.com/faq; https://prl.2miners.com/faq; https://quaikawpow.2miners.com/faq; https://quaisha.2miners.com/faq; https://rvn.2miners.com/faq; https://solo-ae.2miners.com/faq; https://solo-bch.2miners.com/faq; https://solo-beam.2miners.com/faq; https://solo-btc.2miners.com/faq; https://solo-btg.2miners.com/faq; https://solo-ckb.2miners.com/faq; https://solo-erg.2miners.com/faq; https://solo-etc.2miners.com/faq; https://solo-ethw.2miners.com/faq; https://solo-grin.2miners.com/faq; https://solo-kas.2miners.com/faq; https://solo-mwc.2miners.com/faq; https://solo-nexa.2miners.com/faq; https://solo-prl.2miners.com/faq; https://solo-quaikawpow.2miners.com/faq; https://solo-quaisha.2miners.com/faq; https://solo-rvn.2miners.com/faq; https://solo-xna.2miners.com/faq; https://solo-zec.2miners.com/faq; https://solo-zeph.2miners.com/faq; https://xna.2miners.com/faq; https://zec.2miners.com/faq; https://zeph.2miners.com/faq,confirmed,active,2026-09-14,2026-09-14,Discovered by shallow crawling official website domain ae.2miners.com.
grin.2miners.com,3030,stratum+tcp,2miners.com,UNKNOWN,UNKNOWN,Global,official,https://grin.2miners.com/; https://grin.2miners.com/#pools,confirmed,active,2026-09-14,2026-09-14,Discovered by shallow crawling official website domain grin.2miners.com.
mwc.2miners.com,7575,stratum+tcp,2miners.com,UNKNOWN,UNKNOWN,Global,official,https://mwc.2miners.com/; https://mwc.2miners.com/#pools,confirmed,active,2026-09-14,2026-09-14,Discovered by shallow crawling official website domain mwc.2miners.com.
prl.2miners.com,1818,stratum+tcp,2miners.com,UNKNOWN,UNKNOWN,Global,official,https://prl.2miners.com/; https://prl.2miners.com/#pools,confirmed,active,2026-09-14,2026-09-14,Discovered by shallow crawling official website domain prl.2miners.com.
quaikawpow.2miners.com,4545,stratum+tcp,2miners.com,UNKNOWN,UNKNOWN,Global,official,https://quaikawpow.2miners.com/; https://quaikawpow.2miners.com/#pools,confirmed,active,2026-09-14,2026-09-14,Discovered by shallow crawling official website domain quaikawpow.2miners.com.
quaikawpow.2miners.com,4646,stratum+tcp,2miners.com,UNKNOWN,UNKNOWN,Global,official,https://quaikawpow.2miners.com/; https://quaikawpow.2miners.com/#pools,confirmed,active,2026-09-14,2026-09-14,Discovered by shallow crawling official website domain quaikawpow.2miners.com.
quaisha.2miners.com,8080,stratum+tcp,2miners.com,UNKNOWN,UNKNOWN,Global,official,https://quaisha.2miners.com/; https://quaisha.2miners.com/#pools,confirmed,active,2026-09-14,2026-09-14,Discovered by shallow crawling official website domain quaisha.2miners.com.
quaisha.2miners.com,8181,stratum+tcp,2miners.com,UNKNOWN,UNKNOWN,Global,official,https://quaisha.2miners.com/; https://quaisha.2miners.com/#pools,confirmed,active,2026-09-14,2026-09-14,Discovered by shallow crawling official website domain quaisha.2miners.com.
quaisha.2miners.com,8282,stratum+tcp,2miners.com,UNKNOWN,UNKNOWN,Global,official,https://quaisha.2miners.com/; https://quaisha.2miners.com/#pools,confirmed,active,2026-09-14,2026-09-14,Discovered by shallow crawling official website domain quaisha.2miners.com.
solo-ae.2miners.com,4141,stratum+tcp,2miners.com,UNKNOWN,UNKNOWN,Global,official,https://solo-ae.2miners.com/; https://solo-ae.2miners.com/#pools,confirmed,active,2026-09-14,2026-09-14,Discovered by shallow crawling official website domain solo-ae.2miners.com.
solo-ae.2miners.com,4343,stratum+tcp,2miners.com,UNKNOWN,UNKNOWN,Global,official,https://solo-ae.2miners.com/; https://solo-ae.2miners.com/#pools,confirmed,active,2026-09-14,2026-09-14,Discovered by shallow crawling official website domain solo-ae.2miners.com.
solo-beam.2miners.com,5454,stratum+tcp,2miners.com,UNKNOWN,UNKNOWN,Global,official,https://solo-beam.2miners.com/; https://solo-beam.2miners.com/#pools,confirmed,active,2026-09-14,2026-09-14,Discovered by shallow crawling official website domain solo-beam.2miners.com.
solo-beam.2miners.com,5555,stratum+tcp,2miners.com,UNKNOWN,UNKNOWN,Global,official,https://solo-beam.2miners.com/; https://solo-beam.2miners.com/#pools,confirmed,active,2026-09-14,2026-09-14,Discovered by shallow crawling official website domain solo-beam.2miners.com.
solo-beam.2miners.com,5656,stratum+tcp,2miners.com,UNKNOWN,UNKNOWN,Global,official,https://solo-beam.2miners.com/; https://solo-beam.2miners.com/#pools,confirmed,active,2026-09-14,2026-09-14,Discovered by shallow crawling official website domain solo-beam.2miners.com.
solo-btg.2miners.com,4040,stratum+tcp,2miners.com,UNKNOWN,UNKNOWN,Global,official,https://solo-btg.2miners.com/; https://solo-btg.2miners.com/#pools,confirmed,active,2026-09-14,2026-09-14,Discovered by shallow crawling official website domain solo-btg.2miners.com.
solo-btg.2miners.com,4141,stratum+tcp,2miners.com,UNKNOWN,UNKNOWN,Global,official,https://solo-btg.2miners.com/; https://solo-btg.2miners.com/#pools,confirmed,active,2026-09-14,2026-09-14,Discovered by shallow crawling official website domain solo-btg.2miners.com.
solo-grin.2miners.com,4040,stratum+tcp,2miners.com,UNKNOWN,UNKNOWN,Global,official,https://solo-grin.2miners.com/; https://solo-grin.2miners.com/#pools,confirmed,active,2026-09-14,2026-09-14,Discovered by shallow crawling official website domain solo-grin.2miners.com.
solo-mwc.2miners.com,8585,stratum+tcp,2miners.com,UNKNOWN,UNKNOWN,Global,official,https://solo-mwc.2miners.com/; https://solo-mwc.2miners.com/#pools,confirmed,active,2026-09-14,2026-09-14,Discovered by shallow crawling official website domain solo-mwc.2miners.com.
solo-prl.2miners.com,1919,stratum+tcp,2miners.com,UNKNOWN,UNKNOWN,Global,official,https://solo-prl.2miners.com/; https://solo-prl.2miners.com/#pools,confirmed,active,2026-09-14,2026-09-14,Discovered by shallow crawling official website domain solo-prl.2miners.com.
solo-quaikawpow.2miners.com,4848,stratum+tcp,2miners.com,UNKNOWN,UNKNOWN,Global,official,https://solo-quaikawpow.2miners.com/; https://solo-quaikawpow.2miners.com/#pools,confirmed,active,2026-09-14,2026-09-14,Discovered by shallow crawling official website domain solo-quaikawpow.2miners.com.
solo-quaikawpow.2miners.com,4949,stratum+tcp,2miners.com,UNKNOWN,UNKNOWN,Global,official,https://solo-quaikawpow.2miners.com/; https://solo-quaikawpow.2miners.com/#pools,confirmed,active,2026-09-14,2026-09-14,Discovered by shallow crawling official website domain solo-quaikawpow.2miners.com.
solo-quaisha.2miners.com,8383,stratum+tcp,2miners.com,UNKNOWN,UNKNOWN,Global,official,https://solo-quaisha.2miners.com/; https://solo-quaisha.2miners.com/#pools,confirmed,active,2026-09-14,2026-09-14,Discovered by shallow crawling official website domain solo-quaisha.2miners.com.
solo-quaisha.2miners.com,8484,stratum+tcp,2miners.com,UNKNOWN,UNKNOWN,Global,official,https://solo-quaisha.2miners.com/; https://solo-quaisha.2miners.com/#pools,confirmed,active,2026-09-14,2026-09-14,Discovered by shallow crawling official website domain solo-quaisha.2miners.com.
solo-quaisha.2miners.com,8686,stratum+tcp,2miners.com,UNKNOWN,UNKNOWN,Global,official,https://solo-quaisha.2miners.com/; https://solo-quaisha.2miners.com/#pools,confirmed,active,2026-09-14,2026-09-14,Discovered by shallow crawling official website domain solo-quaisha.2miners.com.
solo-xna.2miners.com,7070,stratum+tcp,2miners.com,UNKNOWN,UNKNOWN,North America,official,https://solo-xna.2miners.com/; https://solo-xna.2miners.com/#pools,confirmed,active,2026-09-14,2026-09-14,Discovered by shallow crawling official website domain solo-xna.2miners.com.
solo-xna.2miners.com,7171,stratum+tcp,2miners.com,UNKNOWN,UNKNOWN,North America,official,https://solo-xna.2miners.com/; https://solo-xna.2miners.com/#pools,confirmed,active,2026-09-14,2026-09-14,Discovered by shallow crawling official website domain solo-xna.2miners.com.
solo-zeph.2miners.com,4444,stratum+tcp,2miners.com,UNKNOWN,UNKNOWN,Global,official,https://solo-zeph.2miners.com/; https://solo-zeph.2miners.com/#pools,confirmed,active,2026-09-14,2026-09-14,Discovered by shallow crawling official website domain solo-zeph.2miners.com.
solo-zeph.2miners.com,5555,stratum+tcp,2miners.com,UNKNOWN,UNKNOWN,Global,official,https://solo-zeph.2miners.com/; https://solo-zeph.2miners.com/#pools,confirmed,active,2026-09-14,2026-09-14,Discovered by shallow crawling official website domain solo-zeph.2miners.com.
xna.2miners.com,6060,stratum+tcp,2miners.com,UNKNOWN,UNKNOWN,North America,official,https://xna.2miners.com/; https://xna.2miners.com/#pools,confirmed,active,2026-09-14,2026-09-14,Discovered by shallow crawling official website domain xna.2miners.com.
xna.2miners.com,6161,stratum+tcp,2miners.com,UNKNOWN,UNKNOWN,North America,official,https://xna.2miners.com/; https://xna.2miners.com/#pools,confirmed,active,2026-09-14,2026-09-14,Discovered by shallow crawling official website domain xna.2miners.com.
zeph.2miners.com,2222,stratum+tcp,2miners.com,UNKNOWN,UNKNOWN,Global,official,https://zeph.2miners.com/; https://zeph.2miners.com/#pools,confirmed,active,2026-09-14,2026-09-14,Discovered by shallow crawling official website domain zeph.2miners.com.
zeph.2miners.com,3333,stratum+tcp,2miners.com,UNKNOWN,UNKNOWN,Global,official,https://zeph.2miners.com/; https://zeph.2miners.com/#pools,confirmed,active,2026-09-14,2026-09-14,Discovered by shallow crawling official website domain zeph.2miners.com.
solo-zec.2miners.com,1010,stratum+tcp,2miners.com,ZEC,Equihash,Global,official,https://solo-zec.2miners.com/; https://solo-zec.2miners.com/#pools,confirmed,active,2026-09-14,2026-09-14,Discovered by shallow crawling official website domain solo-zec.2miners.com.
solo-zec.2miners.com,1111,stratum+tcp,2miners.com,ZEC,Equihash,Global,official,https://solo-zec.2miners.com/; https://solo-zec.2miners.com/#pools,confirmed,active,2026-09-14,2026-09-14,Discovered by shallow crawling official website domain solo-zec.2miners.com.
zec.2miners.com,1010,stratum+tcp,2miners.com,ZEC,Equihash,Global,official,https://ae.2miners.com/faq; https://bch.2miners.com/faq; https://beam.2miners.com/faq; https://btg.2miners.com/faq; https://ckb.2miners.com/faq; https://erg.2miners.com/faq; https://etc.2miners.com/faq; https://ethw.2miners.com/faq; https://grin.2miners.com/faq; https://kas.2miners.com/faq; https://mwc.2miners.com/faq; https://nexa.2miners.com/faq; https://prl.2miners.com/faq; https://quaikawpow.2miners.com/faq; https://quaisha.2miners.com/faq; https://rvn.2miners.com/faq; https://solo-ae.2miners.com/faq; https://solo-bch.2miners.com/faq; https://solo-beam.2miners.com/faq; https://solo-btc.2miners.com/faq; https://solo-btg.2miners.com/faq; https://solo-ckb.2miners.com/faq; https://solo-erg.2miners.com/faq; https://solo-etc.2miners.com/faq; https://solo-ethw.2miners.com/faq; https://solo-grin.2miners.com/faq; https://solo-kas.2miners.com/faq; https://solo-mwc.2miners.com/faq; https://solo-nexa.2miners.com/faq; https://solo-prl.2miners.com/faq; https://solo-quaikawpow.2miners.com/faq; https://solo-quaisha.2miners.com/faq; https://solo-rvn.2miners.com/faq; https://solo-xna.2miners.com/faq; https://solo-zec.2miners.com/faq; https://solo-zeph.2miners.com/faq; https://xna.2miners.com/faq; https://zec.2miners.com/; https://zec.2miners.com/#pools; https://zec.2miners.com/faq; https://zeph.2miners.com/faq,confirmed,active,2026-09-14,2026-09-14,Discovered by shallow crawling official website domain ae.2miners.com.
zec.2miners.com,1111,stratum+tcp,2miners.com,ZEC,Equihash,Global,official,https://zec.2miners.com/; https://zec.2miners.com/#pools,confirmed,active,2026-09-14,2026-09-14,Discovered by shallow crawling official website domain zec.2miners.com.
bch.88pool.com,3333,stratum+tcp,88pool.com,BCH,SHA-256,Global,official,https://bch.88pool.com/; https://bch.88pool.com/help.html,confirmed,active,2026-09-14,2026-09-14,Discovered by shallow crawling official website domain bch.88pool.com.
bch.88pool.com,3334,stratum+tcp,88pool.com,BCH,SHA-256,Global,official,https://bch.88pool.com/; https://bch.88pool.com/help.html,confirmed,active,2026-09-14,2026-09-14,Discovered by shallow crawling official website domain bch.88pool.com.
bch.88pool.com,3335,stratum+tcp,88pool.com,BCH,SHA-256,Global,official,https://bch.88pool.com/,confirmed,active,2026-09-14,2026-09-14,Discovered by shallow crawling official website domain bch.88pool.com.
bch.88pool.com,3336,stratum+tcp,88pool.com,BCH,SHA-256,Global,official,https://bch.88pool.com/,confirmed,active,2026-09-14,2026-09-14,Discovered by shallow crawling official website domain bch.88pool.com.
bch.88pool.com,3337,stratum+tcp,88pool.com,BCH,SHA-256,Global,official,https://bch.88pool.com/,confirmed,active,2026-09-14,2026-09-14,Discovered by shallow crawling official website domain bch.88pool.com.
bch.88pool.com,3338,stratum+tcp,88pool.com,BCH,SHA-256,Global,official,https://bch.88pool.com/,confirmed,active,2026-09-14,2026-09-14,Discovered by shallow crawling official website domain bch.88pool.com.
alphablockmonero.xyz,3333,stratum+tcp,Alphablockmonero,UNKNOWN,UNKNOWN,Global,official,https://alphablockmonero.xyz/,confirmed,active,2026-09-14,2026-09-14,Discovered by shallow crawling official website domain alphablockmonero.xyz.
alphablockmonero.xyz,5555,stratum+tcp,Alphablockmonero,UNKNOWN,UNKNOWN,Global,official,https://alphablockmonero.xyz/,confirmed,active,2026-09-14,2026-09-14,Discovered by shallow crawling official website domain alphablockmonero.xyz.
alphablockmonero.xyz,7777,stratum+tcp,Alphablockmonero,UNKNOWN,UNKNOWN,Global,official,https://alphablockmonero.xyz/,confirmed,active,2026-09-14,2026-09-14,Discovered by shallow crawling official website domain alphablockmonero.xyz.
bc3.online,3111,stratum+tcp,Bc3,UNKNOWN,UNKNOWN,Global,official,https://bc3.online/; https://bc3.online/#/get-started; https://bc3.online/#/stratum; https://bc3.online/#/rent,confirmed,active,2026-09-14,2026-09-14,Discovered by shallow crawling official website domain bc3.online.
bc3.online,3112,stratum+tcp,Bc3,UNKNOWN,UNKNOWN,Global,official,https://bc3.online/; https://bc3.online/#/get-started; https://bc3.online/#/stratum; https://bc3.online/#/rent,confirmed,active,2026-09-14,2026-09-14,Discovered by shallow crawling official website domain bc3.online.
para.bch.ee,3333,stratum+tcp,Bch,BCH,SHA-256,Global,official,https://bch.ee/; https://bch.ee/faq.html; https://bch.ee/solochance-pools.html,confirmed,active,2026-09-14,2026-09-14,Discovered by shallow crawling official website domain bch.ee.
testnet4.bch.ee,3333,stratum+tcp,Bch,BCH,SHA-256,Global,official,https://bch.ee/; https://bch.ee/faq.html; https://bch.ee/solochance-pools.html,confirmed,active,2026-09-14,2026-09-14,Discovered by shallow crawling official website domain bch.ee.
mainnet.bitcoincash.ee,3333,stratum+tcp,Bitcoincash,UNKNOWN,UNKNOWN,Global,official,https://bitcoincash.ee/; https://bitcoincash.ee/faq.html; https://bitcoincash.ee/solochance-pools.html,confirmed,active,2026-09-14,2026-09-14,Discovered by shallow crawling official website domain bitcoincash.ee.
testnet4.bitcoincash.ee,3333,stratum+tcp,Bitcoincash,UNKNOWN,UNKNOWN,Global,official,https://bitcoincash.ee/; https://bitcoincash.ee/faq.html; https://bitcoincash.ee/solochance-pools.html,confirmed,active,2026-09-14,2026-09-14,Discovered by shallow crawling official website domain bitcoincash.ee.
chauffagistes-pool.fr,3333,stratum+tcp,Chauffagistes Pool,UNKNOWN,UNKNOWN,Global,official,https://chauffagistes-pool.fr/; https://chauffagistes-pool.fr/#solo; https://chauffagistes-pool.fr/#pool,confirmed,active,2026-09-14,2026-09-14,Discovered by shallow crawling official website domain chauffagistes-pool.fr.
dero.rabidmining.com,10102,stratum+tcp,Dero,UNKNOWN,UNKNOWN,Global,official,https://dero.rabidmining.com/,confirmed,active,2026-09-14,2026-09-14,Discovered by shallow crawling official website domain dero.rabidmining.com.
dero.rabidmining.com,10300,stratum+tcp,Dero,UNKNOWN,UNKNOWN,Global,official,https://dero.rabidmining.com/mining-dero-on-desktop-and-servers; https://dero.rabidmining.com/dero-mining-pool,confirmed,active,2026-09-14,2026-09-14,Discovered by shallow crawling official website domain dero.rabidmining.com.
dero.rabidmining.com,11011,stratum+tcp,Dero,UNKNOWN,UNKNOWN,Global,official,https://dero.rabidmining.com/,confirmed,active,2026-09-14,2026-09-14,Discovered by shallow crawling official website domain dero.rabidmining.com.
dero-node.net,10100,stratum+tcp,Dero Node,UNKNOWN,UNKNOWN,Global,official,https://dero-node.net/; https://dero-node.net/#mining,confirmed,active,2026-09-14,2026-09-14,Discovered by shallow crawling official website domain dero-node.net.
dero-node.net,10102,stratum+tcp,Dero Node,UNKNOWN,UNKNOWN,Global,official,https://dero-node.net/; https://dero-node.net/#mining,confirmed,active,2026-09-14,2026-09-14,Discovered by shallow crawling official website domain dero-node.net.
quan.diffpool.xyz,8011,stratum+tcp,Diffpool,UNKNOWN,UNKNOWN,Global,official,https://diffpool.xyz/,confirmed,active,2026-09-14,2026-09-14,Discovered by shallow crawling official website domain diffpool.xyz.
156.238.244.248,13003,stratum+tcp,Equal,UNKNOWN,UNKNOWN,Global,official,https://equal.xdagminer.com/,confirmed,active,2026-09-14,2026-09-14,Discovered by shallow crawling official website domain equal.xdagminer.com.
156.238.244.248,23003,stratum+tcp,Equal,UNKNOWN,UNKNOWN,Global,official,https://equal.xdagminer.com/,confirmed,active,2026-09-14,2026-09-14,Discovered by shallow crawling official website domain equal.xdagminer.com.
equal.xdagminer.com,13003,stratum+tcp,Equal,UNKNOWN,UNKNOWN,Global,official,https://equal.xdagminer.com/,confirmed,active,2026-09-14,2026-09-14,Discovered by shallow crawling official website domain equal.xdagminer.com.
pool.frjoga.com,4242,stratum+tcp,Frjoga,UNKNOWN,UNKNOWN,Global,official,https://frjoga.com/; https://frjoga.com/#top; https://frjoga.com/#miner; https://frjoga.com/#start,confirmed,active,2026-09-14,2026-09-14,Discovered by shallow crawling official website domain frjoga.com.
gayfishpool.com,3333,stratum+tcp,Gayfishpool,UNKNOWN,UNKNOWN,Global,official,https://gayfishpool.com/,confirmed,active,2026-09-14,2026-09-14,Discovered by shallow crawling official website domain gayfishpool.com.
bch.harshy.site,3333,stratum+tcp,Harshy,BCH,SHA-256,Global,official,https://harshy.site/; https://harshy.site/help.html,confirmed,active,2026-09-14,2026-09-14,Discovered by shallow crawling official website domain harshy.site.
bch.harshy.site,3334,stratum+tcp,Harshy,BCH,SHA-256,Global,official,https://harshy.site/; https://harshy.site/help.html,confirmed,active,2026-09-14,2026-09-14,Discovered by shallow crawling official website domain harshy.site.
al.kano.is,3333,stratum+tcp,Kano,UNKNOWN,UNKNOWN,Global,official,https://kano.is/index.php?k=support,confirmed,active,2026-09-14,2026-09-14,Discovered by shallow crawling official website domain kano.is.
de.kano.is,3333,stratum+tcp,Kano,UNKNOWN,UNKNOWN,Global,official,https://kano.is/index.php?k=support,confirmed,active,2026-09-14,2026-09-14,Discovered by shallow crawling official website domain kano.is.
jp.kano.is,3333,stratum+tcp,Kano,UNKNOWN,UNKNOWN,Global,official,https://kano.is/index.php?k=support,confirmed,active,2026-09-14,2026-09-14,Discovered by shallow crawling official website domain kano.is.
la.kano.is,3333,stratum+tcp,Kano,UNKNOWN,UNKNOWN,Global,official,https://kano.is/index.php?k=support,confirmed,active,2026-09-14,2026-09-14,Discovered by shallow crawling official website domain kano.is.
nl.kano.is,3333,stratum+tcp,Kano,UNKNOWN,UNKNOWN,Global,official,https://kano.is/index.php?k=support,confirmed,active,2026-09-14,2026-09-14,Discovered by shallow crawling official website domain kano.is.
nya.kano.is,3333,stratum+tcp,Kano,UNKNOWN,UNKNOWN,Global,official,https://kano.is/index.php?k=support,confirmed,active,2026-09-14,2026-09-14,Discovered by shallow crawling official website domain kano.is.
px.kano.is,3333,stratum+tcp,Kano,UNKNOWN,UNKNOWN,Global,official,https://kano.is/index.php?k=support,confirmed,active,2026-09-14,2026-09-14,Discovered by shallow crawling official website domain kano.is.
se.kano.is,3333,stratum+tcp,Kano,UNKNOWN,UNKNOWN,Global,official,https://kano.is/index.php?k=support,confirmed,active,2026-09-14,2026-09-14,Discovered by shallow crawling official website domain kano.is.
stratum.kano.is,80,stratum+tcp,Kano,UNKNOWN,UNKNOWN,Global,official,https://kano.is/index.php?k=support,confirmed,active,2026-09-14,2026-09-14,Discovered by shallow crawling official website domain kano.is.
stratum.kano.is,81,stratum+tcp,Kano,UNKNOWN,UNKNOWN,Global,official,https://kano.is/index.php?k=support,confirmed,active,2026-09-14,2026-09-14,Discovered by shallow crawling official website domain kano.is.
stratum.kano.is,443,stratum+tcp,Kano,UNKNOWN,UNKNOWN,Global,official,https://kano.is/index.php?k=support,confirmed,active,2026-09-14,2026-09-14,Discovered by shallow crawling official website domain kano.is.
stratum.kano.is,3333,stratum+tcp,Kano,UNKNOWN,UNKNOWN,Global,official,https://kano.is/,confirmed,active,2026-09-14,2026-09-14,Discovered by shallow crawling official website domain kano.is.
stratum.kano.is,8080,stratum+tcp,Kano,UNKNOWN,UNKNOWN,Global,official,https://kano.is/index.php?k=support,confirmed,active,2026-09-14,2026-09-14,Discovered by shallow crawling official website domain kano.is.
kukume.net,14242,stratum+tcp,Kukume,UNKNOWN,UNKNOWN,Global,official,https://kukume.net/monero/,confirmed,active,2026-09-14,2026-09-14,Discovered by shallow crawling official website domain kukume.net.
eu.litecoinpool.org,3333,stratum+tcp,Litecoinpool,UNKNOWN,UNKNOWN,Europe,official,https://www.litecoinpool.org/help#ppsfee,confirmed,active,2026-09-14,2026-09-14,Discovered by shallow crawling official website domain litecoinpool.org.
us.litecoinpool.org,3333,stratum+tcp,Litecoinpool,UNKNOWN,UNKNOWN,USA,official,https://www.litecoinpool.org/help#ppsfee,confirmed,active,2026-09-14,2026-09-14,Discovered by shallow crawling official website domain litecoinpool.org.
us2.litecoinpool.org,3333,stratum+tcp,Litecoinpool,UNKNOWN,UNKNOWN,Global,official,https://www.litecoinpool.org/help#ppsfee,confirmed,active,2026-09-14,2026-09-14,Discovered by shallow crawling official website domain litecoinpool.org.
btc.luckyfastblocks.com,3333,stratum+tcp,Luckyfastblocks,BTC,SHA-256,Global,official,https://luckyfastblocks.com/; https://luckyfastblocks.com/#stats; https://btc.luckyfastblocks.com/; https://luckyfastblocks.com/#connect,confirmed,active,2026-09-14,2026-09-14,Discovered by shallow crawling official website domain luckyfastblocks.com.
luckyfastblocks.com,3333,stratum+tcp,Luckyfastblocks,UNKNOWN,UNKNOWN,Global,official,https://luckyfastblocks.com/; https://luckyfastblocks.com/#stats; https://btc.luckyfastblocks.com/; https://luckyfastblocks.com/#connect,confirmed,active,2026-09-14,2026-09-14,Discovered by shallow crawling official website domain luckyfastblocks.com.
eu.minto.day,3333,stratum+tcp,Minto,UNKNOWN,UNKNOWN,Europe,official,https://minto.day/index.php?view=getstarted,confirmed,active,2026-09-14,2026-09-14,Discovered by shallow crawling official website domain minto.day.
mine.monerod.org,4444,stratum+tcp,Monerod,UNKNOWN,UNKNOWN,Global,official,https://monerod.org/,confirmed,active,2026-09-14,2026-09-14,Discovered by shallow crawling official website domain monerod.org.
solo.nexuspool.io,3350,stratum+tcp,Nexuspool,UNKNOWN,UNKNOWN,Global,official,https://nexuspool.io/; https://nexuspool.io/#start; https://nexuspool.io/docs/audit,confirmed,active,2026-09-14,2026-09-14,Discovered by shallow crawling official website domain nexuspool.io.
mine.ocean.xyz,3334,stratum+tcp,Ocean,UNKNOWN,UNKNOWN,Global,official,https://ocean.xyz/; https://ocean.xyz/getstarted,confirmed,active,2026-09-14,2026-09-14,Discovered by shallow crawling official website domain ocean.xyz.
global.pearlfortune.org,443,stratum+tcp,Pearlfortune,UNKNOWN,UNKNOWN,Global,official,https://pearlfortune.org/; https://pearlfortune.org/#faq,confirmed,active,2026-09-14,2026-09-14,Discovered by shallow crawling official website domain pearlfortune.org.
pool.pearlhash.xyz,9000,stratum+tcp,Pearlhash,UNKNOWN,UNKNOWN,Global,official,https://pearlhash.xyz/; https://pearlhash.xyz/#config; https://pearlhash.xyz/#faq,confirmed,active,2026-09-14,2026-09-14,Discovered by shallow crawling official website domain pearlhash.xyz.
3frqrelf7wbcmljeabpysnt72apjayzjek3muiktzsgccefkq7dnz5qd.onion,3333,stratum+tcp,Pool,UNKNOWN,UNKNOWN,Global,official,https://pool.connoraherne.com/connect.html,confirmed,active,2026-09-14,2026-09-14,Discovered by shallow crawling official website domain pool.connoraherne.com.
65.109.139.153,3052,stratum+tcp,Pool,UNKNOWN,UNKNOWN,Global,official,https://pool.excc.co/,confirmed,active,2026-09-14,2026-09-14,Discovered by shallow crawling official website domain pool.excc.co.
asia.pool.easygrin.org,3001,stratum+tcp,Pool,UNKNOWN,UNKNOWN,Asia,official,https://pool.easygrin.org/; https://pool.easygrin.org/pool,confirmed,active,2026-09-14,2026-09-14,Discovered by shallow crawling official website domain pool.easygrin.org.
eu.pool.primetriad.com,3334,stratum+tcp,Pool,UNKNOWN,UNKNOWN,Europe,official,https://pool.primetriad.com/; https://pool.primetriad.com/#miner-lookup; https://pool.primetriad.com/#connect,confirmed,active,2026-09-14,2026-09-14,Discovered by shallow crawling official website domain pool.primetriad.com.
europe.pool.easygrin.org,3001,stratum+tcp,Pool,UNKNOWN,UNKNOWN,Europe,official,https://pool.easygrin.org/; https://pool.easygrin.org/pool,confirmed,active,2026-09-14,2026-09-14,Discovered by shallow crawling official website domain pool.easygrin.org.
mine.vericonomy.com,3333,stratum+tcp,Pool,UNKNOWN,UNKNOWN,Global,official,https://pool.vericonomy.com/; https://pool.vericonomy.com/getting-started,confirmed,active,2026-09-14,2026-09-14,Discovered by shallow crawling official website domain pool.vericonomy.com.
pool.easygrin.org,3001,stratum+tcp,Pool,UNKNOWN,UNKNOWN,Global,official,https://pool.easygrin.org/; https://pool.easygrin.org/pool,confirmed,active,2026-09-14,2026-09-14,Discovered by shallow crawling official website domain pool.easygrin.org.
pool.easygrin.org,3008,stratum+tcp,Pool,UNKNOWN,UNKNOWN,Global,official,https://pool.easygrin.org/; https://pool.easygrin.org/pool,confirmed,active,2026-09-14,2026-09-14,Discovered by shallow crawling official website domain pool.easygrin.org.
pool.mwcmonitor.com,3333,stratum+tcp,Pool,UNKNOWN,UNKNOWN,Global,official,https://pool.mwcmonitor.com/,confirmed,active,2026-09-14,2026-09-14,Discovered by shallow crawling official website domain pool.mwcmonitor.com.
pool.nerdminer.io,3333,stratum+tcp,Pool,UNKNOWN,UNKNOWN,Global,official,https://pool.nerdminer.io/,confirmed,active,2026-09-14,2026-09-14,Discovered by shallow crawling official website domain pool.nerdminer.io.
pool.nerdminers.org,3333,stratum+tcp,Pool,UNKNOWN,UNKNOWN,Global,official,https://pool.nerdminers.org/; https://pool.nerdminers.org/index.html,confirmed,active,2026-09-14,2026-09-14,Discovered by shallow crawling official website domain pool.nerdminers.org.
pool.pearlvolt.run,4141,stratum+tcp,Pool,UNKNOWN,UNKNOWN,Global,official,https://pool.pearlvolt.run/,confirmed,active,2026-09-14,2026-09-14,Discovered by shallow crawling official website domain pool.pearlvolt.run.
pool.primetriad.com,3334,stratum+tcp,Pool,UNKNOWN,UNKNOWN,Global,official,https://pool.primetriad.com/; https://pool.primetriad.com/#miner-lookup; https://pool.primetriad.com/#connect,confirmed,active,2026-09-14,2026-09-14,Discovered by shallow crawling official website domain pool.primetriad.com.
sg.pool.primetriad.com,3334,stratum+tcp,Pool,UNKNOWN,UNKNOWN,Global,official,https://pool.primetriad.com/; https://pool.primetriad.com/#miner-lookup; https://pool.primetriad.com/#connect,confirmed,active,2026-09-14,2026-09-14,Discovered by shallow crawling official website domain pool.primetriad.com.
stratum.bitaxe.de,3333,stratum+tcp,Pool,UNKNOWN,UNKNOWN,Global,official,https://pool.bitaxe.de/en/,confirmed,active,2026-09-14,2026-09-14,Discovered by shallow crawling official website domain pool.bitaxe.de.
stratum.connoraherne.com,3333,stratum+tcp,Pool,UNKNOWN,UNKNOWN,Global,official,https://pool.connoraherne.com/connect.html,confirmed,active,2026-09-14,2026-09-14,Discovered by shallow crawling official website domain pool.connoraherne.com.
stratum.linkrra.com,5567,stratum+tcp,Pool,UNKNOWN,UNKNOWN,Global,official,https://pool.linkrra.com/; https://pool.linkrra.com/miners; https://pool.linkrra.com/#connect,confirmed,active,2026-09-14,2026-09-14,Discovered by shallow crawling official website domain pool.linkrra.com.
stratum.linkrra.com,5568,stratum+ssl,Pool,UNKNOWN,UNKNOWN,Global,official,https://pool.linkrra.com/miners,confirmed,active,2026-09-14,2026-09-14,Discovered by shallow crawling official website domain pool.linkrra.com.
us.pool.easygrin.org,3001,stratum+tcp,Pool,UNKNOWN,UNKNOWN,USA,official,https://pool.easygrin.org/; https://pool.easygrin.org/pool,confirmed,active,2026-09-14,2026-09-14,Discovered by shallow crawling official website domain pool.easygrin.org.
sedra.kardos.home,5577,stratum+tcp,Puddlepool,UNKNOWN,UNKNOWN,Global,official,https://puddlepool.com/,confirmed,active,2026-09-14,2026-09-14,Discovered by shallow crawling official website domain puddlepool.com.
kz.btc.rupool.pro,25,stratum+tcp,Rupool,BTC,SHA-256,Global,official,https://rupool.pro/en/mining-pools/btc/,confirmed,active,2026-09-14,2026-09-14,Discovered by shallow crawling official website domain rupool.pro.
kz.btc.rupool.pro,443,stratum+tcp,Rupool,BTC,SHA-256,Global,official,https://rupool.pro/en/mining-pools/btc/,confirmed,active,2026-09-14,2026-09-14,Discovered by shallow crawling official website domain rupool.pro.
kz.btc.rupool.pro,3333,stratum+tcp,Rupool,BTC,SHA-256,Global,official,https://rupool.pro/en/mining-pools/btc/,confirmed,active,2026-09-14,2026-09-14,Discovered by shallow crawling official website domain rupool.pro.
kz.btc.rupool.pro,8888,stratum+tcp,Rupool,BTC,SHA-256,Global,official,https://rupool.pro/en/mining-pools/btc/,confirmed,active,2026-09-14,2026-09-14,Discovered by shallow crawling official website domain rupool.pro.
msk.ru.btc.rupool.pro,25,stratum+tcp,Rupool,BTC,SHA-256,Global,official,https://rupool.pro/en/mining-pools/btc/,confirmed,active,2026-09-14,2026-09-14,Discovered by shallow crawling official website domain rupool.pro.
msk.ru.btc.rupool.pro,443,stratum+tcp,Rupool,BTC,SHA-256,Global,official,https://rupool.pro/en/mining-pools/btc/,confirmed,active,2026-09-14,2026-09-14,Discovered by shallow crawling official website domain rupool.pro.
msk.ru.btc.rupool.pro,3333,stratum+tcp,Rupool,BTC,SHA-256,Global,official,https://rupool.pro/en/mining-pools/btc/,confirmed,active,2026-09-14,2026-09-14,Discovered by shallow crawling official website domain rupool.pro.
msk.ru.btc.rupool.pro,8888,stratum+tcp,Rupool,BTC,SHA-256,Global,official,https://rupool.pro/en/mining-pools/btc/,confirmed,active,2026-09-14,2026-09-14,Discovered by shallow crawling official website domain rupool.pro.
nsk.ru.btc.rupool.pro,25,stratum+tcp,Rupool,BTC,SHA-256,Global,official,https://rupool.pro/en/mining-pools/btc/,confirmed,active,2026-09-14,2026-09-14,Discovered by shallow crawling official website domain rupool.pro.
nsk.ru.btc.rupool.pro,443,stratum+tcp,Rupool,BTC,SHA-256,Global,official,https://rupool.pro/en/mining-pools/btc/,confirmed,active,2026-09-14,2026-09-14,Discovered by shallow crawling official website domain rupool.pro.
nsk.ru.btc.rupool.pro,3333,stratum+tcp,Rupool,BTC,SHA-256,Global,official,https://rupool.pro/en/mining-pools/btc/,confirmed,active,2026-09-14,2026-09-14,Discovered by shallow crawling official website domain rupool.pro.
nsk.ru.btc.rupool.pro,8888,stratum+tcp,Rupool,BTC,SHA-256,Global,official,https://rupool.pro/en/mining-pools/btc/,confirmed,active,2026-09-14,2026-09-14,Discovered by shallow crawling official website domain rupool.pro.
ltc.rupool.pro,25,stratum+tcp,Rupool,LTC,Scrypt,Global,official,https://rupool.pro/en/mining-pools/ltc/; https://rupool.pro/en/mining-pools/doge/,confirmed,active,2026-09-14,2026-09-14,Discovered by shallow crawling official website domain rupool.pro.
ltc.rupool.pro,443,stratum+tcp,Rupool,LTC,Scrypt,Global,official,https://rupool.pro/en/mining-pools/ltc/; https://rupool.pro/en/mining-pools/doge/,confirmed,active,2026-09-14,2026-09-14,Discovered by shallow crawling official website domain rupool.pro.
ltc.rupool.pro,3333,stratum+tcp,Rupool,LTC,Scrypt,Global,official,https://rupool.pro/en/mining-pools/ltc/; https://rupool.pro/en/mining-pools/doge/,confirmed,active,2026-09-14,2026-09-14,Discovered by shallow crawling official website domain rupool.pro.
ltc.rupool.pro,8888,stratum+tcp,Rupool,LTC,Scrypt,Global,official,https://rupool.pro/en/mining-pools/ltc/; https://rupool.pro/en/mining-pools/doge/,confirmed,active,2026-09-14,2026-09-14,Discovered by shallow crawling official website domain rupool.pro.
enter.rupool.pro,25,stratum+tcp,Rupool,UNKNOWN,UNKNOWN,Global,official,https://rupool.pro/en/; https://rupool.pro/en/mining-pools/btc/,confirmed,active,2026-09-14,2026-09-14,Discovered by shallow crawling official website domain rupool.pro.
enter.rupool.pro,443,stratum+tcp,Rupool,UNKNOWN,UNKNOWN,Global,official,https://rupool.pro/en/; https://rupool.pro/en/mining-pools/btc/,confirmed,active,2026-09-14,2026-09-14,Discovered by shallow crawling official website domain rupool.pro.
enter.rupool.pro,3333,stratum+tcp,Rupool,UNKNOWN,UNKNOWN,Global,official,https://rupool.pro/en/; https://rupool.pro/en/mining-pools/btc/,confirmed,active,2026-09-14,2026-09-14,Discovered by shallow crawling official website domain rupool.pro.
enter.rupool.pro,8888,stratum+tcp,Rupool,UNKNOWN,UNKNOWN,Global,official,https://rupool.pro/en/; https://rupool.pro/en/mining-pools/btc/,confirmed,active,2026-09-14,2026-09-14,Discovered by shallow crawling official website domain rupool.pro.
pool1.sluicey.xyz,3333,stratum+tcp,Sluicey,UNKNOWN,UNKNOWN,Global,official,https://sluicey.xyz/; https://sluicey.xyz/#/; https://sluicey.xyz/#/docs; https://sluicey.xyz/#/connect,confirmed,active,2026-09-14,2026-09-14,Discovered by shallow crawling official website domain sluicey.xyz.
pool2.sluicey.xyz,3333,stratum+tcp,Sluicey,UNKNOWN,UNKNOWN,Global,official,https://sluicey.xyz/; https://sluicey.xyz/#/; https://sluicey.xyz/#/docs; https://sluicey.xyz/#/connect,confirmed,active,2026-09-14,2026-09-14,Discovered by shallow crawling official website domain sluicey.xyz.
sluicey.xyz,3333,stratum+tcp,Sluicey,UNKNOWN,UNKNOWN,Global,official,https://sluicey.xyz/; https://sluicey.xyz/#/; https://sluicey.xyz/#/docs; https://sluicey.xyz/#/connect,confirmed,active,2026-09-14,2026-09-14,Discovered by shallow crawling official website domain sluicey.xyz.
sneakattack.se,2323,stratum+tcp,Sneakattack,UNKNOWN,UNKNOWN,Global,official,https://sneakattack.se/,confirmed,active,2026-09-14,2026-09-14,Discovered by shallow crawling official website domain sneakattack.se.
asia.solo.easygrin.org,3101,stratum+tcp,Solo,UNKNOWN,UNKNOWN,Asia,official,https://solo.easygrin.org/; https://solo.easygrin.org/pool,confirmed,active,2026-09-14,2026-09-14,Discovered by shallow crawling official website domain solo.easygrin.org.
europe.solo.easygrin.org,3101,stratum+tcp,Solo,UNKNOWN,UNKNOWN,Europe,official,https://solo.easygrin.org/; https://solo.easygrin.org/pool,confirmed,active,2026-09-14,2026-09-14,Discovered by shallow crawling official website domain solo.easygrin.org.
solo.cat,3333,stratum+tcp,Solo,UNKNOWN,UNKNOWN,Global,official,https://solo.cat/; https://solo.cat/doc.html; https://solo.cat/doc.html#Terms,confirmed,active,2026-09-14,2026-09-14,Discovered by shallow crawling official website domain solo.cat.
solo.mineshop.eu,3333,stratum+tcp,Solo,UNKNOWN,UNKNOWN,Europe,official,https://solo.mineshop.eu/; https://solo.mineshop.eu/#connect; https://solo.mineshop.eu/#faq,confirmed,active,2026-09-14,2026-09-14,Discovered by shallow crawling official website domain solo.mineshop.eu.
solo.mineshop.eu,3335,stratum+tcp,Solo,UNKNOWN,UNKNOWN,Europe,official,https://solo.mineshop.eu/; https://solo.mineshop.eu/#connect; https://solo.mineshop.eu/#faq,confirmed,active,2026-09-14,2026-09-14,Discovered by shallow crawling official website domain solo.mineshop.eu.
stratum-de.solo.mineshop.eu,3333,stratum+tcp,Solo,UNKNOWN,UNKNOWN,Europe,official,https://solo.mineshop.eu/; https://solo.mineshop.eu/#connect; https://solo.mineshop.eu/#faq,confirmed,active,2026-09-14,2026-09-14,Discovered by shallow crawling official website domain solo.mineshop.eu.
stratum-de.solo.mineshop.eu,3335,stratum+tcp,Solo,UNKNOWN,UNKNOWN,Europe,official,https://solo.mineshop.eu/; https://solo.mineshop.eu/#connect; https://solo.mineshop.eu/#faq,confirmed,active,2026-09-14,2026-09-14,Discovered by shallow crawling official website domain solo.mineshop.eu.
us.solo.easygrin.org,3101,stratum+tcp,Solo,UNKNOWN,UNKNOWN,USA,official,https://solo.easygrin.org/; https://solo.easygrin.org/pool,confirmed,active,2026-09-14,2026-09-14,Discovered by shallow crawling official website domain solo.easygrin.org.
bitcoin.solo100.org,3333,stratum+tcp,Solo100,BTC,SHA-256,Global,official,https://solo100.org/,confirmed,active,2026-09-14,2026-09-14,Discovered by shallow crawling official website domain solo100.org.
testnet.solo100.org,3333,stratum+tcp,Solo100,UNKNOWN,UNKNOWN,Global,official,https://solo100.org/,confirmed,active,2026-09-14,2026-09-14,Discovered by shallow crawling official website domain solo100.org.
stratum.sololuck.io,3333,stratum+tcp,Sololuck,UNKNOWN,UNKNOWN,Global,official,https://sololuck.io/; https://sololuck.io/connect,confirmed,active,2026-09-14,2026-09-14,Discovered by shallow crawling official website domain sololuck.io.
stratum.sololuck.io,3334,stratum+ssl,Sololuck,UNKNOWN,UNKNOWN,Global,official,https://sololuck.io/connect,confirmed,active,2026-09-14,2026-09-14,Discovered by shallow crawling official website domain sololuck.io.
stratum.sololuck.io,3334,stratum+tcp,Sololuck,UNKNOWN,UNKNOWN,Global,official,https://sololuck.io/connect,confirmed,active,2026-09-14,2026-09-14,Discovered by shallow crawling official website domain sololuck.io.
stratum.sololuck.io,3335,stratum+tcp,Sololuck,UNKNOWN,UNKNOWN,Global,official,https://sololuck.io/connect,confirmed,active,2026-09-14,2026-09-14,Discovered by shallow crawling official website domain sololuck.io.
stratum.sololuck.io,4334,stratum+tcp,Sololuck,UNKNOWN,UNKNOWN,Global,official,https://sololuck.io/connect,confirmed,active,2026-09-14,2026-09-14,Discovered by shallow crawling official website domain sololuck.io.
asia.solopool.com,3333,stratum+tcp,Solopool,UNKNOWN,UNKNOWN,Asia,official,https://solopool.com/; https://solopool.com/server.html,confirmed,active,2026-09-14,2026-09-14,Discovered by shallow crawling official website domain solopool.com.
asia.solopool.com,4444,stratum+tcp,Solopool,UNKNOWN,UNKNOWN,Asia,official,https://solopool.com/,confirmed,active,2026-09-14,2026-09-14,Discovered by shallow crawling official website domain solopool.com.
east.solopool.com,3333,stratum+tcp,Solopool,UNKNOWN,UNKNOWN,Global,official,https://solopool.com/; https://solopool.com/server.html,confirmed,active,2026-09-14,2026-09-14,Discovered by shallow crawling official website domain solopool.com.
east.solopool.com,4444,stratum+tcp,Solopool,UNKNOWN,UNKNOWN,Global,official,https://solopool.com/,confirmed,active,2026-09-14,2026-09-14,Discovered by shallow crawling official website domain solopool.com.
eu.solopool.com,3333,stratum+tcp,Solopool,UNKNOWN,UNKNOWN,Europe,official,https://solopool.com/; https://solopool.com/server.html,confirmed,active,2026-09-14,2026-09-14,Discovered by shallow crawling official website domain solopool.com.
eu.solopool.com,4444,stratum+tcp,Solopool,UNKNOWN,UNKNOWN,Europe,official,https://solopool.com/,confirmed,active,2026-09-14,2026-09-14,Discovered by shallow crawling official website domain solopool.com.
la.solopool.com,3333,stratum+tcp,Solopool,UNKNOWN,UNKNOWN,Global,official,https://solopool.com/; https://solopool.com/server.html,confirmed,active,2026-09-14,2026-09-14,Discovered by shallow crawling official website domain solopool.com.
la.solopool.com,4444,stratum+tcp,Solopool,UNKNOWN,UNKNOWN,Global,official,https://solopool.com/,confirmed,active,2026-09-14,2026-09-14,Discovered by shallow crawling official website domain solopool.com.
me.solopool.com,3333,stratum+tcp,Solopool,UNKNOWN,UNKNOWN,Global,official,https://solopool.com/; https://solopool.com/server.html,confirmed,active,2026-09-14,2026-09-14,Discovered by shallow crawling official website domain solopool.com.
me.solopool.com,4444,stratum+tcp,Solopool,UNKNOWN,UNKNOWN,Global,official,https://solopool.com/,confirmed,active,2026-09-14,2026-09-14,Discovered by shallow crawling official website domain solopool.com.
solopool.fr,3333,stratum+tcp,Solopool,UNKNOWN,UNKNOWN,Global,official,https://solopool.fr/faq.html,confirmed,active,2026-09-14,2026-09-14,Discovered by shallow crawling official website domain solopool.fr.
sp.solopool.com,3333,stratum+tcp,Solopool,UNKNOWN,UNKNOWN,Global,official,https://solopool.com/; https://solopool.com/server.html,confirmed,active,2026-09-14,2026-09-14,Discovered by shallow crawling official website domain solopool.com.
sp.solopool.com,4444,stratum+tcp,Solopool,UNKNOWN,UNKNOWN,Global,official,https://solopool.com/,confirmed,active,2026-09-14,2026-09-14,Discovered by shallow crawling official website domain solopool.com.
stratum.solopool.com,3333,stratum+tcp,Solopool,UNKNOWN,UNKNOWN,Global,official,https://solopool.com/,confirmed,active,2026-09-14,2026-09-14,Discovered by shallow crawling official website domain solopool.com.
stratum.solopool.com,4444,stratum+tcp,Solopool,UNKNOWN,UNKNOWN,Global,official,https://solopool.com/,confirmed,active,2026-09-14,2026-09-14,Discovered by shallow crawling official website domain solopool.com.
xmr.tallhatdoug.com,4242,stratum+tcp,Tallhatdoug,UNKNOWN,UNKNOWN,Global,official,https://tallhatdoug.com/; https://tallhatdoug.com/setup/,confirmed,active,2026-09-14,2026-09-14,Discovered by shallow crawling official website domain tallhatdoug.com.
xmr.tallhatdoug.com,4244,stratum+tcp,Tallhatdoug,UNKNOWN,UNKNOWN,Global,official,https://tallhatdoug.com/; https://tallhatdoug.com/setup/,confirmed,active,2026-09-14,2026-09-14,Discovered by shallow crawling official website domain tallhatdoug.com.
vbk-reb0rn.ddns.net,8502,stratum+tcp,Vbk Reb0Rn,UNKNOWN,UNKNOWN,Global,official,http://vbk-reb0rn.ddns.net/,confirmed,active,2026-09-14,2026-09-14,Discovered by shallow crawling official website domain vbk-reb0rn.ddns.net.
116.202.3.220,23655,stratum+tcp,Xdag,UNKNOWN,UNKNOWN,Global,official,https://xdag.org/setup?pool_id=1,confirmed,active,2026-09-14,2026-09-14,Discovered by shallow crawling official website domain xdag.org.
stratum.xdag.org,23655,stratum+tcp,Xdag,UNKNOWN,UNKNOWN,Global,official,https://xdag.org/; https://xdag.org/setup?pool_id=1,confirmed,active,2026-09-14,2026-09-14,Discovered by shallow crawling official website domain xdag.org.
stratum.xdag.org,23656,stratum+tcp,Xdag,UNKNOWN,UNKNOWN,Global,official,https://xdag.org/,confirmed,active,2026-09-14,2026-09-14,Discovered by shallow crawling official website domain xdag.org.
stratum.xdag.org,24655,stratum+tcp,Xdag,UNKNOWN,UNKNOWN,Global,official,https://xdag.org/,confirmed,active,2026-09-14,2026-09-14,Discovered by shallow crawling official website domain xdag.org.
stratum.xdag.org,24656,stratum+tcp,Xdag,UNKNOWN,UNKNOWN,Global,official,https://xdag.org/,confirmed,active,2026-09-14,2026-09-14,Discovered by shallow crawling official website domain xdag.org.
acc-pool.pw,8181,stratum+tcp,acc-pool.pw,UNKNOWN,UNKNOWN,Global,official,https://hathor.acc-pool.pw/gettingstarted/,confirmed,active,2026-09-14,2026-09-14,Discovered by shallow crawling official website domain hathor.acc-pool.pw.
acc-pool.pw,16011,stratum+tcp,acc-pool.pw,UNKNOWN,UNKNOWN,Global,official,https://nexa.acc-pool.pw/gettingstarted/,confirmed,active,2026-09-14,2026-09-14,Discovered by shallow crawling official website domain nexa.acc-pool.pw.
acc-pool.pw,16061,stratum+tcp,acc-pool.pw,UNKNOWN,UNKNOWN,Global,official,https://kaspa.acc-pool.pw/gettingstarted/,confirmed,active,2026-09-14,2026-09-14,Discovered by shallow crawling official website domain kaspa.acc-pool.pw.
ca.acc-pool.pw,8181,stratum+tcp,acc-pool.pw,UNKNOWN,UNKNOWN,Global,official,https://hathor.acc-pool.pw/gettingstarted/,confirmed,active,2026-09-14,2026-09-14,Discovered by shallow crawling official website domain hathor.acc-pool.pw.
ru.acc-pool.pw,8181,stratum+tcp,acc-pool.pw,UNKNOWN,UNKNOWN,Global,official,https://hathor.acc-pool.pw/gettingstarted/,confirmed,active,2026-09-14,2026-09-14,Discovered by shallow crawling official website domain hathor.acc-pool.pw.
beam.acepool.top,3333,stratum+tcp,acepool.top,UNKNOWN,UNKNOWN,Global,official,https://beam.acepool.top/,confirmed,active,2026-09-14,2026-09-14,Discovered by shallow crawling official website domain beam.acepool.top.
beam.acepool.top,3334,stratum+tcp,acepool.top,UNKNOWN,UNKNOWN,Global,official,https://beam.acepool.top/,confirmed,active,2026-09-14,2026-09-14,Discovered by shallow crawling official website domain beam.acepool.top.
stratum.aikapool.com,3651,stratum+tcp,aikapool.com,UNKNOWN,UNKNOWN,Global,official,https://aikapool.com/dms/index.php?page=login,confirmed,active,2026-09-14,2026-09-14,Discovered by shallow crawling official website domain aikapool.com.
stratum.aikapool.com,3902,stratum+tcp,aikapool.com,UNKNOWN,UNKNOWN,Global,official,https://aikapool.com/,confirmed,active,2026-09-14,2026-09-14,Discovered by shallow crawling official website domain aikapool.com.
stratum.aikapool.com,3918,stratum+tcp,aikapool.com,UNKNOWN,UNKNOWN,Global,official,https://aikapool.com/,confirmed,active,2026-09-14,2026-09-14,Discovered by shallow crawling official website domain aikapool.com.
stratum.aikapool.com,3919,stratum+tcp,aikapool.com,UNKNOWN,UNKNOWN,Global,official,https://aikapool.com/,confirmed,active,2026-09-14,2026-09-14,Discovered by shallow crawling official website domain aikapool.com.
stratum.aikapool.com,3929,stratum+tcp,aikapool.com,UNKNOWN,UNKNOWN,Global,official,https://aikapool.com/,confirmed,active,2026-09-14,2026-09-14,Discovered by shallow crawling official website domain aikapool.com.
stratum.aikapool.com,3930,stratum+tcp,aikapool.com,UNKNOWN,UNKNOWN,Global,official,https://aikapool.com/,confirmed,active,2026-09-14,2026-09-14,Discovered by shallow crawling official website domain aikapool.com.
stratum.aikapool.com,3931,stratum+tcp,aikapool.com,UNKNOWN,UNKNOWN,Global,official,https://aikapool.com/,confirmed,active,2026-09-14,2026-09-14,Discovered by shallow crawling official website domain aikapool.com.
stratum.aikapool.com,3933,stratum+tcp,aikapool.com,UNKNOWN,UNKNOWN,Global,official,https://aikapool.com/,confirmed,active,2026-09-14,2026-09-14,Discovered by shallow crawling official website domain aikapool.com.
stratum.aikapool.com,3934,stratum+tcp,aikapool.com,UNKNOWN,UNKNOWN,Global,official,https://aikapool.com/,confirmed,active,2026-09-14,2026-09-14,Discovered by shallow crawling official website domain aikapool.com.
stratum.aikapool.com,3935,stratum+tcp,aikapool.com,UNKNOWN,UNKNOWN,Global,official,https://aikapool.com/,confirmed,active,2026-09-14,2026-09-14,Discovered by shallow crawling official website domain aikapool.com.
stratum.aikapool.com,3936,stratum+tcp,aikapool.com,UNKNOWN,UNKNOWN,Global,official,https://aikapool.com/,confirmed,active,2026-09-14,2026-09-14,Discovered by shallow crawling official website domain aikapool.com.
stratum.aikapool.com,3937,stratum+tcp,aikapool.com,UNKNOWN,UNKNOWN,Global,official,https://aikapool.com/,confirmed,active,2026-09-14,2026-09-14,Discovered by shallow crawling official website domain aikapool.com.
stratum.aikapool.com,3938,stratum+tcp,aikapool.com,UNKNOWN,UNKNOWN,Global,official,https://aikapool.com/,confirmed,active,2026-09-14,2026-09-14,Discovered by shallow crawling official website domain aikapool.com.
stratum.aikapool.com,3939,stratum+tcp,aikapool.com,UNKNOWN,UNKNOWN,Global,official,https://aikapool.com/,confirmed,active,2026-09-14,2026-09-14,Discovered by shallow crawling official website domain aikapool.com.
stratum.aikapool.com,3940,stratum+tcp,aikapool.com,UNKNOWN,UNKNOWN,Global,official,https://aikapool.com/,confirmed,active,2026-09-14,2026-09-14,Discovered by shallow crawling official website domain aikapool.com.
stratum.aikapool.com,3941,stratum+tcp,aikapool.com,UNKNOWN,UNKNOWN,Global,official,https://aikapool.com/,confirmed,active,2026-09-14,2026-09-14,Discovered by shallow crawling official website domain aikapool.com.
stratum.aikapool.com,3942,stratum+tcp,aikapool.com,UNKNOWN,UNKNOWN,Global,official,https://aikapool.com/,confirmed,active,2026-09-14,2026-09-14,Discovered by shallow crawling official website domain aikapool.com.
stratum.aikapool.com,3951,stratum+tcp,aikapool.com,UNKNOWN,UNKNOWN,Global,official,https://aikapool.com/; https://aikapool.com/dms/index.php?page=login,confirmed,active,2026-09-14,2026-09-14,Discovered by shallow crawling official website domain aikapool.com.
stratum.aikapool.com,3952,stratum+tcp,aikapool.com,UNKNOWN,UNKNOWN,Global,official,https://aikapool.com/,confirmed,active,2026-09-14,2026-09-14,Discovered by shallow crawling official website domain aikapool.com.
stratum.aikapool.com,3953,stratum+tcp,aikapool.com,UNKNOWN,UNKNOWN,Global,official,https://aikapool.com/,confirmed,active,2026-09-14,2026-09-14,Discovered by shallow crawling official website domain aikapool.com.
stratum.aikapool.com,3954,stratum+tcp,aikapool.com,UNKNOWN,UNKNOWN,Global,official,https://aikapool.com/,confirmed,active,2026-09-14,2026-09-14,Discovered by shallow crawling official website domain aikapool.com.
stratum.aikapool.com,3955,stratum+tcp,aikapool.com,UNKNOWN,UNKNOWN,Global,official,https://aikapool.com/,confirmed,active,2026-09-14,2026-09-14,Discovered by shallow crawling official website domain aikapool.com.
stratum.aikapool.com,3956,stratum+tcp,aikapool.com,UNKNOWN,UNKNOWN,Global,official,https://aikapool.com/,confirmed,active,2026-09-14,2026-09-14,Discovered by shallow crawling official website domain aikapool.com.
stratum.aikapool.com,4983,stratum+tcp,aikapool.com,UNKNOWN,UNKNOWN,Global,official,https://aikapool.com/,confirmed,active,2026-09-14,2026-09-14,Discovered by shallow crawling official website domain aikapool.com.
stratum.aikapool.com,4990,stratum+tcp,aikapool.com,UNKNOWN,UNKNOWN,Global,official,https://aikapool.com/,confirmed,active,2026-09-14,2026-09-14,Discovered by shallow crawling official website domain aikapool.com.
stratum.aikapool.com,4992,stratum+tcp,aikapool.com,UNKNOWN,UNKNOWN,Global,official,https://aikapool.com/,confirmed,active,2026-09-14,2026-09-14,Discovered by shallow crawling official website domain aikapool.com.
stratum.aikapool.com,4994,stratum+tcp,aikapool.com,UNKNOWN,UNKNOWN,Global,official,https://aikapool.com/,confirmed,active,2026-09-14,2026-09-14,Discovered by shallow crawling official website domain aikapool.com.
stratum.aikapool.com,4995,stratum+tcp,aikapool.com,UNKNOWN,UNKNOWN,Global,official,https://aikapool.com/,confirmed,active,2026-09-14,2026-09-14,Discovered by shallow crawling official website domain aikapool.com.
stratum.aikapool.com,4998,stratum+tcp,aikapool.com,UNKNOWN,UNKNOWN,Global,official,https://aikapool.com/,confirmed,active,2026-09-14,2026-09-14,Discovered by shallow crawling official website domain aikapool.com.
stratum.aikapool.com,4999,stratum+tcp,aikapool.com,UNKNOWN,UNKNOWN,Global,official,https://aikapool.com/,confirmed,active,2026-09-14,2026-09-14,Discovered by shallow crawling official website domain aikapool.com.
stratum.aikapool.com,5900,stratum+tcp,aikapool.com,UNKNOWN,UNKNOWN,Global,official,https://aikapool.com/,confirmed,active,2026-09-14,2026-09-14,Discovered by shallow crawling official website domain aikapool.com.
stratum.aikapool.com,5901,stratum+tcp,aikapool.com,UNKNOWN,UNKNOWN,Global,official,https://aikapool.com/,confirmed,active,2026-09-14,2026-09-14,Discovered by shallow crawling official website domain aikapool.com.
stratum.aikapool.com,5903,stratum+tcp,aikapool.com,UNKNOWN,UNKNOWN,Global,official,https://aikapool.com/,confirmed,active,2026-09-14,2026-09-14,Discovered by shallow crawling official website domain aikapool.com.
stratum.aikapool.com,5907,stratum+tcp,aikapool.com,UNKNOWN,UNKNOWN,Global,official,https://aikapool.com/,confirmed,active,2026-09-14,2026-09-14,Discovered by shallow crawling official website domain aikapool.com.
stratum.aikapool.com,5908,stratum+tcp,aikapool.com,UNKNOWN,UNKNOWN,Global,official,https://aikapool.com/,confirmed,active,2026-09-14,2026-09-14,Discovered by shallow crawling official website domain aikapool.com.
stratum.aikapool.com,5909,stratum+tcp,aikapool.com,UNKNOWN,UNKNOWN,Global,official,https://aikapool.com/,confirmed,active,2026-09-14,2026-09-14,Discovered by shallow crawling official website domain aikapool.com.
stratum.aikapool.com,5911,stratum+tcp,aikapool.com,UNKNOWN,UNKNOWN,Global,official,https://aikapool.com/,confirmed,active,2026-09-14,2026-09-14,Discovered by shallow crawling official website domain aikapool.com.
stratum.aikapool.com,5940,stratum+tcp,aikapool.com,UNKNOWN,UNKNOWN,Global,official,https://aikapool.com/,confirmed,active,2026-09-14,2026-09-14,Discovered by shallow crawling official website domain aikapool.com.
stratum.aikapool.com,5950,stratum+tcp,aikapool.com,UNKNOWN,UNKNOWN,Global,official,https://aikapool.com/,confirmed,active,2026-09-14,2026-09-14,Discovered by shallow crawling official website domain aikapool.com.
stratum.aikapool.com,6900,stratum+tcp,aikapool.com,UNKNOWN,UNKNOWN,Global,official,https://aikapool.com/,confirmed,active,2026-09-14,2026-09-14,Discovered by shallow crawling official website domain aikapool.com.
stratum.aikapool.com,6901,stratum+tcp,aikapool.com,UNKNOWN,UNKNOWN,Global,official,https://aikapool.com/,confirmed,active,2026-09-14,2026-09-14,Discovered by shallow crawling official website domain aikapool.com.
stratum.aikapool.com,6902,stratum+tcp,aikapool.com,UNKNOWN,UNKNOWN,Global,official,https://aikapool.com/,confirmed,active,2026-09-14,2026-09-14,Discovered by shallow crawling official website domain aikapool.com.
stratum.aikapool.com,6903,stratum+tcp,aikapool.com,UNKNOWN,UNKNOWN,Global,official,https://aikapool.com/,confirmed,active,2026-09-14,2026-09-14,Discovered by shallow crawling official website domain aikapool.com.
stratum.aikapool.com,6904,stratum+tcp,aikapool.com,UNKNOWN,UNKNOWN,Global,official,https://aikapool.com/,confirmed,active,2026-09-14,2026-09-14,Discovered by shallow crawling official website domain aikapool.com.
stratum.aikapool.com,6905,stratum+tcp,aikapool.com,UNKNOWN,UNKNOWN,Global,official,https://aikapool.com/,confirmed,active,2026-09-14,2026-09-14,Discovered by shallow crawling official website domain aikapool.com.
stratum.aikapool.com,6906,stratum+tcp,aikapool.com,UNKNOWN,UNKNOWN,Global,official,https://aikapool.com/,confirmed,active,2026-09-14,2026-09-14,Discovered by shallow crawling official website domain aikapool.com.
stratum.aikapool.com,6907,stratum+tcp,aikapool.com,UNKNOWN,UNKNOWN,Global,official,https://aikapool.com/,confirmed,active,2026-09-14,2026-09-14,Discovered by shallow crawling official website domain aikapool.com.
stratum.aikapool.com,6908,stratum+tcp,aikapool.com,UNKNOWN,UNKNOWN,Global,official,https://aikapool.com/,confirmed,active,2026-09-14,2026-09-14,Discovered by shallow crawling official website domain aikapool.com.
stratum.aikapool.com,6909,stratum+tcp,aikapool.com,UNKNOWN,UNKNOWN,Global,official,https://aikapool.com/,confirmed,active,2026-09-14,2026-09-14,Discovered by shallow crawling official website domain aikapool.com.
stratum.aikapool.com,6910,stratum+tcp,aikapool.com,UNKNOWN,UNKNOWN,Global,official,https://aikapool.com/,confirmed,active,2026-09-14,2026-09-14,Discovered by shallow crawling official website domain aikapool.com.
stratum.aikapool.com,6911,stratum+tcp,aikapool.com,UNKNOWN,UNKNOWN,Global,official,https://aikapool.com/,confirmed,active,2026-09-14,2026-09-14,Discovered by shallow crawling official website domain aikapool.com.
stratum.aikapool.com,6912,stratum+tcp,aikapool.com,UNKNOWN,UNKNOWN,Global,official,https://aikapool.com/,confirmed,active,2026-09-14,2026-09-14,Discovered by shallow crawling official website domain aikapool.com.
stratum.aikapool.com,6913,stratum+tcp,aikapool.com,UNKNOWN,UNKNOWN,Global,official,https://aikapool.com/,confirmed,active,2026-09-14,2026-09-14,Discovered by shallow crawling official website domain aikapool.com.
stratum.aikapool.com,6914,stratum+tcp,aikapool.com,UNKNOWN,UNKNOWN,Global,official,https://aikapool.com/,confirmed,active,2026-09-14,2026-09-14,Discovered by shallow crawling official website domain aikapool.com.
stratum.aikapool.com,6915,stratum+tcp,aikapool.com,UNKNOWN,UNKNOWN,Global,official,https://aikapool.com/,confirmed,active,2026-09-14,2026-09-14,Discovered by shallow crawling official website domain aikapool.com.
stratum.aikapool.com,6916,stratum+tcp,aikapool.com,UNKNOWN,UNKNOWN,Global,official,https://aikapool.com/,confirmed,active,2026-09-14,2026-09-14,Discovered by shallow crawling official website domain aikapool.com.
stratum.aikapool.com,6917,stratum+tcp,aikapool.com,UNKNOWN,UNKNOWN,Global,official,https://aikapool.com/,confirmed,active,2026-09-14,2026-09-14,Discovered by shallow crawling official website domain aikapool.com.
stratum.aikapool.com,6918,stratum+tcp,aikapool.com,UNKNOWN,UNKNOWN,Global,official,https://aikapool.com/,confirmed,active,2026-09-14,2026-09-14,Discovered by shallow crawling official website domain aikapool.com.
stratum.aikapool.com,6920,stratum+tcp,aikapool.com,UNKNOWN,UNKNOWN,Global,official,https://aikapool.com/,confirmed,active,2026-09-14,2026-09-14,Discovered by shallow crawling official website domain aikapool.com.
stratum.aikapool.com,6921,stratum+tcp,aikapool.com,UNKNOWN,UNKNOWN,Global,official,https://aikapool.com/,confirmed,active,2026-09-14,2026-09-14,Discovered by shallow crawling official website domain aikapool.com.
stratum.aikapool.com,6922,stratum+tcp,aikapool.com,UNKNOWN,UNKNOWN,Global,official,https://aikapool.com/,confirmed,active,2026-09-14,2026-09-14,Discovered by shallow crawling official website domain aikapool.com.
stratum.aikapool.com,6923,stratum+tcp,aikapool.com,UNKNOWN,UNKNOWN,Global,official,https://aikapool.com/,confirmed,active,2026-09-14,2026-09-14,Discovered by shallow crawling official website domain aikapool.com.
stratum.aikapool.com,6926,stratum+tcp,aikapool.com,UNKNOWN,UNKNOWN,Global,official,https://aikapool.com/,confirmed,active,2026-09-14,2026-09-14,Discovered by shallow crawling official website domain aikapool.com.
stratum.aikapool.com,6927,stratum+tcp,aikapool.com,UNKNOWN,UNKNOWN,Global,official,https://aikapool.com/,confirmed,active,2026-09-14,2026-09-14,Discovered by shallow crawling official website domain aikapool.com.
stratum.aikapool.com,6929,stratum+tcp,aikapool.com,UNKNOWN,UNKNOWN,Global,official,https://aikapool.com/,confirmed,active,2026-09-14,2026-09-14,Discovered by shallow crawling official website domain aikapool.com.
stratum.aikapool.com,6930,stratum+tcp,aikapool.com,UNKNOWN,UNKNOWN,Global,official,https://aikapool.com/,confirmed,active,2026-09-14,2026-09-14,Discovered by shallow crawling official website domain aikapool.com.
stratum.aikapool.com,6932,stratum+tcp,aikapool.com,UNKNOWN,UNKNOWN,Global,official,https://aikapool.com/,confirmed,active,2026-09-14,2026-09-14,Discovered by shallow crawling official website domain aikapool.com.
stratum.aikapool.com,6933,stratum+tcp,aikapool.com,UNKNOWN,UNKNOWN,Global,official,https://aikapool.com/,confirmed,active,2026-09-14,2026-09-14,Discovered by shallow crawling official website domain aikapool.com.
stratum.aikapool.com,6934,stratum+tcp,aikapool.com,UNKNOWN,UNKNOWN,Global,official,https://aikapool.com/,confirmed,active,2026-09-14,2026-09-14,Discovered by shallow crawling official website domain aikapool.com.
stratum.aikapool.com,6935,stratum+tcp,aikapool.com,UNKNOWN,UNKNOWN,Global,official,https://aikapool.com/,confirmed,active,2026-09-14,2026-09-14,Discovered by shallow crawling official website domain aikapool.com.
stratum.aikapool.com,7900,stratum+tcp,aikapool.com,UNKNOWN,UNKNOWN,Global,official,https://aikapool.com/,confirmed,active,2026-09-14,2026-09-14,Discovered by shallow crawling official website domain aikapool.com.
stratum.aikapool.com,7901,stratum+tcp,aikapool.com,UNKNOWN,UNKNOWN,Global,official,https://aikapool.com/,confirmed,active,2026-09-14,2026-09-14,Discovered by shallow crawling official website domain aikapool.com.
stratum.aikapool.com,7902,stratum+tcp,aikapool.com,UNKNOWN,UNKNOWN,Global,official,https://aikapool.com/,confirmed,active,2026-09-14,2026-09-14,Discovered by shallow crawling official website domain aikapool.com.
stratum.aikapool.com,7904,stratum+tcp,aikapool.com,UNKNOWN,UNKNOWN,Global,official,https://aikapool.com/,confirmed,active,2026-09-14,2026-09-14,Discovered by shallow crawling official website domain aikapool.com.
stratum.aikapool.com,7905,stratum+tcp,aikapool.com,UNKNOWN,UNKNOWN,Global,official,https://aikapool.com/,confirmed,active,2026-09-14,2026-09-14,Discovered by shallow crawling official website domain aikapool.com.
stratum.aikapool.com,7907,stratum+tcp,aikapool.com,UNKNOWN,UNKNOWN,Global,official,https://aikapool.com/,confirmed,active,2026-09-14,2026-09-14,Discovered by shallow crawling official website domain aikapool.com.
stratum.aikapool.com,7908,stratum+tcp,aikapool.com,UNKNOWN,UNKNOWN,Global,official,https://aikapool.com/,confirmed,active,2026-09-14,2026-09-14,Discovered by shallow crawling official website domain aikapool.com.
stratum.aikapool.com,7909,stratum+tcp,aikapool.com,UNKNOWN,UNKNOWN,Global,official,https://aikapool.com/,confirmed,active,2026-09-14,2026-09-14,Discovered by shallow crawling official website domain aikapool.com.
stratum.aikapool.com,7910,stratum+tcp,aikapool.com,UNKNOWN,UNKNOWN,Global,official,https://aikapool.com/,confirmed,active,2026-09-14,2026-09-14,Discovered by shallow crawling official website domain aikapool.com.
stratum.aikapool.com,7911,stratum+tcp,aikapool.com,UNKNOWN,UNKNOWN,Global,official,https://aikapool.com/,confirmed,active,2026-09-14,2026-09-14,Discovered by shallow crawling official website domain aikapool.com.
stratum.aikapool.com,7912,stratum+tcp,aikapool.com,UNKNOWN,UNKNOWN,Global,official,https://aikapool.com/,confirmed,active,2026-09-14,2026-09-14,Discovered by shallow crawling official website domain aikapool.com.
stratum.aikapool.com,7915,stratum+tcp,aikapool.com,UNKNOWN,UNKNOWN,Global,official,https://aikapool.com/,confirmed,active,2026-09-14,2026-09-14,Discovered by shallow crawling official website domain aikapool.com.
stratum.aikapool.com,7917,stratum+tcp,aikapool.com,UNKNOWN,UNKNOWN,Global,official,https://aikapool.com/,confirmed,active,2026-09-14,2026-09-14,Discovered by shallow crawling official website domain aikapool.com.
stratum.aikapool.com,7918,stratum+tcp,aikapool.com,UNKNOWN,UNKNOWN,Global,official,https://aikapool.com/,confirmed,active,2026-09-14,2026-09-14,Discovered by shallow crawling official website domain aikapool.com.
stratum.aikapool.com,7920,stratum+tcp,aikapool.com,UNKNOWN,UNKNOWN,Global,official,https://aikapool.com/,confirmed,active,2026-09-14,2026-09-14,Discovered by shallow crawling official website domain aikapool.com.
stratum.aikapool.com,7923,stratum+tcp,aikapool.com,UNKNOWN,UNKNOWN,Global,official,https://aikapool.com/,confirmed,active,2026-09-14,2026-09-14,Discovered by shallow crawling official website domain aikapool.com.
stratum.aikapool.com,7924,stratum+tcp,aikapool.com,UNKNOWN,UNKNOWN,Global,official,https://aikapool.com/,confirmed,active,2026-09-14,2026-09-14,Discovered by shallow crawling official website domain aikapool.com.
stratum.aikapool.com,7925,stratum+tcp,aikapool.com,UNKNOWN,UNKNOWN,Global,official,https://aikapool.com/,confirmed,active,2026-09-14,2026-09-14,Discovered by shallow crawling official website domain aikapool.com.
stratum.aikapool.com,7926,stratum+tcp,aikapool.com,UNKNOWN,UNKNOWN,Global,official,https://aikapool.com/,confirmed,active,2026-09-14,2026-09-14,Discovered by shallow crawling official website domain aikapool.com.
stratum.aikapool.com,7927,stratum+tcp,aikapool.com,UNKNOWN,UNKNOWN,Global,official,https://aikapool.com/,confirmed,active,2026-09-14,2026-09-14,Discovered by shallow crawling official website domain aikapool.com.
stratum.aikapool.com,7928,stratum+tcp,aikapool.com,UNKNOWN,UNKNOWN,Global,official,https://aikapool.com/,confirmed,active,2026-09-14,2026-09-14,Discovered by shallow crawling official website domain aikapool.com.
stratum.aikapool.com,7929,stratum+tcp,aikapool.com,UNKNOWN,UNKNOWN,Global,official,https://aikapool.com/,confirmed,active,2026-09-14,2026-09-14,Discovered by shallow crawling official website domain aikapool.com.
stratum.aikapool.com,7935,stratum+tcp,aikapool.com,UNKNOWN,UNKNOWN,Global,official,https://aikapool.com/,confirmed,active,2026-09-14,2026-09-14,Discovered by shallow crawling official website domain aikapool.com.
stratum.aikapool.com,7941,stratum+tcp,aikapool.com,UNKNOWN,UNKNOWN,Global,official,https://aikapool.com/,confirmed,active,2026-09-14,2026-09-14,Discovered by shallow crawling official website domain aikapool.com.
stratum.aikapool.com,7943,stratum+tcp,aikapool.com,UNKNOWN,UNKNOWN,Global,official,https://aikapool.com/,confirmed,active,2026-09-14,2026-09-14,Discovered by shallow crawling official website domain aikapool.com.
stratum.aikapool.com,7944,stratum+tcp,aikapool.com,UNKNOWN,UNKNOWN,Global,official,https://aikapool.com/,confirmed,active,2026-09-14,2026-09-14,Discovered by shallow crawling official website domain aikapool.com.
stratum.aikapool.com,7945,stratum+tcp,aikapool.com,UNKNOWN,UNKNOWN,Global,official,https://aikapool.com/,confirmed,active,2026-09-14,2026-09-14,Discovered by shallow crawling official website domain aikapool.com.
stratum.aikapool.com,7947,stratum+tcp,aikapool.com,UNKNOWN,UNKNOWN,Global,official,https://aikapool.com/,confirmed,active,2026-09-14,2026-09-14,Discovered by shallow crawling official website domain aikapool.com.
stratum.aikapool.com,7948,stratum+tcp,aikapool.com,UNKNOWN,UNKNOWN,Global,official,https://aikapool.com/,confirmed,active,2026-09-14,2026-09-14,Discovered by shallow crawling official website domain aikapool.com.
stratum.aikapool.com,7949,stratum+tcp,aikapool.com,UNKNOWN,UNKNOWN,Global,official,https://aikapool.com/,confirmed,active,2026-09-14,2026-09-14,Discovered by shallow crawling official website domain aikapool.com.
stratum.aikapool.com,7950,stratum+tcp,aikapool.com,UNKNOWN,UNKNOWN,Global,official,https://aikapool.com/,confirmed,active,2026-09-14,2026-09-14,Discovered by shallow crawling official website domain aikapool.com.
stratum.aikapool.com,7951,stratum+tcp,aikapool.com,UNKNOWN,UNKNOWN,Global,official,https://aikapool.com/,confirmed,active,2026-09-14,2026-09-14,Discovered by shallow crawling official website domain aikapool.com.
stratum.aikapool.com,7952,stratum+tcp,aikapool.com,UNKNOWN,UNKNOWN,Global,official,https://aikapool.com/,confirmed,active,2026-09-14,2026-09-14,Discovered by shallow crawling official website domain aikapool.com.
stratum.aikapool.com,7954,stratum+tcp,aikapool.com,UNKNOWN,UNKNOWN,Global,official,https://aikapool.com/,confirmed,active,2026-09-14,2026-09-14,Discovered by shallow crawling official website domain aikapool.com.
stratum.aikapool.com,7957,stratum+tcp,aikapool.com,UNKNOWN,UNKNOWN,Global,official,https://aikapool.com/,confirmed,active,2026-09-14,2026-09-14,Discovered by shallow crawling official website domain aikapool.com.
stratum.aikapool.com,7959,stratum+tcp,aikapool.com,UNKNOWN,UNKNOWN,Global,official,https://aikapool.com/,confirmed,active,2026-09-14,2026-09-14,Discovered by shallow crawling official website domain aikapool.com.
stratum.aikapool.com,7960,stratum+tcp,aikapool.com,UNKNOWN,UNKNOWN,Global,official,https://aikapool.com/,confirmed,active,2026-09-14,2026-09-14,Discovered by shallow crawling official website domain aikapool.com.
stratum.aikapool.com,7961,stratum+tcp,aikapool.com,UNKNOWN,UNKNOWN,Global,official,https://aikapool.com/,confirmed,active,2026-09-14,2026-09-14,Discovered by shallow crawling official website domain aikapool.com.
stratum.aikapool.com,7962,stratum+tcp,aikapool.com,UNKNOWN,UNKNOWN,Global,official,https://aikapool.com/,confirmed,active,2026-09-14,2026-09-14,Discovered by shallow crawling official website domain aikapool.com.
stratum.aikapool.com,7974,stratum+tcp,aikapool.com,UNKNOWN,UNKNOWN,Global,official,https://aikapool.com/,confirmed,active,2026-09-14,2026-09-14,Discovered by shallow crawling official website domain aikapool.com.
stratum.aikapool.com,7975,stratum+tcp,aikapool.com,UNKNOWN,UNKNOWN,Global,official,https://aikapool.com/,confirmed,active,2026-09-14,2026-09-14,Discovered by shallow crawling official website domain aikapool.com.
stratum.aikapool.com,7980,stratum+tcp,aikapool.com,UNKNOWN,UNKNOWN,Global,official,https://aikapool.com/,confirmed,active,2026-09-14,2026-09-14,Discovered by shallow crawling official website domain aikapool.com.
stratum.aikapool.com,7981,stratum+tcp,aikapool.com,UNKNOWN,UNKNOWN,Global,official,https://aikapool.com/,confirmed,active,2026-09-14,2026-09-14,Discovered by shallow crawling official website domain aikapool.com.
stratum.aikapool.com,7982,stratum+tcp,aikapool.com,UNKNOWN,UNKNOWN,Global,official,https://aikapool.com/,confirmed,active,2026-09-14,2026-09-14,Discovered by shallow crawling official website domain aikapool.com.
stratum.aikapool.com,7985,stratum+tcp,aikapool.com,UNKNOWN,UNKNOWN,Global,official,https://aikapool.com/,confirmed,active,2026-09-14,2026-09-14,Discovered by shallow crawling official website domain aikapool.com.
stratum.aikapool.com,7989,stratum+tcp,aikapool.com,UNKNOWN,UNKNOWN,Global,official,https://aikapool.com/,confirmed,active,2026-09-14,2026-09-14,Discovered by shallow crawling official website domain aikapool.com.
stratum.aikapool.com,7990,stratum+tcp,aikapool.com,UNKNOWN,UNKNOWN,Global,official,https://aikapool.com/,confirmed,active,2026-09-14,2026-09-14,Discovered by shallow crawling official website domain aikapool.com.
stratum.aikapool.com,7994,stratum+tcp,aikapool.com,UNKNOWN,UNKNOWN,Global,official,https://aikapool.com/,confirmed,active,2026-09-14,2026-09-14,Discovered by shallow crawling official website domain aikapool.com.
stratum.aikapool.com,9923,stratum+tcp,aikapool.com,UNKNOWN,UNKNOWN,Global,official,https://aikapool.com/,confirmed,active,2026-09-14,2026-09-14,Discovered by shallow crawling official website domain aikapool.com.
stratum.aikapool.com,9925,stratum+tcp,aikapool.com,UNKNOWN,UNKNOWN,Global,official,https://aikapool.com/,confirmed,active,2026-09-14,2026-09-14,Discovered by shallow crawling official website domain aikapool.com.
stratum.aikapool.com,9928,stratum+tcp,aikapool.com,UNKNOWN,UNKNOWN,Global,official,https://aikapool.com/,confirmed,active,2026-09-14,2026-09-14,Discovered by shallow crawling official website domain aikapool.com.
stratum.aikapool.com,9930,stratum+tcp,aikapool.com,UNKNOWN,UNKNOWN,Global,official,https://aikapool.com/,confirmed,active,2026-09-14,2026-09-14,Discovered by shallow crawling official website domain aikapool.com.
us2.alphapool.tech,5566,stratum+tcp,alphapool.tech,UNKNOWN,UNKNOWN,Global,official,https://pearl.alphapool.tech/; https://pearl.alphapool.tech/#dashboard; https://pearl.alphapool.tech/#miners; https://pearl.alphapool.tech/#merge-mining,confirmed,active,2026-09-14,2026-09-14,Discovered by shallow crawling official website domain pearl.alphapool.tech.
mining-eu.angelminers.org,3333,stratum+tcp,angelminers.org,UNKNOWN,UNKNOWN,Europe,official,https://pool.angelminers.org/,confirmed,active,2026-09-14,2026-09-14,Discovered by shallow crawling official website domain pool.angelminers.org.
mining-us.angelminers.org,3333,stratum+tcp,angelminers.org,UNKNOWN,UNKNOWN,USA,official,https://pool.angelminers.org/,confirmed,active,2026-09-14,2026-09-14,Discovered by shallow crawling official website domain pool.angelminers.org.
pool9.aquachain.xyz,8888,stratum+tcp,aquachain.xyz,UNKNOWN,UNKNOWN,Global,official,https://pool9.aquachain.xyz/,confirmed,active,2026-09-14,2026-09-14,Discovered by shallow crawling official website domain pool9.aquachain.xyz.
stratum-eu.argfamining.com,24052,stratum+tcp,argfamining.com,UNKNOWN,UNKNOWN,Europe,official,https://argfamining.com/bc3_how_to_mine.html,confirmed,active,2026-09-14,2026-09-14,Discovered by shallow crawling official website domain argfamining.com.
stratum-eu.argfamining.com,24053,stratum+tcp,argfamining.com,UNKNOWN,UNKNOWN,Europe,official,https://argfamining.com/bc3_how_to_mine.html,confirmed,active,2026-09-14,2026-09-14,Discovered by shallow crawling official website domain argfamining.com.
stratum-eu.argfamining.com,24054,stratum+tcp,argfamining.com,UNKNOWN,UNKNOWN,Europe,official,https://argfamining.com/pearl_how_to_mine.html,confirmed,active,2026-09-14,2026-09-14,Discovered by shallow crawling official website domain argfamining.com.
stratum-eu.argfamining.com,24055,stratum+tcp,argfamining.com,UNKNOWN,UNKNOWN,Europe,official,https://argfamining.com/pearl_how_to_mine.html,confirmed,active,2026-09-14,2026-09-14,Discovered by shallow crawling official website domain argfamining.com.
stratum-eu.argfamining.com,24153,stratum+tcp,argfamining.com,UNKNOWN,UNKNOWN,Europe,official,https://argfamining.com/bc3_how_to_mine.html,confirmed,active,2026-09-14,2026-09-14,Discovered by shallow crawling official website domain argfamining.com.
stratum-in.argfamining.com,24052,stratum+tcp,argfamining.com,UNKNOWN,UNKNOWN,Global,official,https://argfamining.com/bc3_how_to_mine.html,confirmed,active,2026-09-14,2026-09-14,Discovered by shallow crawling official website domain argfamining.com.
stratum-in.argfamining.com,24053,stratum+tcp,argfamining.com,UNKNOWN,UNKNOWN,Global,official,https://argfamining.com/bc3_how_to_mine.html,confirmed,active,2026-09-14,2026-09-14,Discovered by shallow crawling official website domain argfamining.com.
stratum-in.argfamining.com,24054,stratum+tcp,argfamining.com,UNKNOWN,UNKNOWN,Global,official,https://argfamining.com/pearl_how_to_mine.html,confirmed,active,2026-09-14,2026-09-14,Discovered by shallow crawling official website domain argfamining.com.
stratum-in.argfamining.com,24055,stratum+tcp,argfamining.com,UNKNOWN,UNKNOWN,Global,official,https://argfamining.com/pearl_how_to_mine.html,confirmed,active,2026-09-14,2026-09-14,Discovered by shallow crawling official website domain argfamining.com.
stratum-us.argfamining.com,24052,stratum+tcp,argfamining.com,UNKNOWN,UNKNOWN,USA,official,https://argfamining.com/bc3_how_to_mine.html,confirmed,active,2026-09-14,2026-09-14,Discovered by shallow crawling official website domain argfamining.com.
stratum-us.argfamining.com,24053,stratum+tcp,argfamining.com,UNKNOWN,UNKNOWN,USA,official,https://argfamining.com/bc3_how_to_mine.html,confirmed,active,2026-09-14,2026-09-14,Discovered by shallow crawling official website domain argfamining.com.
stratum-us.argfamining.com,24054,stratum+tcp,argfamining.com,UNKNOWN,UNKNOWN,USA,official,https://argfamining.com/pearl_how_to_mine.html,confirmed,active,2026-09-14,2026-09-14,Discovered by shallow crawling official website domain argfamining.com.
stratum-us.argfamining.com,24055,stratum+tcp,argfamining.com,UNKNOWN,UNKNOWN,USA,official,https://argfamining.com/pearl_how_to_mine.html,confirmed,active,2026-09-14,2026-09-14,Discovered by shallow crawling official website domain argfamining.com.
stratum.argfamining.com,24052,stratum+tcp,argfamining.com,UNKNOWN,UNKNOWN,Global,official,https://argfamining.com/bc3_how_to_mine.html,confirmed,active,2026-09-14,2026-09-14,Discovered by shallow crawling official website domain argfamining.com.
stratum.argfamining.com,24053,stratum+tcp,argfamining.com,UNKNOWN,UNKNOWN,Global,official,https://argfamining.com/bc3_how_to_mine.html,confirmed,active,2026-09-14,2026-09-14,Discovered by shallow crawling official website domain argfamining.com.
stratum.argfamining.com,24054,stratum+tcp,argfamining.com,UNKNOWN,UNKNOWN,Global,official,https://argfamining.com/pearl_how_to_mine.html,confirmed,active,2026-09-14,2026-09-14,Discovered by shallow crawling official website domain argfamining.com.
stratum.argfamining.com,24055,stratum+tcp,argfamining.com,UNKNOWN,UNKNOWN,Global,official,https://argfamining.com/pearl_how_to_mine.html,confirmed,active,2026-09-14,2026-09-14,Discovered by shallow crawling official website domain argfamining.com.
bchblockhunter.com,3333,stratum+tcp,bchblockhunter.com,UNKNOWN,UNKNOWN,Global,official,https://bchblockhunter.com/,confirmed,active,2026-09-14,2026-09-14,Discovered by shallow crawling official website domain bchblockhunter.com.
bchblockhunter.com,3336,stratum+tcp,bchblockhunter.com,UNKNOWN,UNKNOWN,Global,official,https://bchblockhunter.com/,confirmed,active,2026-09-14,2026-09-14,Discovered by shallow crawling official website domain bchblockhunter.com.
bcmonster.com,3333,stratum+tcp,bcmonster.com,UNKNOWN,UNKNOWN,Global,official,https://bcmonster.com/faq.html,confirmed,active,2026-09-14,2026-09-14,Discovered by shallow crawling official website domain bcmonster.com.
bcmonster.com,3334,stratum+tcp,bcmonster.com,UNKNOWN,UNKNOWN,Global,official,https://bcmonster.com/faq.html,confirmed,active,2026-09-14,2026-09-14,Discovered by shallow crawling official website domain bcmonster.com.
bcmonster.com,9999,stratum+tcp,bcmonster.com,UNKNOWN,UNKNOWN,Global,official,https://bcmonster.com/faq.html,confirmed,active,2026-09-14,2026-09-14,Discovered by shallow crawling official website domain bcmonster.com.
bch.bitmernsolo.com,13103,stratum+tcp,bitmernsolo.com,BCH,SHA-256,Global,official,https://www.bitmernsolo.com/docs,confirmed,active,2026-09-14,2026-09-14,Discovered by shallow crawling official website domain bitmernsolo.com.
bch.bitmernsolo.com,13113,stratum+tcp,bitmernsolo.com,BCH,SHA-256,Global,official,https://www.bitmernsolo.com/docs,confirmed,active,2026-09-14,2026-09-14,Discovered by shallow crawling official website domain bitmernsolo.com.
bch.bitmernsolo.com,13123,stratum+tcp,bitmernsolo.com,BCH,SHA-256,Global,official,https://www.bitmernsolo.com/docs,confirmed,active,2026-09-14,2026-09-14,Discovered by shallow crawling official website domain bitmernsolo.com.
btc.bitmernsolo.com,3102,stratum+tcp,bitmernsolo.com,BTC,SHA-256,Global,official,https://www.bitmernsolo.com/; https://www.bitmernsolo.com/docs,confirmed,active,2026-09-14,2026-09-14,Discovered by shallow crawling official website domain bitmernsolo.com.
btc.bitmernsolo.com,3112,stratum+tcp,bitmernsolo.com,BTC,SHA-256,Global,official,https://www.bitmernsolo.com/docs,confirmed,active,2026-09-14,2026-09-14,Discovered by shallow crawling official website domain bitmernsolo.com.
btc.bitmernsolo.com,3122,stratum+tcp,bitmernsolo.com,BTC,SHA-256,Global,official,https://www.bitmernsolo.com/docs,confirmed,active,2026-09-14,2026-09-14,Discovered by shallow crawling official website domain bitmernsolo.com.
btc.bitmernsolo.com,3132,stratum+tcp,bitmernsolo.com,BTC,SHA-256,Global,official,https://www.bitmernsolo.com/; https://www.bitmernsolo.com/docs; https://www.bitmernsolo.com/getting-started,confirmed,active,2026-09-14,2026-09-14,Discovered by shallow crawling official website domain bitmernsolo.com.
doge.bitmernsolo.com,13033,stratum+tcp,bitmernsolo.com,DOGE,Scrypt,Global,official,https://www.bitmernsolo.com/docs,confirmed,active,2026-09-14,2026-09-14,Discovered by shallow crawling official website domain bitmernsolo.com.
doge.bitmernsolo.com,13043,stratum+tcp,bitmernsolo.com,DOGE,Scrypt,Global,official,https://www.bitmernsolo.com/docs,confirmed,active,2026-09-14,2026-09-14,Discovered by shallow crawling official website domain bitmernsolo.com.
doge.bitmernsolo.com,13053,stratum+tcp,bitmernsolo.com,DOGE,Scrypt,Global,official,https://www.bitmernsolo.com/docs,confirmed,active,2026-09-14,2026-09-14,Discovered by shallow crawling official website domain bitmernsolo.com.
etc.bitmernsolo.com,13402,stratum+tcp,bitmernsolo.com,ETC,Etchash,Global,official,https://www.bitmernsolo.com/docs,confirmed,active,2026-09-14,2026-09-14,Discovered by shallow crawling official website domain bitmernsolo.com.
etc.bitmernsolo.com,13412,stratum+tcp,bitmernsolo.com,ETC,Etchash,Global,official,https://www.bitmernsolo.com/docs,confirmed,active,2026-09-14,2026-09-14,Discovered by shallow crawling official website domain bitmernsolo.com.
etc.bitmernsolo.com,13422,stratum+tcp,bitmernsolo.com,ETC,Etchash,Global,official,https://www.bitmernsolo.com/docs,confirmed,active,2026-09-14,2026-09-14,Discovered by shallow crawling official website domain bitmernsolo.com.
ltc.bitmernsolo.com,13032,stratum+tcp,bitmernsolo.com,LTC,Scrypt,Global,official,https://www.bitmernsolo.com/docs,confirmed,active,2026-09-14,2026-09-14,Discovered by shallow crawling official website domain bitmernsolo.com.
ltc.bitmernsolo.com,13042,stratum+tcp,bitmernsolo.com,LTC,Scrypt,Global,official,https://www.bitmernsolo.com/docs,confirmed,active,2026-09-14,2026-09-14,Discovered by shallow crawling official website domain bitmernsolo.com.
ltc.bitmernsolo.com,13052,stratum+tcp,bitmernsolo.com,LTC,Scrypt,Global,official,https://www.bitmernsolo.com/docs,confirmed,active,2026-09-14,2026-09-14,Discovered by shallow crawling official website domain bitmernsolo.com.
rvn.bitmernsolo.com,13702,stratum+tcp,bitmernsolo.com,RVN,KawPoW,Global,official,https://www.bitmernsolo.com/docs,confirmed,active,2026-09-14,2026-09-14,Discovered by shallow crawling official website domain bitmernsolo.com.
rvn.bitmernsolo.com,13712,stratum+tcp,bitmernsolo.com,RVN,KawPoW,Global,official,https://www.bitmernsolo.com/docs,confirmed,active,2026-09-14,2026-09-14,Discovered by shallow crawling official website domain bitmernsolo.com.
rvn.bitmernsolo.com,13722,stratum+tcp,bitmernsolo.com,RVN,KawPoW,Global,official,https://www.bitmernsolo.com/docs,confirmed,active,2026-09-14,2026-09-14,Discovered by shallow crawling official website domain bitmernsolo.com.
dgb.bitmernsolo.com,4032,stratum+tcp,bitmernsolo.com,UNKNOWN,UNKNOWN,Global,official,https://www.bitmernsolo.com/docs,confirmed,active,2026-09-14,2026-09-14,Discovered by shallow crawling official website domain bitmernsolo.com.
dgb.bitmernsolo.com,4042,stratum+tcp,bitmernsolo.com,UNKNOWN,UNKNOWN,Global,official,https://www.bitmernsolo.com/docs,confirmed,active,2026-09-14,2026-09-14,Discovered by shallow crawling official website domain bitmernsolo.com.
dgb.bitmernsolo.com,4052,stratum+tcp,bitmernsolo.com,UNKNOWN,UNKNOWN,Global,official,https://www.bitmernsolo.com/docs,confirmed,active,2026-09-14,2026-09-14,Discovered by shallow crawling official website domain bitmernsolo.com.
xmr.bitmernsolo.com,13602,stratum+tcp,bitmernsolo.com,UNKNOWN,UNKNOWN,Global,official,https://www.bitmernsolo.com/docs,confirmed,active,2026-09-14,2026-09-14,Discovered by shallow crawling official website domain bitmernsolo.com.
xmr.bitmernsolo.com,13612,stratum+tcp,bitmernsolo.com,UNKNOWN,UNKNOWN,Global,official,https://www.bitmernsolo.com/docs,confirmed,active,2026-09-14,2026-09-14,Discovered by shallow crawling official website domain bitmernsolo.com.
xmr.bitmernsolo.com,13622,stratum+tcp,bitmernsolo.com,UNKNOWN,UNKNOWN,Global,official,https://www.bitmernsolo.com/docs,confirmed,active,2026-09-14,2026-09-14,Discovered by shallow crawling official website domain bitmernsolo.com.
xec.bitmernsolo.com,13302,stratum+tcp,bitmernsolo.com,XEC,SHA-256,Global,official,https://www.bitmernsolo.com/docs,confirmed,active,2026-09-14,2026-09-14,Discovered by shallow crawling official website domain bitmernsolo.com.
xec.bitmernsolo.com,13312,stratum+tcp,bitmernsolo.com,XEC,SHA-256,Global,official,https://www.bitmernsolo.com/docs,confirmed,active,2026-09-14,2026-09-14,Discovered by shallow crawling official website domain bitmernsolo.com.
xec.bitmernsolo.com,13322,stratum+tcp,bitmernsolo.com,XEC,SHA-256,Global,official,https://www.bitmernsolo.com/docs,confirmed,active,2026-09-14,2026-09-14,Discovered by shallow crawling official website domain bitmernsolo.com.
zec.bitmernsolo.com,13502,stratum+tcp,bitmernsolo.com,ZEC,Equihash,Global,official,https://www.bitmernsolo.com/docs,confirmed,active,2026-09-14,2026-09-14,Discovered by shallow crawling official website domain bitmernsolo.com.
zec.bitmernsolo.com,13512,stratum+tcp,bitmernsolo.com,ZEC,Equihash,Global,official,https://www.bitmernsolo.com/docs,confirmed,active,2026-09-14,2026-09-14,Discovered by shallow crawling official website domain bitmernsolo.com.
zec.bitmernsolo.com,13522,stratum+tcp,bitmernsolo.com,ZEC,Equihash,Global,official,https://www.bitmernsolo.com/docs,confirmed,active,2026-09-14,2026-09-14,Discovered by shallow crawling official website domain bitmernsolo.com.
blockforgepool.com,3341,stratum+tcp,blockforgepool.com,UNKNOWN,UNKNOWN,Global,official,https://blockforgepool.com/bch.html?coin=BCH,confirmed,active,2026-09-14,2026-09-14,Discovered by shallow crawling official website domain blockforgepool.com.
blockforgepool.com,3342,stratum+tcp,blockforgepool.com,UNKNOWN,UNKNOWN,Global,official,https://blockforgepool.com/bch.html?coin=BCH,confirmed,active,2026-09-14,2026-09-14,Discovered by shallow crawling official website domain blockforgepool.com.
blockforgepool.com,3343,stratum+tcp,blockforgepool.com,UNKNOWN,UNKNOWN,Global,official,https://blockforgepool.com/bch.html?coin=BCH,confirmed,active,2026-09-14,2026-09-14,Discovered by shallow crawling official website domain blockforgepool.com.
blockforgepool.com,3344,stratum+tcp,blockforgepool.com,UNKNOWN,UNKNOWN,Global,official,https://blockforgepool.com/bch.html?coin=BCH,confirmed,active,2026-09-14,2026-09-14,Discovered by shallow crawling official website domain blockforgepool.com.
blockforgepool.com,3345,stratum+tcp,blockforgepool.com,UNKNOWN,UNKNOWN,Global,official,https://blockforgepool.com/bch.html?coin=BCH,confirmed,active,2026-09-14,2026-09-14,Discovered by shallow crawling official website domain blockforgepool.com.
blockforgepool.com,3346,stratum+tcp,blockforgepool.com,UNKNOWN,UNKNOWN,Global,official,https://blockforgepool.com/bch.html?coin=BCH,confirmed,active,2026-09-14,2026-09-14,Discovered by shallow crawling official website domain blockforgepool.com.
blockforgepool.com,3347,stratum+tcp,blockforgepool.com,UNKNOWN,UNKNOWN,Global,official,https://blockforgepool.com/bch.html?coin=BCH,confirmed,active,2026-09-14,2026-09-14,Discovered by shallow crawling official website domain blockforgepool.com.
bowserlab.ddns.net,3333,stratum+tcp,bowserlab.ddns.net,UNKNOWN,UNKNOWN,Global,official,https://bowserlab.ddns.net/,confirmed,active,2026-09-14,2026-09-14,Discovered by shallow crawling official website domain bowserlab.ddns.net.
btc3forge.com,3337,stratum+tcp,btc3forge.com,UNKNOWN,UNKNOWN,Global,official,https://btc3forge.com/; https://btc3forge.com/#miners; https://btc3forge.com/#connect,confirmed,active,2026-09-14,2026-09-14,Discovered by shallow crawling official website domain btc3forge.com.
bch.capspool.io,4444,stratum+tcp,capspool.io,BCH,SHA-256,Global,official,https://capspool.io/,confirmed,active,2026-09-14,2026-09-14,Discovered by shallow crawling official website domain capspool.io.
caps.capspool.io,7333,stratum+tcp,capspool.io,UNKNOWN,UNKNOWN,Global,official,https://capspool.io/; https://capspool.io/faq/,confirmed,active,2026-09-14,2026-09-14,Discovered by shallow crawling official website domain capspool.io.
caps.capspool.io,8333,stratum+tcp,capspool.io,UNKNOWN,UNKNOWN,Global,official,https://capspool.io/faq/,confirmed,active,2026-09-14,2026-09-14,Discovered by shallow crawling official website domain capspool.io.
eu.capspool.io,3333,stratum+tcp,capspool.io,UNKNOWN,UNKNOWN,Europe,official,https://capspool.io/; https://capspool.io/guides/how-to-mine-bc2/,confirmed,active,2026-09-14,2026-09-14,Discovered by shallow crawling official website domain capspool.io.
eu.capspool.io,3335,stratum+tcp,capspool.io,UNKNOWN,UNKNOWN,Europe,official,https://capspool.io/; https://capspool.io/guides/how-to-mine-bc2/,confirmed,active,2026-09-14,2026-09-14,Discovered by shallow crawling official website domain capspool.io.
eu.capspool.io,3337,stratum+tcp,capspool.io,UNKNOWN,UNKNOWN,Europe,official,https://capspool.io/; https://capspool.io/guides/how-to-mine-bc2/,confirmed,active,2026-09-14,2026-09-14,Discovered by shallow crawling official website domain capspool.io.
eu.capspool.io,3338,stratum+tcp,capspool.io,UNKNOWN,UNKNOWN,Europe,official,https://capspool.io/; https://capspool.io/guides/how-to-mine-bc2/,confirmed,active,2026-09-14,2026-09-14,Discovered by shallow crawling official website domain capspool.io.
eu.capspool.io,4334,stratum+tcp,capspool.io,UNKNOWN,UNKNOWN,Europe,official,https://capspool.io/,confirmed,active,2026-09-14,2026-09-14,Discovered by shallow crawling official website domain capspool.io.
eu.capspool.io,4336,stratum+tcp,capspool.io,UNKNOWN,UNKNOWN,Europe,official,https://capspool.io/,confirmed,active,2026-09-14,2026-09-14,Discovered by shallow crawling official website domain capspool.io.
eu.capspool.io,4444,stratum+tcp,capspool.io,UNKNOWN,UNKNOWN,Europe,official,https://capspool.io/,confirmed,active,2026-09-14,2026-09-14,Discovered by shallow crawling official website domain capspool.io.
eu.capspool.io,7333,stratum+tcp,capspool.io,UNKNOWN,UNKNOWN,Europe,official,https://capspool.io/,confirmed,active,2026-09-14,2026-09-14,Discovered by shallow crawling official website domain capspool.io.
eu.capspool.io,8333,stratum+tcp,capspool.io,UNKNOWN,UNKNOWN,Europe,official,https://capspool.io/,confirmed,active,2026-09-14,2026-09-14,Discovered by shallow crawling official website domain capspool.io.
pplns.capspool.io,8333,stratum+tcp,capspool.io,UNKNOWN,UNKNOWN,Global,official,https://capspool.io/,confirmed,active,2026-09-14,2026-09-14,Discovered by shallow crawling official website domain capspool.io.
stratum.capspool.io,3333,stratum+tcp,capspool.io,UNKNOWN,UNKNOWN,Global,official,https://capspool.io/; https://capspool.io/faq/; https://capspool.io/guides/how-to-mine-bc2/,confirmed,active,2026-09-14,2026-09-14,Discovered by shallow crawling official website domain capspool.io.
stratum.capspool.io,3335,stratum+tcp,capspool.io,UNKNOWN,UNKNOWN,Global,official,https://capspool.io/; https://capspool.io/guides/how-to-mine-bc2/,confirmed,active,2026-09-14,2026-09-14,Discovered by shallow crawling official website domain capspool.io.
stratum.capspool.io,3337,stratum+tcp,capspool.io,UNKNOWN,UNKNOWN,Global,official,https://capspool.io/; https://capspool.io/guides/how-to-mine-bc2/,confirmed,active,2026-09-14,2026-09-14,Discovered by shallow crawling official website domain capspool.io.
stratum.capspool.io,3338,stratum+tcp,capspool.io,UNKNOWN,UNKNOWN,Global,official,https://capspool.io/; https://capspool.io/guides/how-to-mine-bc2/,confirmed,active,2026-09-14,2026-09-14,Discovered by shallow crawling official website domain capspool.io.
stratum.capspool.io,4334,stratum+tcp,capspool.io,UNKNOWN,UNKNOWN,Global,official,https://capspool.io/; https://capspool.io/guides/how-to-mine-bc2/,confirmed,active,2026-09-14,2026-09-14,Discovered by shallow crawling official website domain capspool.io.
stratum.capspool.io,4336,stratum+tcp,capspool.io,UNKNOWN,UNKNOWN,Global,official,https://capspool.io/,confirmed,active,2026-09-14,2026-09-14,Discovered by shallow crawling official website domain capspool.io.
cashminer.top,3032,stratum+tcp,cashminer.top,UNKNOWN,UNKNOWN,Global,official,https://cashminer.top/,confirmed,active,2026-09-14,2026-09-14,Discovered by shallow crawling official website domain cashminer.top.
bitcoin.cedric-crispin.com,4544,stratum+tcp,cedric-crispin.com,BTC,SHA-256,Global,official,https://bitcoin.cedric-crispin.com/start-mining/,confirmed,active,2026-09-14,2026-09-14,Discovered by shallow crawling official website domain bitcoin.cedric-crispin.com.
bitcoin.cedric-crispin.com,4545,stratum+tcp,cedric-crispin.com,BTC,SHA-256,Global,official,https://bitcoin.cedric-crispin.com/start-mining/,confirmed,active,2026-09-14,2026-09-14,Discovered by shallow crawling official website domain bitcoin.cedric-crispin.com.
alephium.cedric-crispin.com,4084,stratum+tcp,cedric-crispin.com,UNKNOWN,UNKNOWN,Global,official,https://alephium.cedric-crispin.com/start-mining/,confirmed,active,2026-09-14,2026-09-14,Discovered by shallow crawling official website domain alephium.cedric-crispin.com.
alephium.cedric-crispin.com,4085,stratum+ssl,cedric-crispin.com,UNKNOWN,UNKNOWN,Global,official,https://alephium.cedric-crispin.com/start-mining/,confirmed,active,2026-09-14,2026-09-14,Discovered by shallow crawling official website domain alephium.cedric-crispin.com.
alephium.cedric-crispin.com,4085,stratum+tcp,cedric-crispin.com,UNKNOWN,UNKNOWN,Global,official,https://alephium.cedric-crispin.com/start-mining/,confirmed,active,2026-09-14,2026-09-14,Discovered by shallow crawling official website domain alephium.cedric-crispin.com.
beam.cedric-crispin.com,4014,stratum+tcp,cedric-crispin.com,UNKNOWN,UNKNOWN,Global,official,https://beam.cedric-crispin.com/start-mining/,confirmed,active,2026-09-14,2026-09-14,Discovered by shallow crawling official website domain beam.cedric-crispin.com.
beam.cedric-crispin.com,4015,stratum+tcp,cedric-crispin.com,UNKNOWN,UNKNOWN,Global,official,https://beam.cedric-crispin.com/start-mining/,confirmed,active,2026-09-14,2026-09-14,Discovered by shallow crawling official website domain beam.cedric-crispin.com.
conceal.cedric-crispin.com,3364,stratum+tcp,cedric-crispin.com,UNKNOWN,UNKNOWN,Global,official,https://conceal.cedric-crispin.com/start-mining/,confirmed,active,2026-09-14,2026-09-14,Discovered by shallow crawling official website domain conceal.cedric-crispin.com.
conceal.cedric-crispin.com,3365,stratum+ssl,cedric-crispin.com,UNKNOWN,UNKNOWN,Global,official,https://conceal.cedric-crispin.com/start-mining/,confirmed,active,2026-09-14,2026-09-14,Discovered by shallow crawling official website domain conceal.cedric-crispin.com.
conceal.cedric-crispin.com,3365,stratum+tcp,cedric-crispin.com,UNKNOWN,UNKNOWN,Global,official,https://conceal.cedric-crispin.com/start-mining/,confirmed,active,2026-09-14,2026-09-14,Discovered by shallow crawling official website domain conceal.cedric-crispin.com.
decred.cedric-crispin.com,4494,stratum+tcp,cedric-crispin.com,UNKNOWN,UNKNOWN,Global,official,https://decred.cedric-crispin.com/start-mining/,confirmed,active,2026-09-14,2026-09-14,Discovered by shallow crawling official website domain decred.cedric-crispin.com.
decred.cedric-crispin.com,4495,stratum+ssl,cedric-crispin.com,UNKNOWN,UNKNOWN,Global,official,https://decred.cedric-crispin.com/start-mining/,confirmed,active,2026-09-14,2026-09-14,Discovered by shallow crawling official website domain decred.cedric-crispin.com.
decred.cedric-crispin.com,4495,stratum+tcp,cedric-crispin.com,UNKNOWN,UNKNOWN,Global,official,https://decred.cedric-crispin.com/start-mining/,confirmed,active,2026-09-14,2026-09-14,Discovered by shallow crawling official website domain decred.cedric-crispin.com.
firo.cedric-crispin.com,4064,stratum+tcp,cedric-crispin.com,UNKNOWN,UNKNOWN,Global,official,https://firo.cedric-crispin.com/start-mining/,confirmed,active,2026-09-14,2026-09-14,Discovered by shallow crawling official website domain firo.cedric-crispin.com.
firo.cedric-crispin.com,4065,stratum+ssl,cedric-crispin.com,UNKNOWN,UNKNOWN,Global,official,https://firo.cedric-crispin.com/start-mining/,confirmed,active,2026-09-14,2026-09-14,Discovered by shallow crawling official website domain firo.cedric-crispin.com.
firo.cedric-crispin.com,4065,stratum+tcp,cedric-crispin.com,UNKNOWN,UNKNOWN,Global,official,https://firo.cedric-crispin.com/start-mining/,confirmed,active,2026-09-14,2026-09-14,Discovered by shallow crawling official website domain firo.cedric-crispin.com.
handshake.cedric-crispin.com,4289,stratum+tcp,cedric-crispin.com,UNKNOWN,UNKNOWN,Global,official,https://handshake.cedric-crispin.com/start-mining/,confirmed,active,2026-09-14,2026-09-14,Discovered by shallow crawling official website domain handshake.cedric-crispin.com.
karlsencoin.cedric-crispin.com,4154,stratum+tcp,cedric-crispin.com,UNKNOWN,UNKNOWN,Global,official,https://karlsencoin.cedric-crispin.com/start-mining/,confirmed,active,2026-09-14,2026-09-14,Discovered by shallow crawling official website domain karlsencoin.cedric-crispin.com.
karlsencoin.cedric-crispin.com,4155,stratum+ssl,cedric-crispin.com,UNKNOWN,UNKNOWN,Global,official,https://karlsencoin.cedric-crispin.com/start-mining/,confirmed,active,2026-09-14,2026-09-14,Discovered by shallow crawling official website domain karlsencoin.cedric-crispin.com.
karlsencoin.cedric-crispin.com,4155,stratum+tcp,cedric-crispin.com,UNKNOWN,UNKNOWN,Global,official,https://karlsencoin.cedric-crispin.com/start-mining/,confirmed,active,2026-09-14,2026-09-14,Discovered by shallow crawling official website domain karlsencoin.cedric-crispin.com.
kaspa.cedric-crispin.com,4114,stratum+tcp,cedric-crispin.com,UNKNOWN,UNKNOWN,Global,official,https://kaspa.cedric-crispin.com/start-mining/,confirmed,active,2026-09-14,2026-09-14,Discovered by shallow crawling official website domain kaspa.cedric-crispin.com.
kaspa.cedric-crispin.com,4115,stratum+ssl,cedric-crispin.com,UNKNOWN,UNKNOWN,Global,official,https://kaspa.cedric-crispin.com/start-mining/,confirmed,active,2026-09-14,2026-09-14,Discovered by shallow crawling official website domain kaspa.cedric-crispin.com.
kaspa.cedric-crispin.com,4115,stratum+tcp,cedric-crispin.com,UNKNOWN,UNKNOWN,Global,official,https://kaspa.cedric-crispin.com/start-mining/,confirmed,active,2026-09-14,2026-09-14,Discovered by shallow crawling official website domain kaspa.cedric-crispin.com.
kylacoin.cedric-crispin.com,4374,stratum+tcp,cedric-crispin.com,UNKNOWN,UNKNOWN,Global,official,https://kylacoin.cedric-crispin.com/start-mining/,confirmed,active,2026-09-14,2026-09-14,Discovered by shallow crawling official website domain kylacoin.cedric-crispin.com.
kylacoin.cedric-crispin.com,4375,stratum+ssl,cedric-crispin.com,UNKNOWN,UNKNOWN,Global,official,https://kylacoin.cedric-crispin.com/start-mining/,confirmed,active,2026-09-14,2026-09-14,Discovered by shallow crawling official website domain kylacoin.cedric-crispin.com.
kylacoin.cedric-crispin.com,4375,stratum+tcp,cedric-crispin.com,UNKNOWN,UNKNOWN,Global,official,https://kylacoin.cedric-crispin.com/start-mining/,confirmed,active,2026-09-14,2026-09-14,Discovered by shallow crawling official website domain kylacoin.cedric-crispin.com.
meowcoin.cedric-crispin.com,4284,stratum+tcp,cedric-crispin.com,UNKNOWN,UNKNOWN,Global,official,https://meowcoin.cedric-crispin.com/start-mining/,confirmed,active,2026-09-14,2026-09-14,Discovered by shallow crawling official website domain meowcoin.cedric-crispin.com.
meowcoin.cedric-crispin.com,4285,stratum+ssl,cedric-crispin.com,UNKNOWN,UNKNOWN,Global,official,https://meowcoin.cedric-crispin.com/start-mining/,confirmed,active,2026-09-14,2026-09-14,Discovered by shallow crawling official website domain meowcoin.cedric-crispin.com.
meowcoin.cedric-crispin.com,4285,stratum+tcp,cedric-crispin.com,UNKNOWN,UNKNOWN,Global,official,https://meowcoin.cedric-crispin.com/start-mining/,confirmed,active,2026-09-14,2026-09-14,Discovered by shallow crawling official website domain meowcoin.cedric-crispin.com.
monero.cedric-crispin.com,3344,stratum+tcp,cedric-crispin.com,UNKNOWN,UNKNOWN,Global,official,https://monero.cedric-crispin.com/start-mining/,confirmed,active,2026-09-14,2026-09-14,Discovered by shallow crawling official website domain monero.cedric-crispin.com.
monero.cedric-crispin.com,3345,stratum+ssl,cedric-crispin.com,UNKNOWN,UNKNOWN,Global,official,https://monero.cedric-crispin.com/start-mining/,confirmed,active,2026-09-14,2026-09-14,Discovered by shallow crawling official website domain monero.cedric-crispin.com.
monero.cedric-crispin.com,3345,stratum+tcp,cedric-crispin.com,UNKNOWN,UNKNOWN,Global,official,https://monero.cedric-crispin.com/start-mining/,confirmed,active,2026-09-14,2026-09-14,Discovered by shallow crawling official website domain monero.cedric-crispin.com.
parallax.cedric-crispin.com,4554,stratum+tcp,cedric-crispin.com,UNKNOWN,UNKNOWN,Global,official,https://parallax.cedric-crispin.com/start-mining/,confirmed,active,2026-09-14,2026-09-14,Discovered by shallow crawling official website domain parallax.cedric-crispin.com.
parallax.cedric-crispin.com,4555,stratum+ssl,cedric-crispin.com,UNKNOWN,UNKNOWN,Global,official,https://parallax.cedric-crispin.com/start-mining/,confirmed,active,2026-09-14,2026-09-14,Discovered by shallow crawling official website domain parallax.cedric-crispin.com.
parallax.cedric-crispin.com,4555,stratum+tcp,cedric-crispin.com,UNKNOWN,UNKNOWN,Global,official,https://parallax.cedric-crispin.com/start-mining/,confirmed,active,2026-09-14,2026-09-14,Discovered by shallow crawling official website domain parallax.cedric-crispin.com.
pulsar.cedric-crispin.com,4004,stratum+tcp,cedric-crispin.com,UNKNOWN,UNKNOWN,Global,official,https://pulsar.cedric-crispin.com/start-mining/,confirmed,active,2026-09-14,2026-09-14,Discovered by shallow crawling official website domain pulsar.cedric-crispin.com.
pulsar.cedric-crispin.com,4005,stratum+ssl,cedric-crispin.com,UNKNOWN,UNKNOWN,Global,official,https://pulsar.cedric-crispin.com/start-mining/,confirmed,active,2026-09-14,2026-09-14,Discovered by shallow crawling official website domain pulsar.cedric-crispin.com.
pulsar.cedric-crispin.com,4005,stratum+tcp,cedric-crispin.com,UNKNOWN,UNKNOWN,Global,official,https://pulsar.cedric-crispin.com/start-mining/,confirmed,active,2026-09-14,2026-09-14,Discovered by shallow crawling official website domain pulsar.cedric-crispin.com.
ravencoin.cedric-crispin.com,4054,stratum+tcp,cedric-crispin.com,UNKNOWN,UNKNOWN,Global,official,https://ravencoin.cedric-crispin.com/start-mining/,confirmed,active,2026-09-14,2026-09-14,Discovered by shallow crawling official website domain ravencoin.cedric-crispin.com.
ravencoin.cedric-crispin.com,4055,stratum+ssl,cedric-crispin.com,UNKNOWN,UNKNOWN,Global,official,https://ravencoin.cedric-crispin.com/start-mining/,confirmed,active,2026-09-14,2026-09-14,Discovered by shallow crawling official website domain ravencoin.cedric-crispin.com.
ravencoin.cedric-crispin.com,4055,stratum+tcp,cedric-crispin.com,UNKNOWN,UNKNOWN,Global,official,https://ravencoin.cedric-crispin.com/start-mining/,confirmed,active,2026-09-14,2026-09-14,Discovered by shallow crawling official website domain ravencoin.cedric-crispin.com.
satoshicash.cedric-crispin.com,4474,stratum+tcp,cedric-crispin.com,UNKNOWN,UNKNOWN,Global,official,https://satoshicash.cedric-crispin.com/start-mining/,confirmed,active,2026-09-14,2026-09-14,Discovered by shallow crawling official website domain satoshicash.cedric-crispin.com.
satoshicash.cedric-crispin.com,4475,stratum+ssl,cedric-crispin.com,UNKNOWN,UNKNOWN,Global,official,https://satoshicash.cedric-crispin.com/start-mining/,confirmed,active,2026-09-14,2026-09-14,Discovered by shallow crawling official website domain satoshicash.cedric-crispin.com.
satoshicash.cedric-crispin.com,4475,stratum+tcp,cedric-crispin.com,UNKNOWN,UNKNOWN,Global,official,https://satoshicash.cedric-crispin.com/start-mining/,confirmed,active,2026-09-14,2026-09-14,Discovered by shallow crawling official website domain satoshicash.cedric-crispin.com.
satoxcoin.cedric-crispin.com,4234,stratum+tcp,cedric-crispin.com,UNKNOWN,UNKNOWN,Global,official,https://satoxcoin.cedric-crispin.com/start-mining/,confirmed,active,2026-09-14,2026-09-14,Discovered by shallow crawling official website domain satoxcoin.cedric-crispin.com.
satoxcoin.cedric-crispin.com,4235,stratum+ssl,cedric-crispin.com,UNKNOWN,UNKNOWN,Global,official,https://satoxcoin.cedric-crispin.com/start-mining/,confirmed,active,2026-09-14,2026-09-14,Discovered by shallow crawling official website domain satoxcoin.cedric-crispin.com.
satoxcoin.cedric-crispin.com,4235,stratum+tcp,cedric-crispin.com,UNKNOWN,UNKNOWN,Global,official,https://satoxcoin.cedric-crispin.com/start-mining/,confirmed,active,2026-09-14,2026-09-14,Discovered by shallow crawling official website domain satoxcoin.cedric-crispin.com.
vertcoin.cedric-crispin.com,3334,stratum+tcp,cedric-crispin.com,UNKNOWN,UNKNOWN,Global,official,https://vertcoin.cedric-crispin.com/start-mining/,confirmed,active,2026-09-14,2026-09-14,Discovered by shallow crawling official website domain vertcoin.cedric-crispin.com.
vertcoin.cedric-crispin.com,3335,stratum+ssl,cedric-crispin.com,UNKNOWN,UNKNOWN,Global,official,https://vertcoin.cedric-crispin.com/start-mining/,confirmed,active,2026-09-14,2026-09-14,Discovered by shallow crawling official website domain vertcoin.cedric-crispin.com.
vertcoin.cedric-crispin.com,3335,stratum+tcp,cedric-crispin.com,UNKNOWN,UNKNOWN,Global,official,https://vertcoin.cedric-crispin.com/start-mining/,confirmed,active,2026-09-14,2026-09-14,Discovered by shallow crawling official website domain vertcoin.cedric-crispin.com.
veruscoin.cedric-crispin.com,4024,stratum+tcp,cedric-crispin.com,UNKNOWN,UNKNOWN,Global,official,https://veruscoin.cedric-crispin.com/start-mining/,confirmed,active,2026-09-14,2026-09-14,Discovered by shallow crawling official website domain veruscoin.cedric-crispin.com.
veruscoin.cedric-crispin.com,4025,stratum+ssl,cedric-crispin.com,UNKNOWN,UNKNOWN,Global,official,https://veruscoin.cedric-crispin.com/start-mining/,confirmed,active,2026-09-14,2026-09-14,Discovered by shallow crawling official website domain veruscoin.cedric-crispin.com.
veruscoin.cedric-crispin.com,4025,stratum+tcp,cedric-crispin.com,UNKNOWN,UNKNOWN,Global,official,https://veruscoin.cedric-crispin.com/start-mining/,confirmed,active,2026-09-14,2026-09-14,Discovered by shallow crawling official website domain veruscoin.cedric-crispin.com.
warthog.cedric-crispin.com,4354,stratum+tcp,cedric-crispin.com,UNKNOWN,UNKNOWN,Global,official,https://warthog.cedric-crispin.com/start-mining/,confirmed,active,2026-09-14,2026-09-14,Discovered by shallow crawling official website domain warthog.cedric-crispin.com.
warthog.cedric-crispin.com,4355,stratum+ssl,cedric-crispin.com,UNKNOWN,UNKNOWN,Global,official,https://warthog.cedric-crispin.com/start-mining/,confirmed,active,2026-09-14,2026-09-14,Discovered by shallow crawling official website domain warthog.cedric-crispin.com.
warthog.cedric-crispin.com,4355,stratum+tcp,cedric-crispin.com,UNKNOWN,UNKNOWN,Global,official,https://warthog.cedric-crispin.com/start-mining/,confirmed,active,2026-09-14,2026-09-14,Discovered by shallow crawling official website domain warthog.cedric-crispin.com.
xelis.cedric-crispin.com,4404,stratum+tcp,cedric-crispin.com,UNKNOWN,UNKNOWN,Global,official,https://xelis.cedric-crispin.com/start-mining/,confirmed,active,2026-09-14,2026-09-14,Discovered by shallow crawling official website domain xelis.cedric-crispin.com.
xelis.cedric-crispin.com,4405,stratum+ssl,cedric-crispin.com,UNKNOWN,UNKNOWN,Global,official,https://xelis.cedric-crispin.com/start-mining/,confirmed,active,2026-09-14,2026-09-14,Discovered by shallow crawling official website domain xelis.cedric-crispin.com.
xelis.cedric-crispin.com,4405,stratum+tcp,cedric-crispin.com,UNKNOWN,UNKNOWN,Global,official,https://xelis.cedric-crispin.com/start-mining/,confirmed,active,2026-09-14,2026-09-14,Discovered by shallow crawling official website domain xelis.cedric-crispin.com.
zano.cedric-crispin.com,4424,stratum+tcp,cedric-crispin.com,UNKNOWN,UNKNOWN,Global,official,https://zano.cedric-crispin.com/start-mining/,confirmed,active,2026-09-14,2026-09-14,Discovered by shallow crawling official website domain zano.cedric-crispin.com.
zano.cedric-crispin.com,4425,stratum+ssl,cedric-crispin.com,UNKNOWN,UNKNOWN,Global,official,https://zano.cedric-crispin.com/start-mining/,confirmed,active,2026-09-14,2026-09-14,Discovered by shallow crawling official website domain zano.cedric-crispin.com.
zano.cedric-crispin.com,4425,stratum+tcp,cedric-crispin.com,UNKNOWN,UNKNOWN,Global,official,https://zano.cedric-crispin.com/start-mining/,confirmed,active,2026-09-14,2026-09-14,Discovered by shallow crawling official website domain zano.cedric-crispin.com.
vrsc.ciscotech.dk,9999,stratum+tcp,ciscotech.dk,UNKNOWN,UNKNOWN,Global,official,https://vrsc.ciscotech.dk/,confirmed,active,2026-09-14,2026-09-14,Discovered by shallow crawling official website domain vrsc.ciscotech.dk.
stratum.ckpool.org,3333,stratum+tcp,ckpool.org,UNKNOWN,UNKNOWN,Global,official,https://ausolo.ckpool.org/; https://eusolo.ckpool.org/; https://sgsolo.ckpool.org/; https://solo.ckpool.org/,confirmed,active,2026-09-14,2026-09-14,Discovered by shallow crawling official website domain ausolo.ckpool.org.
au-merged.cminors-pool.com,3332,stratum+tcp,cminors-pool.com,UNKNOWN,UNKNOWN,Global,official,https://au-merged-mine.cminors-pool.com/site/connect,confirmed,active,2026-09-14,2026-09-14,Discovered by shallow crawling official website domain au-merged-mine.cminors-pool.com.
au-merged.cminors-pool.com,3333,stratum+tcp,cminors-pool.com,UNKNOWN,UNKNOWN,Global,official,https://au-merged-mine.cminors-pool.com/; https://au-merged-mine.cminors-pool.com/site/mining,confirmed,active,2026-09-14,2026-09-14,Discovered by shallow crawling official website domain au-merged-mine.cminors-pool.com.
asia.coolmine.top,3056,stratum+tcp,coolmine.top,UNKNOWN,UNKNOWN,Asia,official,https://coolmine.top/howtostart.php?coin=6,confirmed,active,2026-09-14,2026-09-14,Discovered by shallow crawling official website domain coolmine.top.
asia.coolmine.top,3071,stratum+tcp,coolmine.top,UNKNOWN,UNKNOWN,Asia,official,https://coolmine.top/howtostart.php?coin=4,confirmed,active,2026-09-14,2026-09-14,Discovered by shallow crawling official website domain coolmine.top.
asia.coolmine.top,3078,stratum+tcp,coolmine.top,UNKNOWN,UNKNOWN,Asia,official,https://coolmine.top/howtostart.php?coin=1,confirmed,active,2026-09-14,2026-09-14,Discovered by shallow crawling official website domain coolmine.top.
cpu-pool.com,6248,stratum+tcp,cpu-pool.com,UNKNOWN,UNKNOWN,Global,official,http://cpu-pool.com/getting_started; http://cpu-pool.com/getting_started#calculator,confirmed,active,2026-09-14,2026-09-14,Discovered by shallow crawling official website domain cpu-pool.com.
cpu-pool.com,7046,stratum+tcp,cpu-pool.com,UNKNOWN,UNKNOWN,Global,official,http://cpu-pool.com/getting_started; http://cpu-pool.com/getting_started#calculator,confirmed,active,2026-09-14,2026-09-14,Discovered by shallow crawling official website domain cpu-pool.com.
cpu-pool.com,63338,stratum+tcp,cpu-pool.com,UNKNOWN,UNKNOWN,Global,official,http://cpu-pool.com/getting_started; http://cpu-pool.com/getting_started#calculator,confirmed,active,2026-09-14,2026-09-14,Discovered by shallow crawling official website domain cpu-pool.com.
cpu-pool.com,63358,stratum+tcp,cpu-pool.com,UNKNOWN,UNKNOWN,Global,official,http://cpu-pool.com/getting_started; http://cpu-pool.com/getting_started#calculator,confirmed,active,2026-09-14,2026-09-14,Discovered by shallow crawling official website domain cpu-pool.com.
cpu-pool.com,63368,stratum+tcp,cpu-pool.com,UNKNOWN,UNKNOWN,Global,official,http://cpu-pool.com/getting_started; http://cpu-pool.com/getting_started#calculator,confirmed,active,2026-09-14,2026-09-14,Discovered by shallow crawling official website domain cpu-pool.com.
cpu-pool.com,63378,stratum+tcp,cpu-pool.com,UNKNOWN,UNKNOWN,Global,official,http://cpu-pool.com/getting_started; http://cpu-pool.com/getting_started#calculator,confirmed,active,2026-09-14,2026-09-14,Discovered by shallow crawling official website domain cpu-pool.com.
cpu-pool.com,63388,stratum+tcp,cpu-pool.com,UNKNOWN,UNKNOWN,Global,official,http://cpu-pool.com/getting_started; http://cpu-pool.com/getting_started#calculator,confirmed,active,2026-09-14,2026-09-14,Discovered by shallow crawling official website domain cpu-pool.com.
cpu-pool.com,63398,stratum+tcp,cpu-pool.com,UNKNOWN,UNKNOWN,Global,official,http://cpu-pool.com/getting_started; http://cpu-pool.com/getting_started#calculator,confirmed,active,2026-09-14,2026-09-14,Discovered by shallow crawling official website domain cpu-pool.com.
cpu-pool.com,63408,stratum+tcp,cpu-pool.com,UNKNOWN,UNKNOWN,Global,official,http://cpu-pool.com/getting_started; http://cpu-pool.com/getting_started#calculator,confirmed,active,2026-09-14,2026-09-14,Discovered by shallow crawling official website domain cpu-pool.com.
eth.cruxpool.com,5555,stratum+tcp,cruxpool.com,UNKNOWN,UNKNOWN,Global,official,https://cruxpool.com//blog/how-to-start-mining/,confirmed,active,2026-09-14,2026-09-14,Discovered by shallow crawling official website domain cruxpool.com.
maza.cryptoadhd.com,4444,stratum+tcp,cryptoadhd.com,UNKNOWN,UNKNOWN,Global,official,https://maza.cryptoadhd.com/index.php?page=gettingstarted,confirmed,active,2026-09-14,2026-09-14,Discovered by shallow crawling official website domain maza.cryptoadhd.com.
142.4.211.28,4000,stratum+tcp,darkfibermines.com,UNKNOWN,UNKNOWN,Global,official,https://btcz.darkfibermines.com/; https://btcz.darkfibermines.com/#homeSubmenu7; https://btcz.darkfibermines.com/#homeSubmenu9; https://xsg.darkfibermines.com/; https://xsg.darkfibermines.com/#homeSubmenu7; https://xsg.darkfibermines.com/#homeSubmenu9,confirmed,active,2026-09-14,2026-09-14,Discovered by shallow crawling official website domain btcz.darkfibermines.com.
142.4.211.28,6700,stratum+tcp,darkfibermines.com,UNKNOWN,UNKNOWN,Global,official,https://btcz.darkfibermines.com/; https://btcz.darkfibermines.com/#homeSubmenu7; https://btcz.darkfibermines.com/#homeSubmenu9; https://xsg.darkfibermines.com/; https://xsg.darkfibermines.com/#homeSubmenu7; https://xsg.darkfibermines.com/#homeSubmenu9,confirmed,active,2026-09-14,2026-09-14,Discovered by shallow crawling official website domain btcz.darkfibermines.com.
198.245.61.24,6200,stratum+tcp,darkfibermines.com,UNKNOWN,UNKNOWN,Global,official,https://xsg.darkfibermines.com/; https://xsg.darkfibermines.com/#homeSubmenu7; https://xsg.darkfibermines.com/#homeSubmenu9,confirmed,active,2026-09-14,2026-09-14,Discovered by shallow crawling official website domain xsg.darkfibermines.com.
158.247.200.58,9999,stratum+tcp,dmzpool.pangz.space,UNKNOWN,UNKNOWN,Global,official,https://dmzpool.pangz.space/,confirmed,active,2026-09-14,2026-09-14,Discovered by shallow crawling official website domain dmzpool.pangz.space.
mine.downunderpool.xyz,3336,stratum+tcp,downunderpool.xyz,UNKNOWN,UNKNOWN,Global,official,https://downunderpool.xyz/,confirmed,active,2026-09-14,2026-09-14,Discovered by shallow crawling official website domain downunderpool.xyz.
mine.downunderpool.xyz,4333,stratum+tcp,downunderpool.xyz,UNKNOWN,UNKNOWN,Global,official,https://downunderpool.xyz/,confirmed,active,2026-09-14,2026-09-14,Discovered by shallow crawling official website domain downunderpool.xyz.
aleo.f2pool.com,4400,stratum+tcp,f2pool.com,ALEO,Aleo,Global,official,https://www.f2pool.com/,confirmed,active,2026-09-14,2026-09-14,Discovered by shallow crawling official website domain f2pool.com.
aleo.f2pool.com,4420,stratum+ssl,f2pool.com,ALEO,Aleo,Global,official,https://www.f2pool.com/,confirmed,active,2026-09-14,2026-09-14,Discovered by shallow crawling official website domain f2pool.com.
aleo.f2pool.com,4420,stratum+tcp,f2pool.com,ALEO,Aleo,Global,official,https://www.f2pool.com/,confirmed,active,2026-09-14,2026-09-14,Discovered by shallow crawling official website domain f2pool.com.
aleo.f2pool.com,4430,stratum+tcp,f2pool.com,ALEO,Aleo,Global,official,https://www.f2pool.com/,confirmed,active,2026-09-14,2026-09-14,Discovered by shallow crawling official website domain f2pool.com.
alph-asia.f2pool.com,5600,stratum+tcp,f2pool.com,ALPH,Blake3,Asia,official,https://www.f2pool.com/,confirmed,active,2026-09-14,2026-09-14,Discovered by shallow crawling official website domain f2pool.com.
alph-asia.f2pool.com,5630,stratum+tcp,f2pool.com,ALPH,Blake3,Asia,official,https://www.f2pool.com/,confirmed,active,2026-09-14,2026-09-14,Discovered by shallow crawling official website domain f2pool.com.
b4c.f2pool.com,1228,stratum+tcp,f2pool.com,BCH,SHA-256,Global,official,https://www.f2pool.com/,confirmed,active,2026-09-14,2026-09-14,Discovered by shallow crawling official website domain f2pool.com.
btc-africa.f2pool.com,1314,stratum+tcp,f2pool.com,BTC,SHA-256,Africa,official,https://www.f2pool.com/,confirmed,active,2026-09-14,2026-09-14,Discovered by shallow crawling official website domain f2pool.com.
btc-asia.f2pool.com,1314,stratum+tcp,f2pool.com,BTC,SHA-256,Asia,official,https://www.f2pool.com/,confirmed,active,2026-09-14,2026-09-14,Discovered by shallow crawling official website domain f2pool.com.
btc-euro.f2pool.com,1314,stratum+tcp,f2pool.com,BTC,SHA-256,Europe,official,https://www.f2pool.com/,confirmed,active,2026-09-14,2026-09-14,Discovered by shallow crawling official website domain f2pool.com.
btc-kz.f2pool.com,3333,stratum+tcp,f2pool.com,BTC,SHA-256,Global,official,https://www.f2pool.kz/,confirmed,active,2026-09-14,2026-09-14,Discovered by shallow crawling official website domain f2pool.kz.
btc-latin.f2pool.com,1314,stratum+tcp,f2pool.com,BTC,SHA-256,Latin America,official,https://www.f2pool.com/,confirmed,active,2026-09-14,2026-09-14,Discovered by shallow crawling official website domain f2pool.com.
btc-na.f2pool.com,1314,stratum+tcp,f2pool.com,BTC,SHA-256,North America,official,https://www.f2pool.com/,confirmed,active,2026-09-14,2026-09-14,Discovered by shallow crawling official website domain f2pool.com.
btc.f2pool.com,1314,stratum+tcp,f2pool.com,BTC,SHA-256,Global,official,https://www.f2pool.com/,confirmed,active,2026-09-14,2026-09-14,Discovered by shallow crawling official website domain f2pool.com.
btcssl.f2pool.com,1300,stratum+ssl,f2pool.com,BTC,SHA-256,Global,official,https://www.f2pool.com/,confirmed,active,2026-09-14,2026-09-14,Discovered by shallow crawling official website domain f2pool.com.
cfx.f2pool.com,6800,stratum+tcp,f2pool.com,CFX,Octopus,Global,official,https://www.f2pool.com/,confirmed,active,2026-09-14,2026-09-14,Discovered by shallow crawling official website domain f2pool.com.
cfxssl.f2pool.com,6820,stratum+ssl,f2pool.com,CFX,Octopus,Global,official,https://www.f2pool.com/,confirmed,active,2026-09-14,2026-09-14,Discovered by shallow crawling official website domain f2pool.com.
ckb.f2pool.com,4300,stratum+tcp,f2pool.com,CKB,Eaglesong,Global,official,https://www.f2pool.com/,confirmed,active,2026-09-14,2026-09-14,Discovered by shallow crawling official website domain f2pool.com.
dash.f2pool.com,5588,stratum+tcp,f2pool.com,DASH,X11,Global,official,https://www.f2pool.com/,confirmed,active,2026-09-14,2026-09-14,Discovered by shallow crawling official website domain f2pool.com.
etc-asia.f2pool.com,8008,stratum+tcp,f2pool.com,ETC,Etchash,Asia,official,https://www.f2pool.com/,confirmed,active,2026-09-14,2026-09-14,Discovered by shallow crawling official website domain f2pool.com.
etc-euro.f2pool.com,8008,stratum+tcp,f2pool.com,ETC,Etchash,Europe,official,https://www.f2pool.com/,confirmed,active,2026-09-14,2026-09-14,Discovered by shallow crawling official website domain f2pool.com.
etc-na.f2pool.com,8008,stratum+tcp,f2pool.com,ETC,Etchash,North America,official,https://www.f2pool.com/,confirmed,active,2026-09-14,2026-09-14,Discovered by shallow crawling official website domain f2pool.com.
etc.f2pool.com,8008,stratum+tcp,f2pool.com,ETC,Etchash,Global,official,https://www.f2pool.com/,confirmed,active,2026-09-14,2026-09-14,Discovered by shallow crawling official website domain f2pool.com.
etcssl.f2pool.com,8180,stratum+ssl,f2pool.com,ETC,Etchash,Global,official,https://www.f2pool.com/,confirmed,active,2026-09-14,2026-09-14,Discovered by shallow crawling official website domain f2pool.com.
ethw.f2pool.com,6688,stratum+tcp,f2pool.com,ETHW,Ethash,Global,official,https://www.f2pool.com/,confirmed,active,2026-09-14,2026-09-14,Discovered by shallow crawling official website domain f2pool.com.
ethwssl.f2pool.com,6698,stratum+ssl,f2pool.com,ETHW,Ethash,Global,official,https://www.f2pool.com/,confirmed,active,2026-09-14,2026-09-14,Discovered by shallow crawling official website domain f2pool.com.
kas.f2pool.com,1430,stratum+tcp,f2pool.com,KAS,kHeavyHash,Global,official,https://www.f2pool.com/,confirmed,active,2026-09-14,2026-09-14,Discovered by shallow crawling official website domain f2pool.com.
kasssl.f2pool.com,1430,stratum+ssl,f2pool.com,KAS,kHeavyHash,Global,official,https://www.f2pool.com/,confirmed,active,2026-09-14,2026-09-14,Discovered by shallow crawling official website domain f2pool.com.
ltc-asia.f2pool.com,3335,stratum+tcp,f2pool.com,LTC,Scrypt,Asia,official,https://www.f2pool.com/,confirmed,active,2026-09-14,2026-09-14,Discovered by shallow crawling official website domain f2pool.com.
ltc-euro.f2pool.com,3335,stratum+tcp,f2pool.com,LTC,Scrypt,Europe,official,https://www.f2pool.com/,confirmed,active,2026-09-14,2026-09-14,Discovered by shallow crawling official website domain f2pool.com.
ltc-na.f2pool.com,3335,stratum+tcp,f2pool.com,LTC,Scrypt,North America,official,https://www.f2pool.com/,confirmed,active,2026-09-14,2026-09-14,Discovered by shallow crawling official website domain f2pool.com.
ltc.f2pool.com,3335,stratum+tcp,f2pool.com,LTC,Scrypt,Global,official,https://www.f2pool.com/,confirmed,active,2026-09-14,2026-09-14,Discovered by shallow crawling official website domain f2pool.com.
ltcssl.f2pool.com,5201,stratum+ssl,f2pool.com,LTC,Scrypt,Global,official,https://www.f2pool.com/,confirmed,active,2026-09-14,2026-09-14,Discovered by shallow crawling official website domain f2pool.com.
sc.f2pool.com,7788,stratum+tcp,f2pool.com,SC,Blake2b,Global,official,https://www.f2pool.com/,confirmed,active,2026-09-14,2026-09-14,Discovered by shallow crawling official website domain f2pool.com.
pearl.f2pool.com,5500,stratum+tcp,f2pool.com,UNKNOWN,UNKNOWN,Global,official,https://www.f2pool.com/,confirmed,active,2026-09-14,2026-09-14,Discovered by shallow crawling official website domain f2pool.com.
zec.f2pool.com,3357,stratum+tcp,f2pool.com,ZEC,Equihash,Global,official,https://www.f2pool.com/,confirmed,active,2026-09-14,2026-09-14,Discovered by shallow crawling official website domain f2pool.com.
fenixpool.com,2222,stratum+tcp,fenixpool.com,UNKNOWN,UNKNOWN,Global,official,https://fenixpool.com/connect,confirmed,active,2026-09-14,2026-09-14,Discovered by shallow crawling official website domain fenixpool.com.
fenixpool.com,2223,stratum+tcp,fenixpool.com,UNKNOWN,UNKNOWN,Global,official,https://fenixpool.com/connect,confirmed,active,2026-09-14,2026-09-14,Discovered by shallow crawling official website domain fenixpool.com.
fenixpool.com,3333,stratum+tcp,fenixpool.com,UNKNOWN,UNKNOWN,Global,official,https://fenixpool.com/connect,confirmed,active,2026-09-14,2026-09-14,Discovered by shallow crawling official website domain fenixpool.com.
fenixpool.com,3334,stratum+tcp,fenixpool.com,UNKNOWN,UNKNOWN,Global,official,https://fenixpool.com/connect,confirmed,active,2026-09-14,2026-09-14,Discovered by shallow crawling official website domain fenixpool.com.
fenixpool.com,3335,stratum+tcp,fenixpool.com,UNKNOWN,UNKNOWN,Global,official,https://fenixpool.com/connect,confirmed,active,2026-09-14,2026-09-14,Discovered by shallow crawling official website domain fenixpool.com.
fenixpool.com,3336,stratum+tcp,fenixpool.com,UNKNOWN,UNKNOWN,Global,official,https://fenixpool.com/connect,confirmed,active,2026-09-14,2026-09-14,Discovered by shallow crawling official website domain fenixpool.com.
fenixpool.com,3337,stratum+tcp,fenixpool.com,UNKNOWN,UNKNOWN,Global,official,https://fenixpool.com/connect,confirmed,active,2026-09-14,2026-09-14,Discovered by shallow crawling official website domain fenixpool.com.
fenixpool.com,3338,stratum+tcp,fenixpool.com,UNKNOWN,UNKNOWN,Global,official,https://fenixpool.com/connect,confirmed,active,2026-09-14,2026-09-14,Discovered by shallow crawling official website domain fenixpool.com.
fenixpool.com,4444,stratum+tcp,fenixpool.com,UNKNOWN,UNKNOWN,Global,official,https://fenixpool.com/connect,confirmed,active,2026-09-14,2026-09-14,Discovered by shallow crawling official website domain fenixpool.com.
fenixpool.com,4445,stratum+tcp,fenixpool.com,UNKNOWN,UNKNOWN,Global,official,https://fenixpool.com/connect,confirmed,active,2026-09-14,2026-09-14,Discovered by shallow crawling official website domain fenixpool.com.
fenixpool.com,4446,stratum+tcp,fenixpool.com,UNKNOWN,UNKNOWN,Global,official,https://fenixpool.com/connect,confirmed,active,2026-09-14,2026-09-14,Discovered by shallow crawling official website domain fenixpool.com.
fenixpool.com,4447,stratum+tcp,fenixpool.com,UNKNOWN,UNKNOWN,Global,official,https://fenixpool.com/connect,confirmed,active,2026-09-14,2026-09-14,Discovered by shallow crawling official website domain fenixpool.com.
fenixpool.com,4448,stratum+tcp,fenixpool.com,UNKNOWN,UNKNOWN,Global,official,https://fenixpool.com/connect,confirmed,active,2026-09-14,2026-09-14,Discovered by shallow crawling official website domain fenixpool.com.
fenixpool.com,4449,stratum+tcp,fenixpool.com,UNKNOWN,UNKNOWN,Global,official,https://fenixpool.com/connect,confirmed,active,2026-09-14,2026-09-14,Discovered by shallow crawling official website domain fenixpool.com.
fenixpool.com,5555,stratum+tcp,fenixpool.com,UNKNOWN,UNKNOWN,Global,official,https://fenixpool.com/connect,confirmed,active,2026-09-14,2026-09-14,Discovered by shallow crawling official website domain fenixpool.com.
fenixpool.com,5556,stratum+tcp,fenixpool.com,UNKNOWN,UNKNOWN,Global,official,https://fenixpool.com/connect,confirmed,active,2026-09-14,2026-09-14,Discovered by shallow crawling official website domain fenixpool.com.
fenixpool.com,6000,stratum+tcp,fenixpool.com,UNKNOWN,UNKNOWN,Global,official,https://fenixpool.com/connect,confirmed,active,2026-09-14,2026-09-14,Discovered by shallow crawling official website domain fenixpool.com.
fenixpool.com,6100,stratum+tcp,fenixpool.com,UNKNOWN,UNKNOWN,Global,official,https://fenixpool.com/connect,confirmed,active,2026-09-14,2026-09-14,Discovered by shallow crawling official website domain fenixpool.com.
fenixpool.com,6150,stratum+tcp,fenixpool.com,UNKNOWN,UNKNOWN,Global,official,https://fenixpool.com/connect,confirmed,active,2026-09-14,2026-09-14,Discovered by shallow crawling official website domain fenixpool.com.
fenixpool.com,6200,stratum+tcp,fenixpool.com,UNKNOWN,UNKNOWN,Global,official,https://fenixpool.com/connect,confirmed,active,2026-09-14,2026-09-14,Discovered by shallow crawling official website domain fenixpool.com.
fenixpool.com,6250,stratum+tcp,fenixpool.com,UNKNOWN,UNKNOWN,Global,official,https://fenixpool.com/connect,confirmed,active,2026-09-14,2026-09-14,Discovered by shallow crawling official website domain fenixpool.com.
fenixpool.com,6300,stratum+tcp,fenixpool.com,UNKNOWN,UNKNOWN,Global,official,https://fenixpool.com/connect,confirmed,active,2026-09-14,2026-09-14,Discovered by shallow crawling official website domain fenixpool.com.
fenixpool.com,6350,stratum+tcp,fenixpool.com,UNKNOWN,UNKNOWN,Global,official,https://fenixpool.com/connect,confirmed,active,2026-09-14,2026-09-14,Discovered by shallow crawling official website domain fenixpool.com.
fenixpool.com,6400,stratum+tcp,fenixpool.com,UNKNOWN,UNKNOWN,Global,official,https://fenixpool.com/connect,confirmed,active,2026-09-14,2026-09-14,Discovered by shallow crawling official website domain fenixpool.com.
fenixpool.com,6450,stratum+tcp,fenixpool.com,UNKNOWN,UNKNOWN,Global,official,https://fenixpool.com/connect,confirmed,active,2026-09-14,2026-09-14,Discovered by shallow crawling official website domain fenixpool.com.
fenixpool.com,6500,stratum+tcp,fenixpool.com,UNKNOWN,UNKNOWN,Global,official,https://fenixpool.com/connect,confirmed,active,2026-09-14,2026-09-14,Discovered by shallow crawling official website domain fenixpool.com.
fenixpool.com,6660,stratum+tcp,fenixpool.com,UNKNOWN,UNKNOWN,Global,official,https://fenixpool.com/connect,confirmed,active,2026-09-14,2026-09-14,Discovered by shallow crawling official website domain fenixpool.com.
fenixpool.com,6661,stratum+tcp,fenixpool.com,UNKNOWN,UNKNOWN,Global,official,https://fenixpool.com/connect,confirmed,active,2026-09-14,2026-09-14,Discovered by shallow crawling official website domain fenixpool.com.
fenixpool.com,6662,stratum+tcp,fenixpool.com,UNKNOWN,UNKNOWN,Global,official,https://fenixpool.com/connect,confirmed,active,2026-09-14,2026-09-14,Discovered by shallow crawling official website domain fenixpool.com.
fenixpool.com,6664,stratum+tcp,fenixpool.com,UNKNOWN,UNKNOWN,Global,official,https://fenixpool.com/connect,confirmed,active,2026-09-14,2026-09-14,Discovered by shallow crawling official website domain fenixpool.com.
fenixpool.com,6665,stratum+tcp,fenixpool.com,UNKNOWN,UNKNOWN,Global,official,https://fenixpool.com/connect,confirmed,active,2026-09-14,2026-09-14,Discovered by shallow crawling official website domain fenixpool.com.
fenixpool.com,6666,stratum+tcp,fenixpool.com,UNKNOWN,UNKNOWN,Global,official,https://fenixpool.com/connect,confirmed,active,2026-09-14,2026-09-14,Discovered by shallow crawling official website domain fenixpool.com.
fenixpool.com,6667,stratum+tcp,fenixpool.com,UNKNOWN,UNKNOWN,Global,official,https://fenixpool.com/connect,confirmed,active,2026-09-14,2026-09-14,Discovered by shallow crawling official website domain fenixpool.com.
fenixpool.com,6668,stratum+tcp,fenixpool.com,UNKNOWN,UNKNOWN,Global,official,https://fenixpool.com/connect,confirmed,active,2026-09-14,2026-09-14,Discovered by shallow crawling official website domain fenixpool.com.
fenixpool.com,6669,stratum+tcp,fenixpool.com,UNKNOWN,UNKNOWN,Global,official,https://fenixpool.com/connect,confirmed,active,2026-09-14,2026-09-14,Discovered by shallow crawling official website domain fenixpool.com.
fenixpool.com,6670,stratum+tcp,fenixpool.com,UNKNOWN,UNKNOWN,Global,official,https://fenixpool.com/connect,confirmed,active,2026-09-14,2026-09-14,Discovered by shallow crawling official website domain fenixpool.com.
fenixpool.com,6675,stratum+tcp,fenixpool.com,UNKNOWN,UNKNOWN,Global,official,https://fenixpool.com/connect,confirmed,active,2026-09-14,2026-09-14,Discovered by shallow crawling official website domain fenixpool.com.
fenixpool.com,6680,stratum+tcp,fenixpool.com,UNKNOWN,UNKNOWN,Global,official,https://fenixpool.com/connect,confirmed,active,2026-09-14,2026-09-14,Discovered by shallow crawling official website domain fenixpool.com.
fenixpool.com,6685,stratum+tcp,fenixpool.com,UNKNOWN,UNKNOWN,Global,official,https://fenixpool.com/connect,confirmed,active,2026-09-14,2026-09-14,Discovered by shallow crawling official website domain fenixpool.com.
fenixpool.com,6690,stratum+tcp,fenixpool.com,UNKNOWN,UNKNOWN,Global,official,https://fenixpool.com/connect,confirmed,active,2026-09-14,2026-09-14,Discovered by shallow crawling official website domain fenixpool.com.
fenixpool.com,7400,stratum+tcp,fenixpool.com,UNKNOWN,UNKNOWN,Global,official,https://fenixpool.com/connect,confirmed,active,2026-09-14,2026-09-14,Discovered by shallow crawling official website domain fenixpool.com.
fenixpool.com,7450,stratum+tcp,fenixpool.com,UNKNOWN,UNKNOWN,Global,official,https://fenixpool.com/connect,confirmed,active,2026-09-14,2026-09-14,Discovered by shallow crawling official website domain fenixpool.com.
fenixpool.com,7500,stratum+tcp,fenixpool.com,UNKNOWN,UNKNOWN,Global,official,https://fenixpool.com/connect,confirmed,active,2026-09-14,2026-09-14,Discovered by shallow crawling official website domain fenixpool.com.
fenixpool.com,7550,stratum+tcp,fenixpool.com,UNKNOWN,UNKNOWN,Global,official,https://fenixpool.com/connect,confirmed,active,2026-09-14,2026-09-14,Discovered by shallow crawling official website domain fenixpool.com.
fenixpool.com,7600,stratum+tcp,fenixpool.com,UNKNOWN,UNKNOWN,Global,official,https://fenixpool.com/connect,confirmed,active,2026-09-14,2026-09-14,Discovered by shallow crawling official website domain fenixpool.com.
fenixpool.com,7700,stratum+tcp,fenixpool.com,UNKNOWN,UNKNOWN,Global,official,https://fenixpool.com/connect,confirmed,active,2026-09-14,2026-09-14,Discovered by shallow crawling official website domain fenixpool.com.
fenixpool.com,7777,stratum+tcp,fenixpool.com,UNKNOWN,UNKNOWN,Global,official,https://fenixpool.com/connect,confirmed,active,2026-09-14,2026-09-14,Discovered by shallow crawling official website domain fenixpool.com.
fenixpool.com,7778,stratum+tcp,fenixpool.com,UNKNOWN,UNKNOWN,Global,official,https://fenixpool.com/connect,confirmed,active,2026-09-14,2026-09-14,Discovered by shallow crawling official website domain fenixpool.com.
fenixpool.com,8888,stratum+tcp,fenixpool.com,UNKNOWN,UNKNOWN,Global,official,https://fenixpool.com/connect,confirmed,active,2026-09-14,2026-09-14,Discovered by shallow crawling official website domain fenixpool.com.
fenixpool.com,8889,stratum+tcp,fenixpool.com,UNKNOWN,UNKNOWN,Global,official,https://fenixpool.com/connect,confirmed,active,2026-09-14,2026-09-14,Discovered by shallow crawling official website domain fenixpool.com.
fenixpool.com,8890,stratum+tcp,fenixpool.com,UNKNOWN,UNKNOWN,Global,official,https://fenixpool.com/connect,confirmed,active,2026-09-14,2026-09-14,Discovered by shallow crawling official website domain fenixpool.com.
fenixpool.com,8891,stratum+tcp,fenixpool.com,UNKNOWN,UNKNOWN,Global,official,https://fenixpool.com/connect,confirmed,active,2026-09-14,2026-09-14,Discovered by shallow crawling official website domain fenixpool.com.
fenixpool.com,8894,stratum+tcp,fenixpool.com,UNKNOWN,UNKNOWN,Global,official,https://fenixpool.com/connect,confirmed,active,2026-09-14,2026-09-14,Discovered by shallow crawling official website domain fenixpool.com.
fenixpool.com,8895,stratum+tcp,fenixpool.com,UNKNOWN,UNKNOWN,Global,official,https://fenixpool.com/connect,confirmed,active,2026-09-14,2026-09-14,Discovered by shallow crawling official website domain fenixpool.com.
fenixpool.com,9000,stratum+tcp,fenixpool.com,UNKNOWN,UNKNOWN,Global,official,https://fenixpool.com/connect,confirmed,active,2026-09-14,2026-09-14,Discovered by shallow crawling official website domain fenixpool.com.
fenixpool.com,9001,stratum+tcp,fenixpool.com,UNKNOWN,UNKNOWN,Global,official,https://fenixpool.com/connect,confirmed,active,2026-09-14,2026-09-14,Discovered by shallow crawling official website domain fenixpool.com.
fenixpool.com,9052,stratum+tcp,fenixpool.com,UNKNOWN,UNKNOWN,Global,official,https://fenixpool.com/connect,confirmed,active,2026-09-14,2026-09-14,Discovered by shallow crawling official website domain fenixpool.com.
fenixpool.com,9054,stratum+tcp,fenixpool.com,UNKNOWN,UNKNOWN,Global,official,https://fenixpool.com/connect,confirmed,active,2026-09-14,2026-09-14,Discovered by shallow crawling official website domain fenixpool.com.
fenixpool.com,9111,stratum+tcp,fenixpool.com,UNKNOWN,UNKNOWN,Global,official,https://fenixpool.com/connect,confirmed,active,2026-09-14,2026-09-14,Discovered by shallow crawling official website domain fenixpool.com.
fenixpool.com,9112,stratum+tcp,fenixpool.com,UNKNOWN,UNKNOWN,Global,official,https://fenixpool.com/connect,confirmed,active,2026-09-14,2026-09-14,Discovered by shallow crawling official website domain fenixpool.com.
fenixpool.com,9113,stratum+tcp,fenixpool.com,UNKNOWN,UNKNOWN,Global,official,https://fenixpool.com/connect,confirmed,active,2026-09-14,2026-09-14,Discovered by shallow crawling official website domain fenixpool.com.
fenixpool.com,9114,stratum+tcp,fenixpool.com,UNKNOWN,UNKNOWN,Global,official,https://fenixpool.com/connect,confirmed,active,2026-09-14,2026-09-14,Discovered by shallow crawling official website domain fenixpool.com.
fenixpool.com,9115,stratum+tcp,fenixpool.com,UNKNOWN,UNKNOWN,Global,official,https://fenixpool.com/connect,confirmed,active,2026-09-14,2026-09-14,Discovered by shallow crawling official website domain fenixpool.com.
fenixpool.com,9116,stratum+tcp,fenixpool.com,UNKNOWN,UNKNOWN,Global,official,https://fenixpool.com/connect,confirmed,active,2026-09-14,2026-09-14,Discovered by shallow crawling official website domain fenixpool.com.
fenixpool.com,9300,stratum+tcp,fenixpool.com,UNKNOWN,UNKNOWN,Global,official,https://fenixpool.com/connect,confirmed,active,2026-09-14,2026-09-14,Discovered by shallow crawling official website domain fenixpool.com.
fenixpool.com,9301,stratum+tcp,fenixpool.com,UNKNOWN,UNKNOWN,Global,official,https://fenixpool.com/connect,confirmed,active,2026-09-14,2026-09-14,Discovered by shallow crawling official website domain fenixpool.com.
fenixpool.com,9400,stratum+tcp,fenixpool.com,UNKNOWN,UNKNOWN,Global,official,https://fenixpool.com/connect,confirmed,active,2026-09-14,2026-09-14,Discovered by shallow crawling official website domain fenixpool.com.
fenixpool.com,9401,stratum+tcp,fenixpool.com,UNKNOWN,UNKNOWN,Global,official,https://fenixpool.com/connect,confirmed,active,2026-09-14,2026-09-14,Discovered by shallow crawling official website domain fenixpool.com.
fenixpool.com,9500,stratum+tcp,fenixpool.com,UNKNOWN,UNKNOWN,Global,official,https://fenixpool.com/connect,confirmed,active,2026-09-14,2026-09-14,Discovered by shallow crawling official website domain fenixpool.com.
fenixpool.com,9501,stratum+tcp,fenixpool.com,UNKNOWN,UNKNOWN,Global,official,https://fenixpool.com/connect,confirmed,active,2026-09-14,2026-09-14,Discovered by shallow crawling official website domain fenixpool.com.
fenixpool.com,9550,stratum+tcp,fenixpool.com,UNKNOWN,UNKNOWN,Global,official,https://fenixpool.com/connect,confirmed,active,2026-09-14,2026-09-14,Discovered by shallow crawling official website domain fenixpool.com.
fenixpool.com,9555,stratum+tcp,fenixpool.com,UNKNOWN,UNKNOWN,Global,official,https://fenixpool.com/connect,confirmed,active,2026-09-14,2026-09-14,Discovered by shallow crawling official website domain fenixpool.com.
fenixpool.com,9556,stratum+tcp,fenixpool.com,UNKNOWN,UNKNOWN,Global,official,https://fenixpool.com/connect,confirmed,active,2026-09-14,2026-09-14,Discovered by shallow crawling official website domain fenixpool.com.
fenixpool.com,9560,stratum+tcp,fenixpool.com,UNKNOWN,UNKNOWN,Global,official,https://fenixpool.com/connect,confirmed,active,2026-09-14,2026-09-14,Discovered by shallow crawling official website domain fenixpool.com.
stratum.foundry-block.com,3032,stratum+tcp,foundry-block.com,UNKNOWN,UNKNOWN,Global,official,https://foundry-block.com/,confirmed,active,2026-09-14,2026-09-14,Discovered by shallow crawling official website domain foundry-block.com.
stratum.foundry-block.com,3035,stratum+tcp,foundry-block.com,UNKNOWN,UNKNOWN,Global,official,https://foundry-block.com/,confirmed,active,2026-09-14,2026-09-14,Discovered by shallow crawling official website domain foundry-block.com.
urx.foundry-block.com,3034,stratum+tcp,foundry-block.com,UNKNOWN,UNKNOWN,Global,official,https://urx.foundry-block.com/,confirmed,active,2026-09-14,2026-09-14,Discovered by shallow crawling official website domain urx.foundry-block.com.
urx.foundry-block.com,3038,stratum+tcp,foundry-block.com,UNKNOWN,UNKNOWN,Global,official,https://urx.foundry-block.com/,confirmed,active,2026-09-14,2026-09-14,Discovered by shallow crawling official website domain urx.foundry-block.com.
bch2.fusionpool.pro,4444,stratum+tcp,fusionpool.pro,UNKNOWN,UNKNOWN,Global,official,https://bch2.fusionpool.pro/; https://bch2.fusionpool.pro/#como; https://bch2.fusionpool.pro/#conectar,confirmed,active,2026-09-14,2026-09-14,Discovered by shallow crawling official website domain bch2.fusionpool.pro.
pool.gatevia.io,3333,stratum+tcp,gatevia.io,UNKNOWN,UNKNOWN,Global,official,https://gatevia.io/mining/GVIA,confirmed,active,2026-09-14,2026-09-14,Discovered by shallow crawling official website domain gatevia.io.
eu.go-poolmining.com,3333,stratum+tcp,go-poolmining.com,UNKNOWN,UNKNOWN,Europe,official,https://eu.go-poolmining.com/; https://eu.go-poolmining.com/#pools; https://eu.go-poolmining.com/#merge; https://eu.go-poolmining.com/#faq,confirmed,active,2026-09-14,2026-09-14,Discovered by shallow crawling official website domain eu.go-poolmining.com.
btc.onpool.net,3334,stratum+ssl,gokby.com,BTC,SHA-256,Global,official,https://onpool.net/,confirmed,active,2026-09-14,2026-09-14,Discovered by shallow crawling official website domain gokby.com.
btc.onpool.net,3346,stratum+ssl,gokby.com,BTC,SHA-256,Global,official,https://onpool.net/,confirmed,active,2026-09-14,2026-09-14,Discovered by shallow crawling official website domain gokby.com.
btc.onpool.net,3356,stratum+ssl,gokby.com,BTC,SHA-256,Global,official,https://onpool.net/,confirmed,active,2026-09-14,2026-09-14,Discovered by shallow crawling official website domain gokby.com.
btc.onpool.net,3367,stratum+ssl,gokby.com,BTC,SHA-256,Global,official,https://onpool.net/,confirmed,active,2026-09-14,2026-09-14,Discovered by shallow crawling official website domain gokby.com.
btc.onpool.net,3376,stratum+ssl,gokby.com,BTC,SHA-256,Global,official,https://onpool.net/,confirmed,active,2026-09-14,2026-09-14,Discovered by shallow crawling official website domain gokby.com.
btc.onpool.net,3389,stratum+ssl,gokby.com,BTC,SHA-256,Global,official,https://onpool.net/,confirmed,active,2026-09-14,2026-09-14,Discovered by shallow crawling official website domain gokby.com.
goldcoinpool.com,3434,stratum+tcp,goldcoinpool.com,UNKNOWN,UNKNOWN,Global,official,https://goldcoinpool.com/connect.html,confirmed,active,2026-09-14,2026-09-14,Discovered by shallow crawling official website domain goldcoinpool.com.
bsv.gorillapool.io,3333,stratum+tcp,gorillanode.io,UNKNOWN,UNKNOWN,Global,official,https://gorillapool.io/; https://gorillapool.io/#faq,confirmed,active,2026-09-14,2026-09-14,Discovered by shallow crawling official website domain gorillanode.io.
fr.grandpool.io,2027,stratum+tcp,grandpool.io,UNKNOWN,UNKNOWN,Global,official,https://grandpool.io/pools/bitcoin-cash,confirmed,active,2026-09-14,2026-09-14,Discovered by shallow crawling official website domain grandpool.io.
fr.grandpool.io,2050,stratum+tcp,grandpool.io,UNKNOWN,UNKNOWN,Global,official,https://grandpool.io/pools/zcash,confirmed,active,2026-09-14,2026-09-14,Discovered by shallow crawling official website domain grandpool.io.
fr.grandpool.io,4070,stratum+tcp,grandpool.io,UNKNOWN,UNKNOWN,Global,official,https://grandpool.io/pools/bitcoin,confirmed,active,2026-09-14,2026-09-14,Discovered by shallow crawling official website domain grandpool.io.
kz.grandpool.io,2027,stratum+tcp,grandpool.io,UNKNOWN,UNKNOWN,Global,official,https://grandpool.io/pools/bitcoin-cash,confirmed,active,2026-09-14,2026-09-14,Discovered by shallow crawling official website domain grandpool.io.
kz.grandpool.io,2050,stratum+tcp,grandpool.io,UNKNOWN,UNKNOWN,Global,official,https://grandpool.io/pools/zcash,confirmed,active,2026-09-14,2026-09-14,Discovered by shallow crawling official website domain grandpool.io.
kz.grandpool.io,4070,stratum+tcp,grandpool.io,UNKNOWN,UNKNOWN,Global,official,https://grandpool.io/pools/bitcoin,confirmed,active,2026-09-14,2026-09-14,Discovered by shallow crawling official website domain grandpool.io.
us.grandpool.io,2027,stratum+tcp,grandpool.io,UNKNOWN,UNKNOWN,USA,official,https://grandpool.io/pools/bitcoin-cash,confirmed,active,2026-09-14,2026-09-14,Discovered by shallow crawling official website domain grandpool.io.
us.grandpool.io,2050,stratum+tcp,grandpool.io,UNKNOWN,UNKNOWN,USA,official,https://grandpool.io/pools/zcash,confirmed,active,2026-09-14,2026-09-14,Discovered by shallow crawling official website domain grandpool.io.
us.grandpool.io,4070,stratum+tcp,grandpool.io,UNKNOWN,UNKNOWN,USA,official,https://grandpool.io/pools/bitcoin,confirmed,active,2026-09-14,2026-09-14,Discovered by shallow crawling official website domain grandpool.io.
stratum.hashforge.online,3333,stratum+tcp,hashforge.online,UNKNOWN,UNKNOWN,Global,official,https://hashforge.online/connect.html,confirmed,active,2026-09-14,2026-09-14,Discovered by shallow crawling official website domain hashforge.online.
stratum.hashforge.online,3336,stratum+tcp,hashforge.online,UNKNOWN,UNKNOWN,Global,official,https://hashforge.online/connect.html,confirmed,active,2026-09-14,2026-09-14,Discovered by shallow crawling official website domain hashforge.online.
stratum.hashforge.online,3341,stratum+tcp,hashforge.online,UNKNOWN,UNKNOWN,Global,official,https://hashforge.online/connect.html,confirmed,active,2026-09-14,2026-09-14,Discovered by shallow crawling official website domain hashforge.online.
stratum.hashforge.online,3345,stratum+tcp,hashforge.online,UNKNOWN,UNKNOWN,Global,official,https://hashforge.online/connect.html,confirmed,active,2026-09-14,2026-09-14,Discovered by shallow crawling official website domain hashforge.online.
stratum.hashforge.online,3351,stratum+tcp,hashforge.online,UNKNOWN,UNKNOWN,Global,official,https://hashforge.online/connect.html,confirmed,active,2026-09-14,2026-09-14,Discovered by shallow crawling official website domain hashforge.online.
stratum.hashnomletz.com,6333,stratum+tcp,hashnomletz.com,UNKNOWN,UNKNOWN,Global,official,https://hashnomletz.com/connect,confirmed,active,2026-09-14,2026-09-14,Discovered by shallow crawling official website domain hashnomletz.com.
stratum.hashnomletz.com,7433,stratum+tcp,hashnomletz.com,UNKNOWN,UNKNOWN,Global,official,https://hashnomletz.com/connect,confirmed,active,2026-09-14,2026-09-14,Discovered by shallow crawling official website domain hashnomletz.com.
stratum.hashnomletz.com,9433,stratum+tcp,hashnomletz.com,UNKNOWN,UNKNOWN,Global,official,https://hashnomletz.com/connect,confirmed,active,2026-09-14,2026-09-14,Discovered by shallow crawling official website domain hashnomletz.com.
stratum.hashnomletz.com,10433,stratum+tcp,hashnomletz.com,UNKNOWN,UNKNOWN,Global,official,https://hashnomletz.com/connect,confirmed,active,2026-09-14,2026-09-14,Discovered by shallow crawling official website domain hashnomletz.com.
stratum.hashnomletz.com,11333,stratum+tcp,hashnomletz.com,UNKNOWN,UNKNOWN,Global,official,https://hashnomletz.com/connect,confirmed,active,2026-09-14,2026-09-14,Discovered by shallow crawling official website domain hashnomletz.com.
stratum.hashpoolpro.com,4666,stratum+tcp,hashpoolpro.com,UNKNOWN,UNKNOWN,Global,official,https://hashpoolpro.com/faq/,confirmed,active,2026-09-14,2026-09-14,Discovered by shallow crawling official website domain hashpoolpro.com.
stratum.hashpoolpro.com,5666,stratum+tcp,hashpoolpro.com,UNKNOWN,UNKNOWN,Global,official,https://hashpoolpro.com/faq/,confirmed,active,2026-09-14,2026-09-14,Discovered by shallow crawling official website domain hashpoolpro.com.
hitablock.com,3333,stratum+tcp,hitablock.com,UNKNOWN,UNKNOWN,Global,official,https://hitablock.com/site/gettingstarted,confirmed,active,2026-09-14,2026-09-14,Discovered by shallow crawling official website domain hitablock.com.
hitablock.com,3334,stratum+tcp,hitablock.com,UNKNOWN,UNKNOWN,Global,official,https://hitablock.com/site/gettingstarted,confirmed,active,2026-09-14,2026-09-14,Discovered by shallow crawling official website domain hitablock.com.
hitablock.com,3337,stratum+tcp,hitablock.com,UNKNOWN,UNKNOWN,Global,official,https://hitablock.com/site/gettingstarted,confirmed,active,2026-09-14,2026-09-14,Discovered by shallow crawling official website domain hitablock.com.
bch.hmpool.io,3334,stratum+tcp,hmpool.io,BCH,SHA-256,Global,official,https://bch.hmpool.io/; https://bch.hmpool.io/index.html,confirmed,active,2026-09-14,2026-09-14,Discovered by shallow crawling official website domain bch.hmpool.io.
bch.hmpool.io,3335,stratum+tcp,hmpool.io,BCH,SHA-256,Global,official,https://bch.hmpool.io/; https://bch.hmpool.io/index.html,confirmed,active,2026-09-14,2026-09-14,Discovered by shallow crawling official website domain bch.hmpool.io.
bch.hmpool.io,3336,stratum+tcp,hmpool.io,BCH,SHA-256,Global,official,https://bch.hmpool.io/; https://bch.hmpool.io/index.html,confirmed,active,2026-09-14,2026-09-14,Discovered by shallow crawling official website domain bch.hmpool.io.
bch.hmpool.io,3337,stratum+tcp,hmpool.io,BCH,SHA-256,Global,official,https://bch.hmpool.io/; https://bch.hmpool.io/index.html,confirmed,active,2026-09-14,2026-09-14,Discovered by shallow crawling official website domain bch.hmpool.io.
bch.hmpool.io,3338,stratum+tcp,hmpool.io,BCH,SHA-256,Global,official,https://bch.hmpool.io/; https://bch.hmpool.io/index.html,confirmed,active,2026-09-14,2026-09-14,Discovered by shallow crawling official website domain bch.hmpool.io.
bch.hmpool.io,3339,stratum+tcp,hmpool.io,BCH,SHA-256,Global,official,https://bch.hmpool.io/; https://bch.hmpool.io/index.html,confirmed,active,2026-09-14,2026-09-14,Discovered by shallow crawling official website domain bch.hmpool.io.
bch.hmpool.io,3340,stratum+tcp,hmpool.io,BCH,SHA-256,Global,official,https://bch.hmpool.io/; https://bch.hmpool.io/index.html,confirmed,active,2026-09-14,2026-09-14,Discovered by shallow crawling official website domain bch.hmpool.io.
eu.bch.hmpool.io,3334,stratum+tcp,hmpool.io,BCH,SHA-256,Europe,official,https://bch.hmpool.io/; https://bch.hmpool.io/index.html,confirmed,active,2026-09-14,2026-09-14,Discovered by shallow crawling official website domain bch.hmpool.io.
eu.bch.hmpool.io,3335,stratum+tcp,hmpool.io,BCH,SHA-256,Europe,official,https://bch.hmpool.io/; https://bch.hmpool.io/index.html,confirmed,active,2026-09-14,2026-09-14,Discovered by shallow crawling official website domain bch.hmpool.io.
eu.bch.hmpool.io,3336,stratum+tcp,hmpool.io,BCH,SHA-256,Europe,official,https://bch.hmpool.io/; https://bch.hmpool.io/index.html,confirmed,active,2026-09-14,2026-09-14,Discovered by shallow crawling official website domain bch.hmpool.io.
eu.bch.hmpool.io,3337,stratum+tcp,hmpool.io,BCH,SHA-256,Europe,official,https://bch.hmpool.io/; https://bch.hmpool.io/index.html,confirmed,active,2026-09-14,2026-09-14,Discovered by shallow crawling official website domain bch.hmpool.io.
eu.bch.hmpool.io,3338,stratum+tcp,hmpool.io,BCH,SHA-256,Europe,official,https://bch.hmpool.io/; https://bch.hmpool.io/index.html,confirmed,active,2026-09-14,2026-09-14,Discovered by shallow crawling official website domain bch.hmpool.io.
eu.bch.hmpool.io,3339,stratum+tcp,hmpool.io,BCH,SHA-256,Europe,official,https://bch.hmpool.io/; https://bch.hmpool.io/index.html,confirmed,active,2026-09-14,2026-09-14,Discovered by shallow crawling official website domain bch.hmpool.io.
eu.bch.hmpool.io,3340,stratum+tcp,hmpool.io,BCH,SHA-256,Europe,official,https://bch.hmpool.io/; https://bch.hmpool.io/index.html,confirmed,active,2026-09-14,2026-09-14,Discovered by shallow crawling official website domain bch.hmpool.io.
btc.hmpool.io,3334,stratum+tcp,hmpool.io,BTC,SHA-256,Global,official,https://hmpool.io/; https://hmpool.io/index.html,confirmed,active,2026-09-14,2026-09-14,Discovered by shallow crawling official website domain hmpool.io.
btc.hmpool.io,3335,stratum+tcp,hmpool.io,BTC,SHA-256,Global,official,https://hmpool.io/; https://hmpool.io/index.html,confirmed,active,2026-09-14,2026-09-14,Discovered by shallow crawling official website domain hmpool.io.
btc.hmpool.io,3336,stratum+tcp,hmpool.io,BTC,SHA-256,Global,official,https://hmpool.io/; https://hmpool.io/index.html,confirmed,active,2026-09-14,2026-09-14,Discovered by shallow crawling official website domain hmpool.io.
btc.hmpool.io,3337,stratum+tcp,hmpool.io,BTC,SHA-256,Global,official,https://hmpool.io/; https://hmpool.io/index.html,confirmed,active,2026-09-14,2026-09-14,Discovered by shallow crawling official website domain hmpool.io.
btc.hmpool.io,3338,stratum+tcp,hmpool.io,BTC,SHA-256,Global,official,https://hmpool.io/; https://hmpool.io/index.html,confirmed,active,2026-09-14,2026-09-14,Discovered by shallow crawling official website domain hmpool.io.
btc.hmpool.io,3339,stratum+tcp,hmpool.io,BTC,SHA-256,Global,official,https://hmpool.io/; https://hmpool.io/index.html,confirmed,active,2026-09-14,2026-09-14,Discovered by shallow crawling official website domain hmpool.io.
btc.hmpool.io,3340,stratum+tcp,hmpool.io,BTC,SHA-256,Global,official,https://hmpool.io/; https://hmpool.io/index.html,confirmed,active,2026-09-14,2026-09-14,Discovered by shallow crawling official website domain hmpool.io.
eu.btc.hmpool.io,3334,stratum+tcp,hmpool.io,BTC,SHA-256,Europe,official,https://hmpool.io/; https://hmpool.io/index.html,confirmed,active,2026-09-14,2026-09-14,Discovered by shallow crawling official website domain hmpool.io.
eu.btc.hmpool.io,3335,stratum+tcp,hmpool.io,BTC,SHA-256,Europe,official,https://hmpool.io/; https://hmpool.io/index.html,confirmed,active,2026-09-14,2026-09-14,Discovered by shallow crawling official website domain hmpool.io.
eu.btc.hmpool.io,3336,stratum+tcp,hmpool.io,BTC,SHA-256,Europe,official,https://hmpool.io/; https://hmpool.io/index.html,confirmed,active,2026-09-14,2026-09-14,Discovered by shallow crawling official website domain hmpool.io.
eu.btc.hmpool.io,3337,stratum+tcp,hmpool.io,BTC,SHA-256,Europe,official,https://hmpool.io/; https://hmpool.io/index.html,confirmed,active,2026-09-14,2026-09-14,Discovered by shallow crawling official website domain hmpool.io.
eu.btc.hmpool.io,3338,stratum+tcp,hmpool.io,BTC,SHA-256,Europe,official,https://hmpool.io/; https://hmpool.io/index.html,confirmed,active,2026-09-14,2026-09-14,Discovered by shallow crawling official website domain hmpool.io.
eu.btc.hmpool.io,3339,stratum+tcp,hmpool.io,BTC,SHA-256,Europe,official,https://hmpool.io/; https://hmpool.io/index.html,confirmed,active,2026-09-14,2026-09-14,Discovered by shallow crawling official website domain hmpool.io.
eu.btc.hmpool.io,3340,stratum+tcp,hmpool.io,BTC,SHA-256,Europe,official,https://hmpool.io/; https://hmpool.io/index.html,confirmed,active,2026-09-14,2026-09-14,Discovered by shallow crawling official website domain hmpool.io.
digi.hmpool.io,3334,stratum+tcp,hmpool.io,UNKNOWN,UNKNOWN,Global,official,https://digi.hmpool.io/; https://digi.hmpool.io/index.html,confirmed,active,2026-09-14,2026-09-14,Discovered by shallow crawling official website domain digi.hmpool.io.
digi.hmpool.io,3335,stratum+tcp,hmpool.io,UNKNOWN,UNKNOWN,Global,official,https://digi.hmpool.io/; https://digi.hmpool.io/index.html,confirmed,active,2026-09-14,2026-09-14,Discovered by shallow crawling official website domain digi.hmpool.io.
digi.hmpool.io,3336,stratum+tcp,hmpool.io,UNKNOWN,UNKNOWN,Global,official,https://digi.hmpool.io/; https://digi.hmpool.io/index.html,confirmed,active,2026-09-14,2026-09-14,Discovered by shallow crawling official website domain digi.hmpool.io.
digi.hmpool.io,3337,stratum+tcp,hmpool.io,UNKNOWN,UNKNOWN,Global,official,https://digi.hmpool.io/; https://digi.hmpool.io/index.html,confirmed,active,2026-09-14,2026-09-14,Discovered by shallow crawling official website domain digi.hmpool.io.
digi.hmpool.io,3338,stratum+tcp,hmpool.io,UNKNOWN,UNKNOWN,Global,official,https://digi.hmpool.io/; https://digi.hmpool.io/index.html,confirmed,active,2026-09-14,2026-09-14,Discovered by shallow crawling official website domain digi.hmpool.io.
digi.hmpool.io,3339,stratum+tcp,hmpool.io,UNKNOWN,UNKNOWN,Global,official,https://digi.hmpool.io/; https://digi.hmpool.io/index.html,confirmed,active,2026-09-14,2026-09-14,Discovered by shallow crawling official website domain digi.hmpool.io.
digi.hmpool.io,3340,stratum+tcp,hmpool.io,UNKNOWN,UNKNOWN,Global,official,https://digi.hmpool.io/; https://digi.hmpool.io/index.html,confirmed,active,2026-09-14,2026-09-14,Discovered by shallow crawling official website domain digi.hmpool.io.
eu.digi.hmpool.io,3334,stratum+tcp,hmpool.io,UNKNOWN,UNKNOWN,Europe,official,https://digi.hmpool.io/; https://digi.hmpool.io/index.html,confirmed,active,2026-09-14,2026-09-14,Discovered by shallow crawling official website domain digi.hmpool.io.
eu.digi.hmpool.io,3335,stratum+tcp,hmpool.io,UNKNOWN,UNKNOWN,Europe,official,https://digi.hmpool.io/; https://digi.hmpool.io/index.html,confirmed,active,2026-09-14,2026-09-14,Discovered by shallow crawling official website domain digi.hmpool.io.
eu.digi.hmpool.io,3336,stratum+tcp,hmpool.io,UNKNOWN,UNKNOWN,Europe,official,https://digi.hmpool.io/; https://digi.hmpool.io/index.html,confirmed,active,2026-09-14,2026-09-14,Discovered by shallow crawling official website domain digi.hmpool.io.
eu.digi.hmpool.io,3337,stratum+tcp,hmpool.io,UNKNOWN,UNKNOWN,Europe,official,https://digi.hmpool.io/; https://digi.hmpool.io/index.html,confirmed,active,2026-09-14,2026-09-14,Discovered by shallow crawling official website domain digi.hmpool.io.
eu.digi.hmpool.io,3338,stratum+tcp,hmpool.io,UNKNOWN,UNKNOWN,Europe,official,https://digi.hmpool.io/; https://digi.hmpool.io/index.html,confirmed,active,2026-09-14,2026-09-14,Discovered by shallow crawling official website domain digi.hmpool.io.
eu.digi.hmpool.io,3339,stratum+tcp,hmpool.io,UNKNOWN,UNKNOWN,Europe,official,https://digi.hmpool.io/; https://digi.hmpool.io/index.html,confirmed,active,2026-09-14,2026-09-14,Discovered by shallow crawling official website domain digi.hmpool.io.
eu.digi.hmpool.io,3340,stratum+tcp,hmpool.io,UNKNOWN,UNKNOWN,Europe,official,https://digi.hmpool.io/; https://digi.hmpool.io/index.html,confirmed,active,2026-09-14,2026-09-14,Discovered by shallow crawling official website domain digi.hmpool.io.
xec.hmpool.io,3334,stratum+tcp,hmpool.io,XEC,SHA-256,Global,official,https://xec.hmpool.io/; https://xec.hmpool.io/index.html,confirmed,active,2026-09-14,2026-09-14,Discovered by shallow crawling official website domain xec.hmpool.io.
xec.hmpool.io,3335,stratum+tcp,hmpool.io,XEC,SHA-256,Global,official,https://xec.hmpool.io/; https://xec.hmpool.io/index.html,confirmed,active,2026-09-14,2026-09-14,Discovered by shallow crawling official website domain xec.hmpool.io.
xec.hmpool.io,3336,stratum+tcp,hmpool.io,XEC,SHA-256,Global,official,https://xec.hmpool.io/; https://xec.hmpool.io/index.html,confirmed,active,2026-09-14,2026-09-14,Discovered by shallow crawling official website domain xec.hmpool.io.
xec.hmpool.io,3337,stratum+tcp,hmpool.io,XEC,SHA-256,Global,official,https://xec.hmpool.io/; https://xec.hmpool.io/index.html,confirmed,active,2026-09-14,2026-09-14,Discovered by shallow crawling official website domain xec.hmpool.io.
xec.hmpool.io,3338,stratum+tcp,hmpool.io,XEC,SHA-256,Global,official,https://xec.hmpool.io/; https://xec.hmpool.io/index.html,confirmed,active,2026-09-14,2026-09-14,Discovered by shallow crawling official website domain xec.hmpool.io.
xec.hmpool.io,3339,stratum+tcp,hmpool.io,XEC,SHA-256,Global,official,https://xec.hmpool.io/; https://xec.hmpool.io/index.html,confirmed,active,2026-09-14,2026-09-14,Discovered by shallow crawling official website domain xec.hmpool.io.
xec.hmpool.io,3340,stratum+tcp,hmpool.io,XEC,SHA-256,Global,official,https://xec.hmpool.io/; https://xec.hmpool.io/index.html,confirmed,active,2026-09-14,2026-09-14,Discovered by shallow crawling official website domain xec.hmpool.io.
alph.us1.humpool.com,12581,stratum+tcp,humpool.com,ALPH,Blake3,USA,official,https://kas.humpool.com/pool/help,confirmed,active,2026-09-14,2026-09-14,Discovered by shallow crawling official website domain kas.humpool.com.
kas.asia1.humpool.com,18081,stratum+tcp,humpool.com,KAS,kHeavyHash,Asia,official,https://kas.humpool.com/; https://kas.humpool.com/pool/help,confirmed,active,2026-09-14,2026-09-14,Discovered by shallow crawling official website domain kas.humpool.com.
kas.asia1.humpool.com,18083,stratum+tcp,humpool.com,KAS,kHeavyHash,Asia,official,https://kas.humpool.com/; https://kas.humpool.com/pool/help,confirmed,active,2026-09-14,2026-09-14,Discovered by shallow crawling official website domain kas.humpool.com.
kas.eu1.humpool.com,18081,stratum+tcp,humpool.com,KAS,kHeavyHash,Europe,official,https://kas.humpool.com/; https://kas.humpool.com/pool/help,confirmed,active,2026-09-14,2026-09-14,Discovered by shallow crawling official website domain kas.humpool.com.
kas.eu1.humpool.com,18082,stratum+ssl,humpool.com,KAS,kHeavyHash,Europe,official,https://kas.humpool.com/; https://kas.humpool.com/pool/help,confirmed,active,2026-09-14,2026-09-14,Discovered by shallow crawling official website domain kas.humpool.com.
kas.eu1.humpool.com,18083,stratum+tcp,humpool.com,KAS,kHeavyHash,Europe,official,https://kas.humpool.com/; https://kas.humpool.com/pool/help,confirmed,active,2026-09-14,2026-09-14,Discovered by shallow crawling official website domain kas.humpool.com.
kas.us1.humpool.com,18081,stratum+tcp,humpool.com,KAS,kHeavyHash,USA,official,https://kas.humpool.com/; https://kas.humpool.com/pool/help,confirmed,active,2026-09-14,2026-09-14,Discovered by shallow crawling official website domain kas.humpool.com.
kas.us1.humpool.com,18082,stratum+ssl,humpool.com,KAS,kHeavyHash,USA,official,https://kas.humpool.com/; https://kas.humpool.com/pool/help,confirmed,active,2026-09-14,2026-09-14,Discovered by shallow crawling official website domain kas.humpool.com.
kas.us1.humpool.com,18083,stratum+tcp,humpool.com,KAS,kHeavyHash,USA,official,https://kas.humpool.com/; https://kas.humpool.com/pool/help,confirmed,active,2026-09-14,2026-09-14,Discovered by shallow crawling official website domain kas.humpool.com.
gram.eu1.humpool.com,14581,stratum+tcp,humpool.com,UNKNOWN,UNKNOWN,Europe,official,https://kas.humpool.com/pool/help,confirmed,active,2026-09-14,2026-09-14,Discovered by shallow crawling official website domain kas.humpool.com.
iron.asia1.humpool.com,13800,stratum+tcp,humpool.com,UNKNOWN,UNKNOWN,Asia,official,https://kas.humpool.com/pool/help,confirmed,active,2026-09-14,2026-09-14,Discovered by shallow crawling official website domain kas.humpool.com.
iron.eu1.humpool.com,13800,stratum+tcp,humpool.com,UNKNOWN,UNKNOWN,Europe,official,https://kas.humpool.com/pool/help,confirmed,active,2026-09-14,2026-09-14,Discovered by shallow crawling official website domain kas.humpool.com.
iron.us1.humpool.com,13800,stratum+tcp,humpool.com,UNKNOWN,UNKNOWN,USA,official,https://kas.humpool.com/pool/help,confirmed,active,2026-09-14,2026-09-14,Discovered by shallow crawling official website domain kas.humpool.com.
kls.asia1.humpool.com,12800,stratum+tcp,humpool.com,UNKNOWN,UNKNOWN,Asia,official,https://kas.humpool.com/pool/help,confirmed,active,2026-09-14,2026-09-14,Discovered by shallow crawling official website domain kas.humpool.com.
rxd.us1.humpool.com,11800,stratum+tcp,humpool.com,UNKNOWN,UNKNOWN,USA,official,https://kas.humpool.com/pool/help,confirmed,active,2026-09-14,2026-09-14,Discovered by shallow crawling official website domain kas.humpool.com.
epic.iniaku.my.id,3334,stratum+tcp,iniaku.my.id,UNKNOWN,UNKNOWN,Global,official,https://epic.iniaku.my.id/,confirmed,active,2026-09-14,2026-09-14,Discovered by shallow crawling official website domain epic.iniaku.my.id.
epic.iniaku.my.id,3414,stratum+tcp,iniaku.my.id,UNKNOWN,UNKNOWN,Global,official,https://epic.iniaku.my.id/,confirmed,active,2026-09-14,2026-09-14,Discovered by shallow crawling official website domain epic.iniaku.my.id.
verus.iniaku.my.id,3335,stratum+tcp,iniaku.my.id,UNKNOWN,UNKNOWN,USA,official,https://verus.iniaku.my.id/,confirmed,active,2026-09-14,2026-09-14,Discovered by shallow crawling official website domain verus.iniaku.my.id.
verus.iniaku.my.id,3336,stratum+tcp,iniaku.my.id,UNKNOWN,UNKNOWN,USA,official,https://verus.iniaku.my.id/,confirmed,active,2026-09-14,2026-09-14,Discovered by shallow crawling official website domain verus.iniaku.my.id.
inipool.org,4444,stratum+tcp,inipool.org,UNKNOWN,UNKNOWN,Global,official,https://nexa-solo.inipool.org/,confirmed,active,2026-09-14,2026-09-14,Discovered by shallow crawling official website domain nexa-solo.inipool.org.
jsmining.site,5566,stratum+tcp,jsmining.site,UNKNOWN,UNKNOWN,Global,official,https://jsmining.site/sedra.html,confirmed,active,2026-09-14,2026-09-14,Discovered by shallow crawling official website domain jsmining.site.
stratum.jsmining.site,8888,stratum+tcp,jsmining.site,UNKNOWN,UNKNOWN,Global,official,https://jsmining.site/kaspa.html,confirmed,active,2026-09-14,2026-09-14,Discovered by shallow crawling official website domain jsmining.site.
cn.ethw.k1pool.com,7686,stratum+tcp,k1pool.com,ETHW,Ethash,Global,official,https://k1pool.com/pool/ethw,confirmed,active,2026-09-14,2026-09-14,Discovered by shallow crawling official website domain k1pool.com.
cn.ethw.k1pool.com,7689,stratum+tcp,k1pool.com,ETHW,Ethash,Global,official,https://k1pool.com/pool/ethw,confirmed,active,2026-09-14,2026-09-14,Discovered by shallow crawling official website domain k1pool.com.
cn.ethw.k1pool.com,7691,stratum+tcp,k1pool.com,ETHW,Ethash,Global,official,https://k1pool.com/pool/ethw,confirmed,active,2026-09-14,2026-09-14,Discovered by shallow crawling official website domain k1pool.com.
eu.ethw.k1pool.com,7686,stratum+tcp,k1pool.com,ETHW,Ethash,Europe,official,https://k1pool.com/pool/ethw,confirmed,active,2026-09-14,2026-09-14,Discovered by shallow crawling official website domain k1pool.com.
eu.ethw.k1pool.com,7689,stratum+tcp,k1pool.com,ETHW,Ethash,Europe,official,https://k1pool.com/pool/ethw,confirmed,active,2026-09-14,2026-09-14,Discovered by shallow crawling official website domain k1pool.com.
eu.ethw.k1pool.com,7691,stratum+tcp,k1pool.com,ETHW,Ethash,Europe,official,https://k1pool.com/pool/ethw,confirmed,active,2026-09-14,2026-09-14,Discovered by shallow crawling official website domain k1pool.com.
us.ethw.k1pool.com,7686,stratum+tcp,k1pool.com,ETHW,Ethash,USA,official,https://k1pool.com/pool/ethw,confirmed,active,2026-09-14,2026-09-14,Discovered by shallow crawling official website domain k1pool.com.
us.ethw.k1pool.com,7689,stratum+tcp,k1pool.com,ETHW,Ethash,USA,official,https://k1pool.com/pool/ethw,confirmed,active,2026-09-14,2026-09-14,Discovered by shallow crawling official website domain k1pool.com.
us.ethw.k1pool.com,7691,stratum+tcp,k1pool.com,ETHW,Ethash,USA,official,https://k1pool.com/pool/ethw,confirmed,active,2026-09-14,2026-09-14,Discovered by shallow crawling official website domain k1pool.com.
cn.ethash.k1pool.com,5000,stratum+tcp,k1pool.com,UNKNOWN,UNKNOWN,Global,official,https://k1pool.com/pool/ethw; https://k1pool.com/pool/ethwsolo,confirmed,active,2026-09-14,2026-09-14,Discovered by shallow crawling official website domain k1pool.com.
cn.ethash.k1pool.com,5001,stratum+tcp,k1pool.com,UNKNOWN,UNKNOWN,Global,official,https://k1pool.com/pool/ethw; https://k1pool.com/pool/ethwsolo,confirmed,active,2026-09-14,2026-09-14,Discovered by shallow crawling official website domain k1pool.com.
cn.ethwsolo.k1pool.com,7687,stratum+tcp,k1pool.com,UNKNOWN,UNKNOWN,Global,official,https://k1pool.com/pool/ethwsolo,confirmed,active,2026-09-14,2026-09-14,Discovered by shallow crawling official website domain k1pool.com.
cn.ethwsolo.k1pool.com,7693,stratum+tcp,k1pool.com,UNKNOWN,UNKNOWN,Global,official,https://k1pool.com/pool/ethwsolo,confirmed,active,2026-09-14,2026-09-14,Discovered by shallow crawling official website domain k1pool.com.
cn.ethwsolo.k1pool.com,7694,stratum+tcp,k1pool.com,UNKNOWN,UNKNOWN,Global,official,https://k1pool.com/pool/ethwsolo,confirmed,active,2026-09-14,2026-09-14,Discovered by shallow crawling official website domain k1pool.com.
eu.ethash.k1pool.com,5000,stratum+tcp,k1pool.com,UNKNOWN,UNKNOWN,Europe,official,https://k1pool.com/pool/ethw; https://k1pool.com/pool/ethwsolo,confirmed,active,2026-09-14,2026-09-14,Discovered by shallow crawling official website domain k1pool.com.
eu.ethash.k1pool.com,5001,stratum+tcp,k1pool.com,UNKNOWN,UNKNOWN,Europe,official,https://k1pool.com/pool/ethw; https://k1pool.com/pool/ethwsolo,confirmed,active,2026-09-14,2026-09-14,Discovered by shallow crawling official website domain k1pool.com.
eu.ethwsolo.k1pool.com,7687,stratum+tcp,k1pool.com,UNKNOWN,UNKNOWN,Europe,official,https://k1pool.com/pool/ethwsolo,confirmed,active,2026-09-14,2026-09-14,Discovered by shallow crawling official website domain k1pool.com.
eu.ethwsolo.k1pool.com,7693,stratum+tcp,k1pool.com,UNKNOWN,UNKNOWN,Europe,official,https://k1pool.com/pool/ethwsolo,confirmed,active,2026-09-14,2026-09-14,Discovered by shallow crawling official website domain k1pool.com.
eu.ethwsolo.k1pool.com,7694,stratum+tcp,k1pool.com,UNKNOWN,UNKNOWN,Europe,official,https://k1pool.com/pool/ethwsolo,confirmed,active,2026-09-14,2026-09-14,Discovered by shallow crawling official website domain k1pool.com.
us.ethash.k1pool.com,5000,stratum+tcp,k1pool.com,UNKNOWN,UNKNOWN,USA,official,https://k1pool.com/pool/ethw; https://k1pool.com/pool/ethwsolo,confirmed,active,2026-09-14,2026-09-14,Discovered by shallow crawling official website domain k1pool.com.
us.ethash.k1pool.com,5001,stratum+tcp,k1pool.com,UNKNOWN,UNKNOWN,USA,official,https://k1pool.com/pool/ethw; https://k1pool.com/pool/ethwsolo,confirmed,active,2026-09-14,2026-09-14,Discovered by shallow crawling official website domain k1pool.com.
us.ethwsolo.k1pool.com,7687,stratum+tcp,k1pool.com,UNKNOWN,UNKNOWN,USA,official,https://k1pool.com/pool/ethwsolo,confirmed,active,2026-09-14,2026-09-14,Discovered by shallow crawling official website domain k1pool.com.
us.ethwsolo.k1pool.com,7693,stratum+tcp,k1pool.com,UNKNOWN,UNKNOWN,USA,official,https://k1pool.com/pool/ethwsolo,confirmed,active,2026-09-14,2026-09-14,Discovered by shallow crawling official website domain k1pool.com.
us.ethwsolo.k1pool.com,7694,stratum+tcp,k1pool.com,UNKNOWN,UNKNOWN,USA,official,https://k1pool.com/pool/ethwsolo,confirmed,active,2026-09-14,2026-09-14,Discovered by shallow crawling official website domain k1pool.com.
lbrypool.net,3334,stratum+tcp,lbrypool.net,UNKNOWN,UNKNOWN,Global,official,https://lbrypool.net/,confirmed,active,2026-09-14,2026-09-14,Discovered by shallow crawling official website domain lbrypool.net.
eu.litesolo.org,3333,stratum+tcp,litesolo.org,UNKNOWN,UNKNOWN,Europe,official,https://litesolo.org/; https://litesolo.org/#faq,confirmed,active,2026-09-14,2026-09-14,Discovered by shallow crawling official website domain litesolo.org.
us.litesolo.org,3333,stratum+tcp,litesolo.org,UNKNOWN,UNKNOWN,USA,official,https://litesolo.org/; https://litesolo.org/#faq,confirmed,active,2026-09-14,2026-09-14,Discovered by shallow crawling official website domain litesolo.org.
lmwpool.cloud,3333,stratum+tcp,lmwpool.com,UNKNOWN,UNKNOWN,Global,official,https://lmwpool.cloud/,confirmed,active,2026-09-14,2026-09-14,Discovered by shallow crawling official website domain lmwpool.cloud.
lmwpool.cloud,4444,stratum+tcp,lmwpool.com,UNKNOWN,UNKNOWN,Global,official,https://lmwpool.cloud/,confirmed,active,2026-09-14,2026-09-14,Discovered by shallow crawling official website domain lmwpool.cloud.
lmwpool.cloud,5555,stratum+tcp,lmwpool.com,UNKNOWN,UNKNOWN,Global,official,https://lmwpool.cloud/,confirmed,active,2026-09-14,2026-09-14,Discovered by shallow crawling official website domain lmwpool.cloud.
lmwpool.com,3333,stratum+tcp,lmwpool.com,UNKNOWN,UNKNOWN,Global,official,https://btc.lmwpool.com/,confirmed,active,2026-09-14,2026-09-14,Discovered by shallow crawling official website domain btc.lmwpool.com.
lmwpool.com,4444,stratum+tcp,lmwpool.com,UNKNOWN,UNKNOWN,Global,official,https://btc.lmwpool.com/,confirmed,active,2026-09-14,2026-09-14,Discovered by shallow crawling official website domain btc.lmwpool.com.
lmwpool.com,5555,stratum+tcp,lmwpool.com,UNKNOWN,UNKNOWN,Global,official,https://btc.lmwpool.com/,confirmed,active,2026-09-14,2026-09-14,Discovered by shallow crawling official website domain btc.lmwpool.com.
xec.lmwpool.com,7333,stratum+tcp,lmwpool.com,XEC,SHA-256,Global,official,https://xec.lmwpool.com/,confirmed,active,2026-09-14,2026-09-14,Discovered by shallow crawling official website domain xec.lmwpool.com.
xec.lmwpool.com,7444,stratum+tcp,lmwpool.com,XEC,SHA-256,Global,official,https://xec.lmwpool.com/,confirmed,active,2026-09-14,2026-09-14,Discovered by shallow crawling official website domain xec.lmwpool.com.
pool.luckypepe.org,3333,stratum+tcp,luckypepe.org,UNKNOWN,UNKNOWN,Global,official,https://pool.luckypepe.org/getting_started,confirmed,active,2026-09-14,2026-09-14,Discovered by shallow crawling official website domain pool.luckypepe.org.
mining-zeny.mdpool.info,6960,stratum+tcp,mdpool.info,UNKNOWN,UNKNOWN,Global,official,http://n-zeny.mdpool.info/,confirmed,active,2026-09-14,2026-09-14,Discovered by shallow crawling official website domain n-zeny.mdpool.info.
mining-zeny.mdpool.info,6961,stratum+tcp,mdpool.info,UNKNOWN,UNKNOWN,Global,official,http://n-zeny.mdpool.info/; http://n-zeny.mdpool.info/index.php?page=gettingstarted,confirmed,active,2026-09-14,2026-09-14,Discovered by shallow crawling official website domain n-zeny.mdpool.info.
mining-zeny.mdpool.info,6962,stratum+tcp,mdpool.info,UNKNOWN,UNKNOWN,Global,official,http://n-zeny.mdpool.info/,confirmed,active,2026-09-14,2026-09-14,Discovered by shallow crawling official website domain n-zeny.mdpool.info.
mining-zeny.mdpool.info,6969,stratum+tcp,mdpool.info,UNKNOWN,UNKNOWN,Global,official,http://n-zeny.mdpool.info/,confirmed,active,2026-09-14,2026-09-14,Discovered by shallow crawling official website domain n-zeny.mdpool.info.
stratum.minepoolis.com,4400,stratum+tcp,minepoolis.com,UNKNOWN,UNKNOWN,Global,official,https://minepoolis.com/; https://minepoolis.com/#pools; https://minepoolis.com/#setup; https://minepoolis.com/site/mining/BTC,confirmed,active,2026-09-14,2026-09-14,Discovered by shallow crawling official website domain minepoolis.com.
stratum.minepoolis.com,4401,stratum+tcp,minepoolis.com,UNKNOWN,UNKNOWN,Global,official,https://minepoolis.com/; https://minepoolis.com/#pools; https://minepoolis.com/#setup; https://minepoolis.com/site/mining/BTC,confirmed,active,2026-09-14,2026-09-14,Discovered by shallow crawling official website domain minepoolis.com.
stratum.minepoolis.com,4402,stratum+tcp,minepoolis.com,UNKNOWN,UNKNOWN,Global,official,https://minepoolis.com/; https://minepoolis.com/#pools; https://minepoolis.com/#setup; https://minepoolis.com/site/mining/BTC,confirmed,active,2026-09-14,2026-09-14,Discovered by shallow crawling official website domain minepoolis.com.
minersha.com,3340,stratum+tcp,minersha.com,UNKNOWN,UNKNOWN,Global,official,https://minersha.com/Home/Miner?PoolID=BGCO,confirmed,active,2026-09-14,2026-09-14,Discovered by shallow crawling official website domain minersha.com.
minersha.com,3341,stratum+tcp,minersha.com,UNKNOWN,UNKNOWN,Global,official,https://minersha.com/Home/Miner?PoolID=BGCOSOLO,confirmed,active,2026-09-14,2026-09-14,Discovered by shallow crawling official website domain minersha.com.
mining-mars.com,3433,stratum+tcp,mining-mars.com,UNKNOWN,UNKNOWN,Global,official,https://mining-mars.com/; https://mining-mars.com/pool; https://mining-mars.com/miners; https://mining-mars.com/start,confirmed,active,2026-09-14,2026-09-14,Discovered by shallow crawling official website domain mining-mars.com.
hub.miningpoolhub.com,20534,stratum+tcp,miningpoolhub.com,UNKNOWN,UNKNOWN,Global,official,https://vertcoin.miningpoolhub.com/,confirmed,active,2026-09-14,2026-09-14,Discovered by shallow crawling official website domain vertcoin.miningpoolhub.com.
hub.miningpoolhub.com,20550,stratum+tcp,miningpoolhub.com,UNKNOWN,UNKNOWN,Global,official,https://expanse.miningpoolhub.com/,confirmed,active,2026-09-14,2026-09-14,Discovered by shallow crawling official website domain expanse.miningpoolhub.com.
koto.mofumofu.me,3301,stratum+tcp,mofumofu.me,UNKNOWN,UNKNOWN,Global,official,https://koto.mofumofu.me/; https://koto.mofumofu.me/getting_started,confirmed,active,2026-09-14,2026-09-14,Discovered by shallow crawling official website domain koto.mofumofu.me.
koto.mofumofu.me,3302,stratum+tcp,mofumofu.me,UNKNOWN,UNKNOWN,Global,official,https://koto.mofumofu.me/; https://koto.mofumofu.me/getting_started,confirmed,active,2026-09-14,2026-09-14,Discovered by shallow crawling official website domain koto.mofumofu.me.
koto.mofumofu.me,3303,stratum+tcp,mofumofu.me,UNKNOWN,UNKNOWN,Global,official,https://koto.mofumofu.me/; https://koto.mofumofu.me/getting_started,confirmed,active,2026-09-14,2026-09-14,Discovered by shallow crawling official website domain koto.mofumofu.me.
koto.mofumofu.me,3304,stratum+tcp,mofumofu.me,UNKNOWN,UNKNOWN,Global,official,https://koto.mofumofu.me/; https://koto.mofumofu.me/getting_started,confirmed,active,2026-09-14,2026-09-14,Discovered by shallow crawling official website domain koto.mofumofu.me.
stratum.mofumofu.me,3351,stratum+tcp,mofumofu.me,UNKNOWN,UNKNOWN,Global,official,https://nomp.mofumofu.me/,confirmed,active,2026-09-14,2026-09-14,Discovered by shallow crawling official website domain nomp.mofumofu.me.
stratum.mofumofu.me,3352,stratum+tcp,mofumofu.me,UNKNOWN,UNKNOWN,Global,official,https://nomp.mofumofu.me/,confirmed,active,2026-09-14,2026-09-14,Discovered by shallow crawling official website domain nomp.mofumofu.me.
stratum.mofumofu.me,3353,stratum+tcp,mofumofu.me,UNKNOWN,UNKNOWN,Global,official,https://nomp.mofumofu.me/,confirmed,active,2026-09-14,2026-09-14,Discovered by shallow crawling official website domain nomp.mofumofu.me.
stratum.mofumofu.me,3354,stratum+tcp,mofumofu.me,UNKNOWN,UNKNOWN,Global,official,https://nomp.mofumofu.me/,confirmed,active,2026-09-14,2026-09-14,Discovered by shallow crawling official website domain nomp.mofumofu.me.
stratum.mofumofu.me,3391,stratum+tcp,mofumofu.me,UNKNOWN,UNKNOWN,Global,official,https://nomp.mofumofu.me/,confirmed,active,2026-09-14,2026-09-14,Discovered by shallow crawling official website domain nomp.mofumofu.me.
stratum.mofumofu.me,3392,stratum+tcp,mofumofu.me,UNKNOWN,UNKNOWN,Global,official,https://nomp.mofumofu.me/,confirmed,active,2026-09-14,2026-09-14,Discovered by shallow crawling official website domain nomp.mofumofu.me.
stratum.mofumofu.me,3393,stratum+tcp,mofumofu.me,UNKNOWN,UNKNOWN,Global,official,https://nomp.mofumofu.me/,confirmed,active,2026-09-14,2026-09-14,Discovered by shallow crawling official website domain nomp.mofumofu.me.
stratum.mofumofu.me,3394,stratum+tcp,mofumofu.me,UNKNOWN,UNKNOWN,Global,official,https://nomp.mofumofu.me/,confirmed,active,2026-09-14,2026-09-14,Discovered by shallow crawling official website domain nomp.mofumofu.me.
susu.mofumofu.me,3341,stratum+tcp,mofumofu.me,UNKNOWN,UNKNOWN,Global,official,https://susu.mofumofu.me/; https://susu.mofumofu.me/getting_started,confirmed,active,2026-09-14,2026-09-14,Discovered by shallow crawling official website domain susu.mofumofu.me.
susu.mofumofu.me,3342,stratum+tcp,mofumofu.me,UNKNOWN,UNKNOWN,Global,official,https://susu.mofumofu.me/; https://susu.mofumofu.me/getting_started,confirmed,active,2026-09-14,2026-09-14,Discovered by shallow crawling official website domain susu.mofumofu.me.
susu.mofumofu.me,3343,stratum+tcp,mofumofu.me,UNKNOWN,UNKNOWN,Global,official,https://susu.mofumofu.me/; https://susu.mofumofu.me/getting_started,confirmed,active,2026-09-14,2026-09-14,Discovered by shallow crawling official website domain susu.mofumofu.me.
susu.mofumofu.me,3344,stratum+tcp,mofumofu.me,UNKNOWN,UNKNOWN,Global,official,https://susu.mofumofu.me/; https://susu.mofumofu.me/getting_started,confirmed,active,2026-09-14,2026-09-14,Discovered by shallow crawling official website domain susu.mofumofu.me.
susu.mofumofu.me,3345,stratum+tcp,mofumofu.me,UNKNOWN,UNKNOWN,Global,official,https://susu.mofumofu.me/; https://susu.mofumofu.me/getting_started,confirmed,active,2026-09-14,2026-09-14,Discovered by shallow crawling official website domain susu.mofumofu.me.
zny.mofumofu.me,3331,stratum+tcp,mofumofu.me,UNKNOWN,UNKNOWN,Global,official,https://zny.mofumofu.me/,confirmed,active,2026-09-14,2026-09-14,Discovered by shallow crawling official website domain zny.mofumofu.me.
zny.mofumofu.me,3332,stratum+tcp,mofumofu.me,UNKNOWN,UNKNOWN,Global,official,https://zny.mofumofu.me/,confirmed,active,2026-09-14,2026-09-14,Discovered by shallow crawling official website domain zny.mofumofu.me.
zny.mofumofu.me,3333,stratum+tcp,mofumofu.me,UNKNOWN,UNKNOWN,Global,official,https://zny.mofumofu.me/,confirmed,active,2026-09-14,2026-09-14,Discovered by shallow crawling official website domain zny.mofumofu.me.
zny.mofumofu.me,3334,stratum+tcp,mofumofu.me,UNKNOWN,UNKNOWN,Global,official,https://zny.mofumofu.me/,confirmed,active,2026-09-14,2026-09-14,Discovered by shallow crawling official website domain zny.mofumofu.me.
solo.mouse1.io,3333,stratum+tcp,mouse1.io,UNKNOWN,UNKNOWN,Global,official,https://pool.mouse1.io/,confirmed,active,2026-09-14,2026-09-14,Discovered by shallow crawling official website domain pool.mouse1.io.
stratum.mouse1.io,4444,stratum+tcp,mouse1.io,UNKNOWN,UNKNOWN,Global,official,https://pool.mouse1.io/,confirmed,active,2026-09-14,2026-09-14,Discovered by shallow crawling official website domain pool.mouse1.io.
mining.junkhdd.com,4432,stratum+tcp,night-rescue.com,UNKNOWN,UNKNOWN,Global,official,https://www.night-rescue.com/,confirmed,active,2026-09-14,2026-09-14,Discovered by shallow crawling official website domain night-rescue.com.
mining.junkhdd.com,4436,stratum+tcp,night-rescue.com,UNKNOWN,UNKNOWN,Global,official,https://www.night-rescue.com/,confirmed,active,2026-09-14,2026-09-14,Discovered by shallow crawling official website domain night-rescue.com.
www.night-rescue.com,3333,stratum+tcp,night-rescue.com,UNKNOWN,UNKNOWN,Global,official,https://www.night-rescue.com/,confirmed,active,2026-09-14,2026-09-14,Discovered by shallow crawling official website domain night-rescue.com.
www.night-rescue.com,4430,stratum+tcp,night-rescue.com,UNKNOWN,UNKNOWN,Global,official,https://www.night-rescue.com/,confirmed,active,2026-09-14,2026-09-14,Discovered by shallow crawling official website domain night-rescue.com.
nesp.me,3334,stratum+tcp,northeastsolopools.com,UNKNOWN,UNKNOWN,Global,official,https://bch.northeastsolopools.com/,confirmed,active,2026-09-14,2026-09-14,Discovered by shallow crawling official website domain bch.northeastsolopools.com.
bch.onpool.net,4444,stratum+tcp,onpool.net,BCH,SHA-256,Global,official,https://onpool.net/; https://onpool.net/getting_started; https://onpool.net/miner_stats; https://onpool.net/support,confirmed,active,2026-09-14,2026-09-14,Discovered by shallow crawling official website domain onpool.net.
bch.onpool.net,4445,stratum+tcp,onpool.net,BCH,SHA-256,Global,official,https://onpool.net/; https://onpool.net/getting_started; https://onpool.net/miner_stats; https://onpool.net/support,confirmed,active,2026-09-14,2026-09-14,Discovered by shallow crawling official website domain onpool.net.
btc.onpool.net,3333,stratum+tcp,onpool.net,BTC,SHA-256,Global,official,https://onpool.net/; https://onpool.net/getting_started; https://onpool.net/miner_stats; https://onpool.net/support,confirmed,active,2026-09-14,2026-09-14,Discovered by shallow crawling official website domain onpool.net.
btc.onpool.net,3334,stratum+tcp,onpool.net,BTC,SHA-256,Global,official,https://onpool.net/; https://onpool.net/getting_started; https://onpool.net/miner_stats; https://onpool.net/support,confirmed,active,2026-09-14,2026-09-14,Discovered by shallow crawling official website domain onpool.net.
btc.onpool.net,3346,stratum+tcp,onpool.net,BTC,SHA-256,Global,official,https://onpool.net/,confirmed,active,2026-09-14,2026-09-14,Discovered by shallow crawling official website domain onpool.net.
btc.onpool.net,3356,stratum+tcp,onpool.net,BTC,SHA-256,Global,official,https://onpool.net/,confirmed,active,2026-09-14,2026-09-14,Discovered by shallow crawling official website domain onpool.net.
btc.onpool.net,3367,stratum+tcp,onpool.net,BTC,SHA-256,Global,official,https://onpool.net/,confirmed,active,2026-09-14,2026-09-14,Discovered by shallow crawling official website domain onpool.net.
btc.onpool.net,3376,stratum+tcp,onpool.net,BTC,SHA-256,Global,official,https://onpool.net/,confirmed,active,2026-09-14,2026-09-14,Discovered by shallow crawling official website domain onpool.net.
btc.onpool.net,3389,stratum+tcp,onpool.net,BTC,SHA-256,Global,official,https://onpool.net/,confirmed,active,2026-09-14,2026-09-14,Discovered by shallow crawling official website domain onpool.net.
ltc.onpool.net,5555,stratum+tcp,onpool.net,LTC,Scrypt,Global,official,https://onpool.net/; https://onpool.net/getting_started; https://onpool.net/miner_stats; https://onpool.net/support,confirmed,active,2026-09-14,2026-09-14,Discovered by shallow crawling official website domain onpool.net.
ltc.onpool.net,5556,stratum+tcp,onpool.net,LTC,Scrypt,Global,official,https://onpool.net/; https://onpool.net/getting_started; https://onpool.net/miner_stats; https://onpool.net/support,confirmed,active,2026-09-14,2026-09-14,Discovered by shallow crawling official website domain onpool.net.
peermining.org,3333,stratum+tcp,peermining.org,UNKNOWN,UNKNOWN,Global,official,https://peermining.org/site/mining; https://peermining.org/site/mining/PPC,confirmed,active,2026-09-14,2026-09-14,Discovered by shallow crawling official website domain peermining.org.
pool.pepepow.net,39333,stratum+tcp,pepepow.net,UNKNOWN,UNKNOWN,Global,official,https://pool.pepepow.net/; https://pool.pepepow.net/connect.html,confirmed,active,2026-09-14,2026-09-14,Discovered by shallow crawling official website domain pool.pepepow.net.
pool.pepepow.net,39334,stratum+tcp,pepepow.net,UNKNOWN,UNKNOWN,Global,official,https://pool.pepepow.net/; https://pool.pepepow.net/connect.html,confirmed,active,2026-09-14,2026-09-14,Discovered by shallow crawling official website domain pool.pepepow.net.
pool.animeco.in,2026,stratum+tcp,pool.animeco.in,UNKNOWN,UNKNOWN,Global,official,https://pool.animeco.in/,confirmed,active,2026-09-14,2026-09-14,Discovered by shallow crawling official website domain pool.animeco.in.
forge.bch2.org,3333,stratum+tcp,pool.bch2.org,UNKNOWN,UNKNOWN,Global,official,https://pool.bch2.org/; https://pool.bch2.org/help; https://pool.bch2.org/start,confirmed,active,2026-09-14,2026-09-14,Discovered by shallow crawling official website domain pool.bch2.org.
rvn-us.pool2mine.net,7774,stratum+tcp,pool2mine.net,RVN,KawPoW,USA,official,https://rvn.pool2mine.net/connect.html,confirmed,active,2026-09-14,2026-09-14,Discovered by shallow crawling official website domain rvn.pool2mine.net.
us.pool2mine.net,7776,stratum+ssl,pool2mine.net,UNKNOWN,UNKNOWN,USA,official,https://etc.pool2mine.net/connect.html,confirmed,active,2026-09-14,2026-09-14,Discovered by shallow crawling official website domain etc.pool2mine.net.
us.pool2mine.net,7777,stratum+tcp,pool2mine.net,UNKNOWN,UNKNOWN,USA,official,https://etc.pool2mine.net/connect.html,confirmed,active,2026-09-14,2026-09-14,Discovered by shallow crawling official website domain etc.pool2mine.net.
stratum.poolab.org,8445,stratum+tcp,poolab.org,UNKNOWN,UNKNOWN,Global,official,https://poolab.org/; https://poolab.org/#top,confirmed,active,2026-09-14,2026-09-14,Discovered by shallow crawling official website domain poolab.org.
stratum.poolab.org,8446,stratum+tcp,poolab.org,UNKNOWN,UNKNOWN,Global,official,https://poolab.org/; https://poolab.org/#top,confirmed,active,2026-09-14,2026-09-14,Discovered by shallow crawling official website domain poolab.org.
stratum.poolab.org,8447,stratum+tcp,poolab.org,UNKNOWN,UNKNOWN,Global,official,https://poolab.org/; https://poolab.org/#top,confirmed,active,2026-09-14,2026-09-14,Discovered by shallow crawling official website domain poolab.org.
stratum.poolab.org,8448,stratum+tcp,poolab.org,UNKNOWN,UNKNOWN,Global,official,https://poolab.org/; https://poolab.org/#top,confirmed,active,2026-09-14,2026-09-14,Discovered by shallow crawling official website domain poolab.org.
stratum.poolab.org,8449,stratum+tcp,poolab.org,UNKNOWN,UNKNOWN,Global,official,https://poolab.org/; https://poolab.org/#top,confirmed,active,2026-09-14,2026-09-14,Discovered by shallow crawling official website domain poolab.org.
stratum.poolab.org,8450,stratum+tcp,poolab.org,UNKNOWN,UNKNOWN,Global,official,https://poolab.org/; https://poolab.org/#top,confirmed,active,2026-09-14,2026-09-14,Discovered by shallow crawling official website domain poolab.org.
stratum.poolab.org,8451,stratum+tcp,poolab.org,UNKNOWN,UNKNOWN,Global,official,https://poolab.org/; https://poolab.org/#top; https://poolab.org/?coin=sugarchain,confirmed,active,2026-09-14,2026-09-14,Discovered by shallow crawling official website domain poolab.org.
stratum.poolab.org,8452,stratum+tcp,poolab.org,UNKNOWN,UNKNOWN,Global,official,https://poolab.org/; https://poolab.org/#top; https://poolab.org/?coin=magpiecoin,confirmed,active,2026-09-14,2026-09-14,Discovered by shallow crawling official website domain poolab.org.
poolminerrpm.com,3062,stratum+tcp,poolminerrpm.com,UNKNOWN,UNKNOWN,Global,official,https://poolminerrpm.com/start-mining.html,confirmed,active,2026-09-14,2026-09-14,Discovered by shallow crawling official website domain poolminerrpm.com.
powerpool.money,3223,stratum+tcp,powerpool.money,UNKNOWN,UNKNOWN,Global,official,http://powerpool.money/,confirmed,active,2026-09-14,2026-09-14,Discovered by shallow crawling official website domain powerpool.money.
powerpool.money,3224,stratum+tcp,powerpool.money,UNKNOWN,UNKNOWN,Global,official,http://powerpool.money/,confirmed,active,2026-09-14,2026-09-14,Discovered by shallow crawling official website domain powerpool.money.
powerpool.money,3637,stratum+tcp,powerpool.money,UNKNOWN,UNKNOWN,Global,official,http://powerpool.money/,confirmed,active,2026-09-14,2026-09-14,Discovered by shallow crawling official website domain powerpool.money.
powerpool.money,3663,stratum+tcp,powerpool.money,UNKNOWN,UNKNOWN,Global,official,http://powerpool.money/,confirmed,active,2026-09-14,2026-09-14,Discovered by shallow crawling official website domain powerpool.money.
powerpool.money,4443,stratum+tcp,powerpool.money,UNKNOWN,UNKNOWN,Global,official,http://powerpool.money/,confirmed,active,2026-09-14,2026-09-14,Discovered by shallow crawling official website domain powerpool.money.
powerpool.money,4553,stratum+tcp,powerpool.money,UNKNOWN,UNKNOWN,Global,official,http://powerpool.money/,confirmed,active,2026-09-14,2026-09-14,Discovered by shallow crawling official website domain powerpool.money.
rtm-stratum.pukkapool.com,3053,stratum+ssl,pukkapool.com,UNKNOWN,UNKNOWN,Global,official,https://rtm.pukkapool.com/getting-started/,confirmed,active,2026-09-14,2026-09-14,Discovered by shallow crawling official website domain rtm.pukkapool.com.
stratum.pullsignal.co,3360,stratum+tcp,pullsignal.co,UNKNOWN,UNKNOWN,North America,official,https://pearl.pullsignal.co/connect,confirmed,active,2026-09-14,2026-09-14,Discovered by shallow crawling official website domain pearl.pullsignal.co.
stratum.pullsignal.co,3361,stratum+tcp,pullsignal.co,UNKNOWN,UNKNOWN,North America,official,https://pearl.pullsignal.co/connect,confirmed,active,2026-09-14,2026-09-14,Discovered by shallow crawling official website domain pearl.pullsignal.co.
stratum.pullsignal.co,3443,stratum+ssl,pullsignal.co,UNKNOWN,UNKNOWN,North America,official,https://pearl.pullsignal.co/connect,confirmed,active,2026-09-14,2026-09-14,Discovered by shallow crawling official website domain pearl.pullsignal.co.
zano.pullsignal.co,12111,stratum+tcp,pullsignal.co,UNKNOWN,UNKNOWN,North America,official,https://zano.pullsignal.co,confirmed,active,2026-09-14,2026-09-14,Discovered by shallow crawling official website domain pullsignal.co.
pool.pwnda.org,17706,stratum+tcp,pwnda.org,UNKNOWN,UNKNOWN,Global,official,https://pwnda.org/; https://pwnda.org/start/; https://pwnda.org/pool/; https://pwnda.org/unmineable/,confirmed,active,2026-09-14,2026-09-14,Discovered by shallow crawling official website domain pwnda.org.
zano.pwnda.org,17706,stratum+tcp,pwnda.org,UNKNOWN,UNKNOWN,Global,official,https://pwnda.org/; https://pwnda.org/start/; https://pwnda.org/pool/; https://pwnda.org/unmineable/,confirmed,active,2026-09-14,2026-09-14,Discovered by shallow crawling official website domain pwnda.org.
stratum.pythonpool.dev,3330,stratum+tcp,pythonpool.dev,UNKNOWN,UNKNOWN,Global,official,https://pythonpool.dev/connect/,confirmed,active,2026-09-14,2026-09-14,Discovered by shallow crawling official website domain pythonpool.dev.
stratum.pythonpool.dev,3331,stratum+tcp,pythonpool.dev,UNKNOWN,UNKNOWN,Global,official,https://pythonpool.dev/connect/; https://pythonpool.dev/dash/?coin=xbt,confirmed,active,2026-09-14,2026-09-14,Discovered by shallow crawling official website domain pythonpool.dev.
stratum.pythonpool.dev,3340,stratum+tcp,pythonpool.dev,UNKNOWN,UNKNOWN,Global,official,https://pythonpool.dev/connect/,confirmed,active,2026-09-14,2026-09-14,Discovered by shallow crawling official website domain pythonpool.dev.
stratum.pythonpool.dev,3346,stratum+tcp,pythonpool.dev,UNKNOWN,UNKNOWN,Global,official,https://pythonpool.dev/connect/,confirmed,active,2026-09-14,2026-09-14,Discovered by shallow crawling official website domain pythonpool.dev.
stratum.pythonpool.dev,3349,stratum+tcp,pythonpool.dev,UNKNOWN,UNKNOWN,Global,official,https://pythonpool.dev/connect/; https://pythonpool.dev/dash/?coin=aur,confirmed,active,2026-09-14,2026-09-14,Discovered by shallow crawling official website domain pythonpool.dev.
stratum.pythonpool.dev,3357,stratum+tcp,pythonpool.dev,UNKNOWN,UNKNOWN,Global,official,https://pythonpool.dev/connect/,confirmed,active,2026-09-14,2026-09-14,Discovered by shallow crawling official website domain pythonpool.dev.
stratum.pythonpool.dev,3358,stratum+tcp,pythonpool.dev,UNKNOWN,UNKNOWN,Global,official,https://pythonpool.dev/connect/,confirmed,active,2026-09-14,2026-09-14,Discovered by shallow crawling official website domain pythonpool.dev.
stratum.pythonpool.dev,3364,stratum+tcp,pythonpool.dev,UNKNOWN,UNKNOWN,Global,official,https://pythonpool.dev/connect/,confirmed,active,2026-09-14,2026-09-14,Discovered by shallow crawling official website domain pythonpool.dev.
stratum.pythonpool.dev,3401,stratum+tcp,pythonpool.dev,UNKNOWN,UNKNOWN,Global,official,https://pythonpool.dev/connect/,confirmed,active,2026-09-14,2026-09-14,Discovered by shallow crawling official website domain pythonpool.dev.
stratum.pythonpool.dev,8331,stratum+tcp,pythonpool.dev,UNKNOWN,UNKNOWN,Global,official,https://pythonpool.dev/dash/?coin=xbt,confirmed,active,2026-09-14,2026-09-14,Discovered by shallow crawling official website domain pythonpool.dev.
pool.qoge.org,3032,stratum+tcp,qoge.org,UNKNOWN,UNKNOWN,Global,official,https://pool.qoge.org/getting_started,confirmed,active,2026-09-14,2026-09-14,Discovered by shallow crawling official website domain pool.qoge.org.
postquantum.qoge.org,3032,stratum+tcp,qoge.org,UNKNOWN,UNKNOWN,Global,official,https://postquantum.qoge.org/,confirmed,active,2026-09-14,2026-09-14,Discovered by shallow crawling official website domain postquantum.qoge.org.
doge.asia.apool.io,3334,stratum+tcp,qubic.org,DOGE,Scrypt,Asia,official,https://doge-stats.qubic.org/,confirmed,active,2026-09-14,2026-09-14,Discovered by shallow crawling official website domain doge-stats.qubic.org.
doge.qubic.li,12480,stratum+tcp,qubic.org,DOGE,Scrypt,Global,official,https://doge-stats.qubic.org/,confirmed,active,2026-09-14,2026-09-14,Discovered by shallow crawling official website domain doge-stats.qubic.org.
qdoge.minerlab.io,18861,stratum+tcp,qubic.org,UNKNOWN,UNKNOWN,Global,official,https://doge-stats.qubic.org/,confirmed,active,2026-09-14,2026-09-14,Discovered by shallow crawling official website domain doge-stats.qubic.org.
useast1.dgbpool.richwoodtech.com,21000,stratum+tcp,richwoodtech.com,UNKNOWN,UNKNOWN,Global,official,https://dgbpool.richwoodtech.com/,confirmed,active,2026-09-14,2026-09-14,Discovered by shallow crawling official website domain dgbpool.richwoodtech.com.
useast1.dgbpool.richwoodtech.com,31000,stratum+tcp,richwoodtech.com,UNKNOWN,UNKNOWN,Global,official,https://dgbpool.richwoodtech.com/,confirmed,active,2026-09-14,2026-09-14,Discovered by shallow crawling official website domain dgbpool.richwoodtech.com.
uswest1.dgbpool.richwoodtech.com,21000,stratum+tcp,richwoodtech.com,UNKNOWN,UNKNOWN,Global,official,https://dgbpool.richwoodtech.com/,confirmed,active,2026-09-14,2026-09-14,Discovered by shallow crawling official website domain dgbpool.richwoodtech.com.
uswest1.dgbpool.richwoodtech.com,31000,stratum+tcp,richwoodtech.com,UNKNOWN,UNKNOWN,Global,official,https://dgbpool.richwoodtech.com/,confirmed,active,2026-09-14,2026-09-14,Discovered by shallow crawling official website domain dgbpool.richwoodtech.com.
rockpool.cloud,4449,stratum+tcp,rockpool.cloud,UNKNOWN,UNKNOWN,Global,official,https://rockpool.cloud/getting_started,confirmed,active,2026-09-14,2026-09-14,Discovered by shallow crawling official website domain rockpool.cloud.
rockpool.cloud,8888,stratum+tcp,rockpool.cloud,UNKNOWN,UNKNOWN,Global,official,https://rockpool.cloud/getting_started,confirmed,active,2026-09-14,2026-09-14,Discovered by shallow crawling official website domain rockpool.cloud.
us.scash.work,8888,stratum+tcp,scash.work,UNKNOWN,UNKNOWN,USA,official,https://www.scash.work/,confirmed,active,2026-09-14,2026-09-14,Discovered by shallow crawling official website domain scash.work.
asia.toastpool.com,6666,stratum+tcp,scprimepool.com,UNKNOWN,UNKNOWN,Asia,official,https://scprimepool.com/,confirmed,active,2026-09-14,2026-09-14,Discovered by shallow crawling official website domain scprimepool.com.
china.toastpool.com,6666,stratum+tcp,scprimepool.com,UNKNOWN,UNKNOWN,North America,official,https://scprimepool.com/,confirmed,active,2026-09-14,2026-09-14,Discovered by shallow crawling official website domain scprimepool.com.
scprimepool.com,3355,stratum+tcp,scprimepool.com,UNKNOWN,UNKNOWN,Global,official,https://scprimepool.com/,confirmed,active,2026-09-14,2026-09-14,Discovered by shallow crawling official website domain scprimepool.com.
us-west.toastpool.com,6666,stratum+tcp,scprimepool.com,UNKNOWN,UNKNOWN,USA,official,https://scprimepool.com/,confirmed,active,2026-09-14,2026-09-14,Discovered by shallow crawling official website domain scprimepool.com.
pool.shadowhash.net,3333,stratum+tcp,shadowhash.net,UNKNOWN,UNKNOWN,Global,official,https://shadowhash.net/miner-setup.html,confirmed,active,2026-09-14,2026-09-14,Discovered by shallow crawling official website domain shadowhash.net.
stratum.sinarlink.com,3032,stratum+tcp,sinarlink.com,UNKNOWN,UNKNOWN,North America,official,https://verus.sinarlink.com/; https://verus.sinarlink.com/miners,confirmed,active,2026-09-14,2026-09-14,Discovered by shallow crawling official website domain verus.sinarlink.com.
stratum.sinarlink.com,3033,stratum+tcp,sinarlink.com,UNKNOWN,UNKNOWN,North America,official,https://verus.sinarlink.com/; https://verus.sinarlink.com/miners,confirmed,active,2026-09-14,2026-09-14,Discovered by shallow crawling official website domain verus.sinarlink.com.
pool.skydoge.net,3033,stratum+tcp,skydoge.net,UNKNOWN,UNKNOWN,Global,official,https://pool.skydoge.net/getting_started,confirmed,active,2026-09-14,2026-09-14,Discovered by shallow crawling official website domain pool.skydoge.net.
pool.skydoge.net,3034,stratum+tcp,skydoge.net,UNKNOWN,UNKNOWN,Global,official,https://pool.skydoge.net/getting_started,confirmed,active,2026-09-14,2026-09-14,Discovered by shallow crawling official website domain pool.skydoge.net.
pool.skydoge.net,3035,stratum+tcp,skydoge.net,UNKNOWN,UNKNOWN,Global,official,https://pool.skydoge.net/getting_started,confirmed,active,2026-09-14,2026-09-14,Discovered by shallow crawling official website domain pool.skydoge.net.
mining-us.solobch.com,5555,stratum+tcp,solobch.com,UNKNOWN,UNKNOWN,USA,official,https://pool.solobch.com/; https://pool.solobch.com/#minerconf,confirmed,active,2026-09-14,2026-09-14,Discovered by shallow crawling official website domain pool.solobch.com.
bch.solofury.com,7070,stratum+tcp,solofury.com,BCH,SHA-256,Global,official,https://solofury.com/,confirmed,active,2026-09-14,2026-09-14,Discovered by shallow crawling official website domain solofury.com.
btc.solofury.com,6060,stratum+tcp,solofury.com,BTC,SHA-256,Global,official,https://solofury.com/,confirmed,active,2026-09-14,2026-09-14,Discovered by shallow crawling official website domain solofury.com.
bc2.solofury.com,8080,stratum+tcp,solofury.com,UNKNOWN,UNKNOWN,Global,official,https://solofury.com/,confirmed,active,2026-09-14,2026-09-14,Discovered by shallow crawling official website domain solofury.com.
bch2.solofury.com,8585,stratum+tcp,solofury.com,UNKNOWN,UNKNOWN,Global,official,https://solofury.com/,confirmed,active,2026-09-14,2026-09-14,Discovered by shallow crawling official website domain solofury.com.
dgb.solofury.com,5050,stratum+tcp,solofury.com,UNKNOWN,UNKNOWN,Global,official,https://solofury.com/,confirmed,active,2026-09-14,2026-09-14,Discovered by shallow crawling official website domain solofury.com.
xec.solofury.com,9090,stratum+tcp,solofury.com,XEC,SHA-256,Global,official,https://solofury.com/,confirmed,active,2026-09-14,2026-09-14,Discovered by shallow crawling official website domain solofury.com.
mining.sparkspay.io,6030,stratum+tcp,sparkspay.io,UNKNOWN,UNKNOWN,Global,official,https://mining.sparkspay.io/connect.html,confirmed,active,2026-09-14,2026-09-14,Discovered by shallow crawling official website domain mining.sparkspay.io.
beam.sunpool.top,3333,stratum+tcp,sunpool.top,UNKNOWN,UNKNOWN,Global,official,https://beam.sunpool.top/,confirmed,active,2026-09-14,2026-09-14,Discovered by shallow crawling official website domain beam.sunpool.top.
beam.sunpool.top,3334,stratum+tcp,sunpool.top,UNKNOWN,UNKNOWN,Global,official,https://beam.sunpool.top/,confirmed,active,2026-09-14,2026-09-14,Discovered by shallow crawling official website domain beam.sunpool.top.
rvn.suprnova.cc,8888,stratum+tcp,suprnova.cc,RVN,KawPoW,Global,official,https://rvn.suprnova.cc/; https://rvn.suprnova.cc/index.php?page=statistics&action=pool; https://rvn.suprnova.cc/index.php?page=gettingstarted; https://rvn.suprnova.cc/index.php?page=about&action=pool,confirmed,active,2026-09-14,2026-09-14,Discovered by shallow crawling official website domain rvn.suprnova.cc.
c64.suprnova.cc,6464,stratum+tcp,suprnova.cc,UNKNOWN,UNKNOWN,Global,official,https://c64.suprnova.cc/StartMining.html,confirmed,active,2026-09-14,2026-09-14,Discovered by shallow crawling official website domain c64.suprnova.cc.
c64.suprnova.cc,6468,stratum+tcp,suprnova.cc,UNKNOWN,UNKNOWN,Global,official,https://c64.suprnova.cc/StartMining.html,confirmed,active,2026-09-14,2026-09-14,Discovered by shallow crawling official website domain c64.suprnova.cc.
dcr.suprnova.cc,9333,stratum+tcp,suprnova.cc,UNKNOWN,UNKNOWN,Global,official,https://dcr.suprnova.cc/StartMining,confirmed,active,2026-09-14,2026-09-14,Discovered by shallow crawling official website domain dcr.suprnova.cc.
dcr.suprnova.cc,9335,stratum+tcp,suprnova.cc,UNKNOWN,UNKNOWN,Global,official,https://dcr.suprnova.cc/StartMining,confirmed,active,2026-09-14,2026-09-14,Discovered by shallow crawling official website domain dcr.suprnova.cc.
dgbq.suprnova.cc,8531,stratum+tcp,suprnova.cc,UNKNOWN,UNKNOWN,Global,official,https://dgbq.suprnova.cc/; https://dgbq.suprnova.cc/index.php?page=statistics&action=pool; https://dgbq.suprnova.cc/index.php?page=gettingstarted; https://dgbq.suprnova.cc/index.php?page=about&action=pool,confirmed,active,2026-09-14,2026-09-14,Discovered by shallow crawling official website domain dgbq.suprnova.cc.
dgbq.suprnova.cc,8533,stratum+ssl,suprnova.cc,UNKNOWN,UNKNOWN,Global,official,https://dgbq.suprnova.cc/index.php?page=gettingstarted,confirmed,active,2026-09-14,2026-09-14,Discovered by shallow crawling official website domain dgbq.suprnova.cc.
dgbq.suprnova.cc,8533,stratum+tcp,suprnova.cc,UNKNOWN,UNKNOWN,Global,official,https://dgbq.suprnova.cc/index.php?page=gettingstarted,confirmed,active,2026-09-14,2026-09-14,Discovered by shallow crawling official website domain dgbq.suprnova.cc.
grs.suprnova.cc,5544,stratum+tcp,suprnova.cc,UNKNOWN,UNKNOWN,Global,official,https://grs.suprnova.cc/; https://grs.suprnova.cc/index.php?page=statistics&action=pool; https://grs.suprnova.cc/index.php?page=gettingstarted; https://grs.suprnova.cc/index.php?page=about&action=pool,confirmed,active,2026-09-14,2026-09-14,Discovered by shallow crawling official website domain grs.suprnova.cc.
lpepe.suprnova.cc,3633,stratum+tcp,suprnova.cc,UNKNOWN,UNKNOWN,Global,official,https://lpepe.suprnova.cc/StartMining.html,confirmed,active,2026-09-14,2026-09-14,Discovered by shallow crawling official website domain lpepe.suprnova.cc.
lpepe.suprnova.cc,3634,stratum+tcp,suprnova.cc,UNKNOWN,UNKNOWN,Global,official,https://lpepe.suprnova.cc/StartMining.html,confirmed,active,2026-09-14,2026-09-14,Discovered by shallow crawling official website domain lpepe.suprnova.cc.
lpepe.suprnova.cc,3635,stratum+tcp,suprnova.cc,UNKNOWN,UNKNOWN,Global,official,https://lpepe.suprnova.cc/StartMining.html,confirmed,active,2026-09-14,2026-09-14,Discovered by shallow crawling official website domain lpepe.suprnova.cc.
prl.suprnova.cc,3370,stratum+tcp,suprnova.cc,UNKNOWN,UNKNOWN,Global,official,https://prl.suprnova.cc/StartMining.html,confirmed,active,2026-09-14,2026-09-14,Discovered by shallow crawling official website domain prl.suprnova.cc.
prl.suprnova.cc,3371,stratum+tcp,suprnova.cc,UNKNOWN,UNKNOWN,Global,official,https://prl.suprnova.cc/StartMining.html,confirmed,active,2026-09-14,2026-09-14,Discovered by shallow crawling official website domain prl.suprnova.cc.
prl.suprnova.cc,3372,stratum+tcp,suprnova.cc,UNKNOWN,UNKNOWN,Global,official,https://prl.suprnova.cc/StartMining.html,confirmed,active,2026-09-14,2026-09-14,Discovered by shallow crawling official website domain prl.suprnova.cc.
prl.suprnova.cc,3373,stratum+tcp,suprnova.cc,UNKNOWN,UNKNOWN,Global,official,https://prl.suprnova.cc/StartMining.html,confirmed,active,2026-09-14,2026-09-14,Discovered by shallow crawling official website domain prl.suprnova.cc.
prl.suprnova.cc,3374,stratum+ssl,suprnova.cc,UNKNOWN,UNKNOWN,Global,official,https://prl.suprnova.cc/StartMining.html,confirmed,active,2026-09-14,2026-09-14,Discovered by shallow crawling official website domain prl.suprnova.cc.
prl.suprnova.cc,3374,stratum+tcp,suprnova.cc,UNKNOWN,UNKNOWN,Global,official,https://prl.suprnova.cc/StartMining.html,confirmed,active,2026-09-14,2026-09-14,Discovered by shallow crawling official website domain prl.suprnova.cc.
pxc.suprnova.cc,2026,stratum+tcp,suprnova.cc,UNKNOWN,UNKNOWN,Global,official,https://pxc.suprnova.cc/; https://pxc.suprnova.cc/index.php?page=statistics&action=pool; https://pxc.suprnova.cc/index.php?page=gettingstarted; https://pxc.suprnova.cc/index.php?page=about&action=pool,confirmed,active,2026-09-14,2026-09-14,Discovered by shallow crawling official website domain pxc.suprnova.cc.
pxc.suprnova.cc,2027,stratum+ssl,suprnova.cc,UNKNOWN,UNKNOWN,Global,official,https://pxc.suprnova.cc/index.php?page=gettingstarted,confirmed,active,2026-09-14,2026-09-14,Discovered by shallow crawling official website domain pxc.suprnova.cc.
pxc.suprnova.cc,2027,stratum+tcp,suprnova.cc,UNKNOWN,UNKNOWN,Global,official,https://pxc.suprnova.cc/index.php?page=gettingstarted,confirmed,active,2026-09-14,2026-09-14,Discovered by shallow crawling official website domain pxc.suprnova.cc.
qtc.suprnova.cc,5555,stratum+tcp,suprnova.cc,UNKNOWN,UNKNOWN,Global,official,https://qtc.suprnova.cc/; https://qtc.suprnova.cc/index.php?page=statistics&action=pool; https://qtc.suprnova.cc/index.php?page=gettingstarted; https://qtc.suprnova.cc/index.php?page=about&action=pool,confirmed,active,2026-09-14,2026-09-14,Discovered by shallow crawling official website domain qtc.suprnova.cc.
qtc.suprnova.cc,5557,stratum+ssl,suprnova.cc,UNKNOWN,UNKNOWN,Global,official,https://qtc.suprnova.cc/index.php?page=gettingstarted,confirmed,active,2026-09-14,2026-09-14,Discovered by shallow crawling official website domain qtc.suprnova.cc.
qtc.suprnova.cc,5557,stratum+tcp,suprnova.cc,UNKNOWN,UNKNOWN,Global,official,https://qtc.suprnova.cc/index.php?page=gettingstarted,confirmed,active,2026-09-14,2026-09-14,Discovered by shallow crawling official website domain qtc.suprnova.cc.
ric.suprnova.cc,5000,stratum+tcp,suprnova.cc,UNKNOWN,UNKNOWN,Global,official,https://ric.suprnova.cc/; https://ric.suprnova.cc/index.php?page=statistics&action=pool; https://ric.suprnova.cc/index.php?page=gettingstarted; https://ric.suprnova.cc/index.php?page=about&action=pool,confirmed,active,2026-09-14,2026-09-14,Discovered by shallow crawling official website domain ric.suprnova.cc.
rtm.suprnova.cc,6273,stratum+tcp,suprnova.cc,UNKNOWN,UNKNOWN,Global,official,https://rtm.suprnova.cc/; https://rtm.suprnova.cc/index.php?page=statistics&action=pool; https://rtm.suprnova.cc/index.php?page=gettingstarted; https://rtm.suprnova.cc/index.php?page=about&action=pool,confirmed,active,2026-09-14,2026-09-14,Discovered by shallow crawling official website domain rtm.suprnova.cc.
stratum-apac.suprnova.cc,5555,stratum+tcp,suprnova.cc,UNKNOWN,UNKNOWN,Asia,official,https://qtc.suprnova.cc/; https://qtc.suprnova.cc/index.php?page=statistics&action=pool; https://qtc.suprnova.cc/index.php?page=gettingstarted; https://qtc.suprnova.cc/index.php?page=about&action=pool,confirmed,active,2026-09-14,2026-09-14,Discovered by shallow crawling official website domain qtc.suprnova.cc.
stratum-us.suprnova.cc,5544,stratum+tcp,suprnova.cc,UNKNOWN,UNKNOWN,USA,official,https://grs.suprnova.cc/; https://grs.suprnova.cc/index.php?page=statistics&action=pool; https://grs.suprnova.cc/index.php?page=gettingstarted; https://grs.suprnova.cc/index.php?page=about&action=pool,confirmed,active,2026-09-14,2026-09-14,Discovered by shallow crawling official website domain grs.suprnova.cc.
stratum-us.suprnova.cc,5555,stratum+tcp,suprnova.cc,UNKNOWN,UNKNOWN,USA,official,https://qtc.suprnova.cc/; https://qtc.suprnova.cc/index.php?page=statistics&action=pool; https://qtc.suprnova.cc/index.php?page=gettingstarted; https://qtc.suprnova.cc/index.php?page=about&action=pool,confirmed,active,2026-09-14,2026-09-14,Discovered by shallow crawling official website domain qtc.suprnova.cc.
us-xmr.suprnova.cc,6666,stratum+ssl,suprnova.cc,UNKNOWN,UNKNOWN,USA,official,https://xmr.suprnova.cc/StartMining.html,confirmed,active,2026-09-14,2026-09-14,Discovered by shallow crawling official website domain xmr.suprnova.cc.
vtc.suprnova.cc,1777,stratum+tcp,suprnova.cc,UNKNOWN,UNKNOWN,Global,official,https://vtc.suprnova.cc/index.php?page=gettingstarted,confirmed,active,2026-09-14,2026-09-14,Discovered by shallow crawling official website domain vtc.suprnova.cc.
xel.suprnova.cc,3333,stratum+tcp,suprnova.cc,UNKNOWN,UNKNOWN,Global,official,https://xel.suprnova.cc/StartMining,confirmed,active,2026-09-14,2026-09-14,Discovered by shallow crawling official website domain xel.suprnova.cc.
xmr.suprnova.cc,6663,stratum+tcp,suprnova.cc,UNKNOWN,UNKNOWN,Global,official,https://xmr.suprnova.cc/StartMining.html,confirmed,active,2026-09-14,2026-09-14,Discovered by shallow crawling official website domain xmr.suprnova.cc.
xmr.suprnova.cc,6665,stratum+tcp,suprnova.cc,UNKNOWN,UNKNOWN,Global,official,https://xmr.suprnova.cc/StartMining.html,confirmed,active,2026-09-14,2026-09-14,Discovered by shallow crawling official website domain xmr.suprnova.cc.
xmr.suprnova.cc,6666,stratum+ssl,suprnova.cc,UNKNOWN,UNKNOWN,Global,official,https://xmr.suprnova.cc/StartMining.html,confirmed,active,2026-09-14,2026-09-14,Discovered by shallow crawling official website domain xmr.suprnova.cc.
xmr.suprnova.cc,6666,stratum+tcp,suprnova.cc,UNKNOWN,UNKNOWN,Global,official,https://xmr.suprnova.cc/StartMining.html,confirmed,active,2026-09-14,2026-09-14,Discovered by shallow crawling official website domain xmr.suprnova.cc.
zec.suprnova.cc,3732,stratum+tcp,suprnova.cc,ZEC,Equihash,Global,official,https://zec.suprnova.cc/StartMining,confirmed,active,2026-09-14,2026-09-14,Discovered by shallow crawling official website domain zec.suprnova.cc.
zec.suprnova.cc,3733,stratum+tcp,suprnova.cc,ZEC,Equihash,Global,official,https://zec.suprnova.cc/StartMining,confirmed,active,2026-09-14,2026-09-14,Discovered by shallow crawling official website domain zec.suprnova.cc.
zec.suprnova.cc,3734,stratum+tcp,suprnova.cc,ZEC,Equihash,Global,official,https://zec.suprnova.cc/StartMining,confirmed,active,2026-09-14,2026-09-14,Discovered by shallow crawling official website domain zec.suprnova.cc.
pool.tazmining.ch,7001,stratum+tcp,tazmining.ch,UNKNOWN,UNKNOWN,Global,official,https://tazmining.ch/; https://tazmining.ch/#nav-coin-PPLNS,confirmed,active,2026-09-14,2026-09-14,Discovered by shallow crawling official website domain tazmining.ch.
pool.tazmining.ch,7002,stratum+tcp,tazmining.ch,UNKNOWN,UNKNOWN,Global,official,https://tazmining.ch/; https://tazmining.ch/#nav-coin-PPLNS,confirmed,active,2026-09-14,2026-09-14,Discovered by shallow crawling official website domain tazmining.ch.
pool.tazmining.ch,7100,stratum+tcp,tazmining.ch,UNKNOWN,UNKNOWN,Global,official,https://tazmining.ch/; https://tazmining.ch/#nav-coin-PPLNS,confirmed,active,2026-09-14,2026-09-14,Discovered by shallow crawling official website domain tazmining.ch.
pool.tazmining.ch,7102,stratum+tcp,tazmining.ch,UNKNOWN,UNKNOWN,Global,official,https://tazmining.ch/; https://tazmining.ch/#nav-coin-PPLNS,confirmed,active,2026-09-14,2026-09-14,Discovered by shallow crawling official website domain tazmining.ch.
pool.tazmining.ch,7104,stratum+tcp,tazmining.ch,UNKNOWN,UNKNOWN,Global,official,https://tazmining.ch/; https://tazmining.ch/#nav-coin-PPLNS,confirmed,active,2026-09-14,2026-09-14,Discovered by shallow crawling official website domain tazmining.ch.
pool.tazmining.ch,7106,stratum+tcp,tazmining.ch,UNKNOWN,UNKNOWN,Global,official,https://tazmining.ch/; https://tazmining.ch/#nav-coin-PPLNS,confirmed,active,2026-09-14,2026-09-14,Discovered by shallow crawling official website domain tazmining.ch.
pool.tazmining.ch,7108,stratum+tcp,tazmining.ch,UNKNOWN,UNKNOWN,Global,official,https://tazmining.ch/; https://tazmining.ch/#nav-coin-PPLNS,confirmed,active,2026-09-14,2026-09-14,Discovered by shallow crawling official website domain tazmining.ch.
pool.tazmining.ch,7110,stratum+tcp,tazmining.ch,UNKNOWN,UNKNOWN,Global,official,https://tazmining.ch/; https://tazmining.ch/#nav-coin-PPLNS,confirmed,active,2026-09-14,2026-09-14,Discovered by shallow crawling official website domain tazmining.ch.
pool.tazmining.ch,7112,stratum+tcp,tazmining.ch,UNKNOWN,UNKNOWN,Global,official,https://tazmining.ch/; https://tazmining.ch/#nav-coin-PPLNS,confirmed,active,2026-09-14,2026-09-14,Discovered by shallow crawling official website domain tazmining.ch.
pool.tazmining.ch,7114,stratum+tcp,tazmining.ch,UNKNOWN,UNKNOWN,Global,official,https://tazmining.ch/; https://tazmining.ch/#nav-coin-PPLNS,confirmed,active,2026-09-14,2026-09-14,Discovered by shallow crawling official website domain tazmining.ch.
pool.tazmining.ch,7116,stratum+tcp,tazmining.ch,UNKNOWN,UNKNOWN,Global,official,https://tazmining.ch/; https://tazmining.ch/#nav-coin-PPLNS,confirmed,active,2026-09-14,2026-09-14,Discovered by shallow crawling official website domain tazmining.ch.
pool.tazmining.ch,7118,stratum+tcp,tazmining.ch,UNKNOWN,UNKNOWN,Global,official,https://tazmining.ch/; https://tazmining.ch/#nav-coin-PPLNS,confirmed,active,2026-09-14,2026-09-14,Discovered by shallow crawling official website domain tazmining.ch.
pool.tazmining.ch,7180,stratum+tcp,tazmining.ch,UNKNOWN,UNKNOWN,Global,official,https://tazmining.ch/; https://tazmining.ch/#nav-coin-PPLNS,confirmed,active,2026-09-14,2026-09-14,Discovered by shallow crawling official website domain tazmining.ch.
pool.tazmining.ch,7182,stratum+tcp,tazmining.ch,UNKNOWN,UNKNOWN,Global,official,https://tazmining.ch/; https://tazmining.ch/#nav-coin-PPLNS,confirmed,active,2026-09-14,2026-09-14,Discovered by shallow crawling official website domain tazmining.ch.
pool.tazmining.ch,7183,stratum+tcp,tazmining.ch,UNKNOWN,UNKNOWN,Global,official,https://tazmining.ch/; https://tazmining.ch/#nav-coin-PPLNS,confirmed,active,2026-09-14,2026-09-14,Discovered by shallow crawling official website domain tazmining.ch.
pool.tazmining.ch,7220,stratum+tcp,tazmining.ch,UNKNOWN,UNKNOWN,Global,official,https://tazmining.ch/; https://tazmining.ch/#nav-coin-PPLNS,confirmed,active,2026-09-14,2026-09-14,Discovered by shallow crawling official website domain tazmining.ch.
pool.tazmining.ch,7222,stratum+tcp,tazmining.ch,UNKNOWN,UNKNOWN,Global,official,https://tazmining.ch/; https://tazmining.ch/#nav-coin-PPLNS,confirmed,active,2026-09-14,2026-09-14,Discovered by shallow crawling official website domain tazmining.ch.
pool.tazmining.ch,7224,stratum+tcp,tazmining.ch,UNKNOWN,UNKNOWN,Global,official,https://tazmining.ch/; https://tazmining.ch/#nav-coin-PPLNS,confirmed,active,2026-09-14,2026-09-14,Discovered by shallow crawling official website domain tazmining.ch.
pool.tazmining.ch,7230,stratum+tcp,tazmining.ch,UNKNOWN,UNKNOWN,Global,official,https://tazmining.ch/; https://tazmining.ch/#nav-coin-PPLNS,confirmed,active,2026-09-14,2026-09-14,Discovered by shallow crawling official website domain tazmining.ch.
pool.tazmining.ch,7232,stratum+tcp,tazmining.ch,UNKNOWN,UNKNOWN,Global,official,https://tazmining.ch/; https://tazmining.ch/#nav-coin-PPLNS,confirmed,active,2026-09-14,2026-09-14,Discovered by shallow crawling official website domain tazmining.ch.
pool.tazmining.ch,7234,stratum+tcp,tazmining.ch,UNKNOWN,UNKNOWN,Global,official,https://tazmining.ch/; https://tazmining.ch/#nav-coin-PPLNS,confirmed,active,2026-09-14,2026-09-14,Discovered by shallow crawling official website domain tazmining.ch.
pool.tazmining.ch,7260,stratum+tcp,tazmining.ch,UNKNOWN,UNKNOWN,Global,official,https://tazmining.ch/; https://tazmining.ch/#nav-coin-PPLNS,confirmed,active,2026-09-14,2026-09-14,Discovered by shallow crawling official website domain tazmining.ch.
pool.tazmining.ch,7270,stratum+tcp,tazmining.ch,UNKNOWN,UNKNOWN,Global,official,https://tazmining.ch/; https://tazmining.ch/#nav-coin-PPLNS,confirmed,active,2026-09-14,2026-09-14,Discovered by shallow crawling official website domain tazmining.ch.
pool.tazmining.ch,7776,stratum+tcp,tazmining.ch,UNKNOWN,UNKNOWN,Global,official,https://tazmining.ch/; https://tazmining.ch/#nav-coin-PPLNS,confirmed,active,2026-09-14,2026-09-14,Discovered by shallow crawling official website domain tazmining.ch.
pool.tazmining.ch,7777,stratum+tcp,tazmining.ch,UNKNOWN,UNKNOWN,Global,official,https://tazmining.ch/; https://tazmining.ch/#nav-coin-PPLNS,confirmed,active,2026-09-14,2026-09-14,Discovered by shallow crawling official website domain tazmining.ch.
pool.tazmining.ch,7781,stratum+tcp,tazmining.ch,UNKNOWN,UNKNOWN,Global,official,https://tazmining.ch/; https://tazmining.ch/#nav-coin-PPLNS,confirmed,active,2026-09-14,2026-09-14,Discovered by shallow crawling official website domain tazmining.ch.
pool.tazmining.ch,7782,stratum+tcp,tazmining.ch,UNKNOWN,UNKNOWN,Global,official,https://tazmining.ch/; https://tazmining.ch/#nav-coin-PPLNS,confirmed,active,2026-09-14,2026-09-14,Discovered by shallow crawling official website domain tazmining.ch.
stratum.thesatoshipool.cloud,5003,stratum+tcp,thesatoshipool.cloud,UNKNOWN,UNKNOWN,Global,official,https://www.thesatoshipool.cloud/connect.html,confirmed,active,2026-09-14,2026-09-14,Discovered by shallow crawling official website domain thesatoshipool.cloud.
stratum.thesatoshipool.cloud,5004,stratum+tcp,thesatoshipool.cloud,UNKNOWN,UNKNOWN,Global,official,https://www.thesatoshipool.cloud/connect.html,confirmed,active,2026-09-14,2026-09-14,Discovered by shallow crawling official website domain thesatoshipool.cloud.
stratum.thesatoshipool.cloud,5102,stratum+tcp,thesatoshipool.cloud,UNKNOWN,UNKNOWN,Global,official,https://www.thesatoshipool.cloud/connect.html,confirmed,active,2026-09-14,2026-09-14,Discovered by shallow crawling official website domain thesatoshipool.cloud.
tokenxpool.online,4006,stratum+tcp,tokenxpool.online,UNKNOWN,UNKNOWN,Global,official,https://tokenxpool.online/,confirmed,active,2026-09-14,2026-09-14,Discovered by shallow crawling official website domain tokenxpool.online.
stratum.txbitmining.com,3333,stratum+tcp,txbitmining.com,UNKNOWN,UNKNOWN,Global,official,https://pool.txbitmining.com/; https://pool.txbitmining.com/#wart1/connect; https://pool.txbitmining.com/#wart1/miner; https://pool.txbitmining.com/#wart1/miners,confirmed,active,2026-09-14,2026-09-14,Discovered by shallow crawling official website domain pool.txbitmining.com.
magipool.duinocoin.com,6033,stratum+tcp,unipoolia.com,UNKNOWN,UNKNOWN,Global,official,https://unipoolia.com/,confirmed,active,2026-09-14,2026-09-14,Discovered by shallow crawling official website domain unipoolia.com.
bch.vargatech.net,3334,stratum+tcp,vargatech.net,BCH,SHA-256,Global,official,https://bch.vargatech.net/; https://bch.vargatech.net/#connect; https://bch.vargatech.net/#miners; https://bch.vargatech.net/#faq,confirmed,active,2026-09-14,2026-09-14,Discovered by shallow crawling official website domain bch.vargatech.net.
bch.vargatech.net,3336,stratum+tcp,vargatech.net,BCH,SHA-256,Global,official,https://retropool.vargatech.net/BCH/,confirmed,active,2026-09-14,2026-09-14,Discovered by shallow crawling official website domain retropool.vargatech.net.
btc.vargatech.net,3334,stratum+tcp,vargatech.net,BTC,SHA-256,Global,official,https://retropool.vargatech.net/,confirmed,active,2026-09-14,2026-09-14,Discovered by shallow crawling official website domain retropool.vargatech.net.
77.22.47.104,3334,stratum+tcp,vargatech.net,UNKNOWN,UNKNOWN,Global,official,https://retropool.vargatech.net/; https://retropool.vargatech.net/api/public/v1/docs,confirmed,active,2026-09-14,2026-09-14,Discovered by shallow crawling official website domain retropool.vargatech.net.
xec.vargatech.net,3341,stratum+tcp,vargatech.net,XEC,SHA-256,Global,official,https://xec.vargatech.net/; https://xec.vargatech.net/#fleet; https://xec.vargatech.net/#health,confirmed,active,2026-09-14,2026-09-14,Discovered by shallow crawling official website domain xec.vargatech.net.
verus.farm,9998,stratum+tcp,verus.farm,UNKNOWN,UNKNOWN,USA,official,https://verus.farm/,confirmed,active,2026-09-14,2026-09-14,Discovered by shallow crawling official website domain verus.farm.
verus.farm,9999,stratum+tcp,verus.farm,UNKNOWN,UNKNOWN,USA,official,https://verus.farm/,confirmed,active,2026-09-14,2026-09-14,Discovered by shallow crawling official website domain verus.farm.
vexta-pool.co.uk,2333,stratum+tcp,vexta-pool.co.uk,UNKNOWN,UNKNOWN,Global,official,https://vexta-pool.co.uk/,confirmed,active,2026-09-14,2026-09-14,Discovered by shallow crawling official website domain vexta-pool.co.uk.
vexta-pool.co.uk,2334,stratum+tcp,vexta-pool.co.uk,UNKNOWN,UNKNOWN,Global,official,https://vexta-pool.co.uk/,confirmed,active,2026-09-14,2026-09-14,Discovered by shallow crawling official website domain vexta-pool.co.uk.
vexta-pool.co.uk,3333,stratum+tcp,vexta-pool.co.uk,UNKNOWN,UNKNOWN,Global,official,https://vexta-pool.co.uk/,confirmed,active,2026-09-14,2026-09-14,Discovered by shallow crawling official website domain vexta-pool.co.uk.
vexta-pool.co.uk,3334,stratum+tcp,vexta-pool.co.uk,UNKNOWN,UNKNOWN,Global,official,https://vexta-pool.co.uk/,confirmed,active,2026-09-14,2026-09-14,Discovered by shallow crawling official website domain vexta-pool.co.uk.
vexta-pool.co.uk,4333,stratum+tcp,vexta-pool.co.uk,UNKNOWN,UNKNOWN,Global,official,https://vexta-pool.co.uk/,confirmed,active,2026-09-14,2026-09-14,Discovered by shallow crawling official website domain vexta-pool.co.uk.
vexta-pool.co.uk,4334,stratum+tcp,vexta-pool.co.uk,UNKNOWN,UNKNOWN,Global,official,https://vexta-pool.co.uk/,confirmed,active,2026-09-14,2026-09-14,Discovered by shallow crawling official website domain vexta-pool.co.uk.
vexta-pool.co.uk,5333,stratum+tcp,vexta-pool.co.uk,UNKNOWN,UNKNOWN,Global,official,https://vexta-pool.co.uk/,confirmed,active,2026-09-14,2026-09-14,Discovered by shallow crawling official website domain vexta-pool.co.uk.
vexta-pool.co.uk,5334,stratum+tcp,vexta-pool.co.uk,UNKNOWN,UNKNOWN,Global,official,https://vexta-pool.co.uk/,confirmed,active,2026-09-14,2026-09-14,Discovered by shallow crawling official website domain vexta-pool.co.uk.
vexta-pool.co.uk,6333,stratum+tcp,vexta-pool.co.uk,UNKNOWN,UNKNOWN,Global,official,https://vexta-pool.co.uk/,confirmed,active,2026-09-14,2026-09-14,Discovered by shallow crawling official website domain vexta-pool.co.uk.
vexta-pool.co.uk,6334,stratum+tcp,vexta-pool.co.uk,UNKNOWN,UNKNOWN,Global,official,https://vexta-pool.co.uk/,confirmed,active,2026-09-14,2026-09-14,Discovered by shallow crawling official website domain vexta-pool.co.uk.
vexta-pool.co.uk,6533,stratum+tcp,vexta-pool.co.uk,UNKNOWN,UNKNOWN,Global,official,https://vexta-pool.co.uk/,confirmed,active,2026-09-14,2026-09-14,Discovered by shallow crawling official website domain vexta-pool.co.uk.
vexta-pool.co.uk,6534,stratum+tcp,vexta-pool.co.uk,UNKNOWN,UNKNOWN,Global,official,https://vexta-pool.co.uk/,confirmed,active,2026-09-14,2026-09-14,Discovered by shallow crawling official website domain vexta-pool.co.uk.
vexta-pool.co.uk,7333,stratum+tcp,vexta-pool.co.uk,UNKNOWN,UNKNOWN,Global,official,https://vexta-pool.co.uk/,confirmed,active,2026-09-14,2026-09-14,Discovered by shallow crawling official website domain vexta-pool.co.uk.
vexta-pool.co.uk,7334,stratum+tcp,vexta-pool.co.uk,UNKNOWN,UNKNOWN,Global,official,https://vexta-pool.co.uk/,confirmed,active,2026-09-14,2026-09-14,Discovered by shallow crawling official website domain vexta-pool.co.uk.
vexta-pool.co.uk,7335,stratum+tcp,vexta-pool.co.uk,UNKNOWN,UNKNOWN,Global,official,https://vexta-pool.co.uk/,confirmed,active,2026-09-14,2026-09-14,Discovered by shallow crawling official website domain vexta-pool.co.uk.
vexta-pool.co.uk,8333,stratum+tcp,vexta-pool.co.uk,UNKNOWN,UNKNOWN,Global,official,https://vexta-pool.co.uk/,confirmed,active,2026-09-14,2026-09-14,Discovered by shallow crawling official website domain vexta-pool.co.uk.
vexta-pool.co.uk,9333,stratum+tcp,vexta-pool.co.uk,UNKNOWN,UNKNOWN,Global,official,https://vexta-pool.co.uk/,confirmed,active,2026-09-14,2026-09-14,Discovered by shallow crawling official website domain vexta-pool.co.uk.
vexta-pool.co.uk,9334,stratum+tcp,vexta-pool.co.uk,UNKNOWN,UNKNOWN,Global,official,https://vexta-pool.co.uk/,confirmed,active,2026-09-14,2026-09-14,Discovered by shallow crawling official website domain vexta-pool.co.uk.
stratum1.vippool.net,8888,stratum+tcp,vippool.net,UNKNOWN,UNKNOWN,Global,official,https://vippool.net/index.php?page=gettingstarted,confirmed,active,2026-09-14,2026-09-14,Discovered by shallow crawling official website domain vippool.net.
aleo.asia1.whalepool.com,42343,stratum+tcp,whalepool.com,ALEO,Aleo,Asia,official,https://www.whalepool.com/,confirmed,active,2026-09-14,2026-09-14,Discovered by shallow crawling official website domain whalepool.com.
aleo.eu1.whalepool.com,42343,stratum+tcp,whalepool.com,ALEO,Aleo,Europe,official,https://www.whalepool.com/,confirmed,active,2026-09-14,2026-09-14,Discovered by shallow crawling official website domain whalepool.com.
aleo.us1.whalepool.com,42343,stratum+tcp,whalepool.com,ALEO,Aleo,USA,official,https://www.whalepool.com/,confirmed,active,2026-09-14,2026-09-14,Discovered by shallow crawling official website domain whalepool.com.
alph.asia1.whalepool.com,13510,stratum+tcp,whalepool.com,ALPH,Blake3,Asia,official,https://www.whalepool.com/,confirmed,active,2026-09-14,2026-09-14,Discovered by shallow crawling official website domain whalepool.com.
alph.eu1.whalepool.com,13510,stratum+tcp,whalepool.com,ALPH,Blake3,Europe,official,https://www.whalepool.com/,confirmed,active,2026-09-14,2026-09-14,Discovered by shallow crawling official website domain whalepool.com.
alph.us1.whalepool.com,13510,stratum+tcp,whalepool.com,ALPH,Blake3,USA,official,https://www.whalepool.com/,confirmed,active,2026-09-14,2026-09-14,Discovered by shallow crawling official website domain whalepool.com.
kas.asia1.whalepool.com,15120,stratum+tcp,whalepool.com,KAS,kHeavyHash,Asia,official,https://www.whalepool.com/,confirmed,active,2026-09-14,2026-09-14,Discovered by shallow crawling official website domain whalepool.com.
kas.asia1.whalepool.com,15121,stratum+tcp,whalepool.com,KAS,kHeavyHash,Asia,official,https://www.whalepool.com/,confirmed,active,2026-09-14,2026-09-14,Discovered by shallow crawling official website domain whalepool.com.
kas.eu1.whalepool.com,15120,stratum+tcp,whalepool.com,KAS,kHeavyHash,Europe,official,https://www.whalepool.com/,confirmed,active,2026-09-14,2026-09-14,Discovered by shallow crawling official website domain whalepool.com.
kas.eu1.whalepool.com,15121,stratum+tcp,whalepool.com,KAS,kHeavyHash,Europe,official,https://www.whalepool.com/,confirmed,active,2026-09-14,2026-09-14,Discovered by shallow crawling official website domain whalepool.com.
kas.us1.whalepool.com,15120,stratum+tcp,whalepool.com,KAS,kHeavyHash,USA,official,https://www.whalepool.com/,confirmed,active,2026-09-14,2026-09-14,Discovered by shallow crawling official website domain whalepool.com.
kas.us1.whalepool.com,15121,stratum+tcp,whalepool.com,KAS,kHeavyHash,USA,official,https://www.whalepool.com/,confirmed,active,2026-09-14,2026-09-14,Discovered by shallow crawling official website domain whalepool.com.
ltc.asia1.whalepool.com,40573,stratum+tcp,whalepool.com,LTC,Scrypt,Asia,official,https://www.whalepool.com/,confirmed,active,2026-09-14,2026-09-14,Discovered by shallow crawling official website domain whalepool.com.
ltc.eu1.whalepool.com,40573,stratum+tcp,whalepool.com,LTC,Scrypt,Europe,official,https://www.whalepool.com/,confirmed,active,2026-09-14,2026-09-14,Discovered by shallow crawling official website domain whalepool.com.
ltc.us1.whalepool.com,40573,stratum+tcp,whalepool.com,LTC,Scrypt,USA,official,https://www.whalepool.com/,confirmed,active,2026-09-14,2026-09-14,Discovered by shallow crawling official website domain whalepool.com.
rxd.asia1.whalepool.com,12110,stratum+tcp,whalepool.com,UNKNOWN,UNKNOWN,Asia,official,https://www.whalepool.com/,confirmed,active,2026-09-14,2026-09-14,Discovered by shallow crawling official website domain whalepool.com.
rxd.eu1.whalepool.com,12110,stratum+tcp,whalepool.com,UNKNOWN,UNKNOWN,Europe,official,https://www.whalepool.com/,confirmed,active,2026-09-14,2026-09-14,Discovered by shallow crawling official website domain whalepool.com.
rxd.us1.whalepool.com,12110,stratum+tcp,whalepool.com,UNKNOWN,UNKNOWN,USA,official,https://www.whalepool.com/,confirmed,active,2026-09-14,2026-09-14,Discovered by shallow crawling official website domain whalepool.com.
206.189.2.17,3333,stratum+tcp,whivepool.cointest.com,UNKNOWN,UNKNOWN,Global,official,http://whivepool.cointest.com/getting_started,confirmed,active,2026-09-14,2026-09-14,Discovered by shallow crawling official website domain whivepool.cointest.com.
mine.xdag1usa.com,3094,stratum+tcp,xdag1usa.com,UNKNOWN,UNKNOWN,USA,official,https://xdag1usa.com/wala/,confirmed,active,2026-09-14,2026-09-14,Discovered by shallow crawling official website domain xdag1usa.com.
xdag1usa.com,13333,stratum+tcp,xdag1usa.com,UNKNOWN,UNKNOWN,USA,official,https://xdag1usa.com/zeph/,confirmed,active,2026-09-14,2026-09-14,Discovered by shallow crawling official website domain xdag1usa.com.
zeph.xdag1usa.com,13333,stratum+tcp,xdag1usa.com,UNKNOWN,UNKNOWN,USA,official,https://xdag1usa.com/zeph/,confirmed,active,2026-09-14,2026-09-14,Discovered by shallow crawling official website domain xdag1usa.com.
xpoolx.com,3433,stratum+tcp,xpoolx.com,UNKNOWN,UNKNOWN,Global,official,https://xpoolx.com/site/diff,confirmed,active,2026-09-14,2026-09-14,Discovered by shallow crawling official website domain xpoolx.com.
mining.xvg-pool.com,4686,stratum+tcp,xvg-pool.com,UNKNOWN,UNKNOWN,Global,official,https://xvg-pool.com/,confirmed,active,2026-09-14,2026-09-14,Discovered by shallow crawling official website domain xvg-pool.com.
mining.xvg-pool.com,6851,stratum+tcp,xvg-pool.com,UNKNOWN,UNKNOWN,Global,official,https://xvg-pool.com/,confirmed,active,2026-09-14,2026-09-14,Discovered by shallow crawling official website domain xvg-pool.com.
mining.xvg-pool.com,8156,stratum+tcp,xvg-pool.com,UNKNOWN,UNKNOWN,Global,official,https://xvg-pool.com/,confirmed,active,2026-09-14,2026-09-14,Discovered by shallow crawling official website domain xvg-pool.com.
mining.xvg-pool.com,8705,stratum+tcp,xvg-pool.com,UNKNOWN,UNKNOWN,Global,official,https://xvg-pool.com/,confirmed,active,2026-09-14,2026-09-14,Discovered by shallow crawling official website domain xvg-pool.com.
mining.xvg-pool.com,9574,stratum+tcp,xvg-pool.com,UNKNOWN,UNKNOWN,Global,official,https://xvg-pool.com/,confirmed,active,2026-09-14,2026-09-14,Discovered by shallow crawling official website domain xvg-pool.com.
yenten-pool.info,6248,stratum+tcp,yenten-pool.info,UNKNOWN,UNKNOWN,Global,official,http://yenten-pool.info/getting_started; http://yenten-pool.info/getting_started#calculator,confirmed,active,2026-09-14,2026-09-14,Discovered by shallow crawling official website domain yenten-pool.info.
yenten-pool.info,7046,stratum+tcp,yenten-pool.info,UNKNOWN,UNKNOWN,Global,official,http://yenten-pool.info/getting_started; http://yenten-pool.info/getting_started#calculator,confirmed,active,2026-09-14,2026-09-14,Discovered by shallow crawling official website domain yenten-pool.info.
yenten-pool.info,63368,stratum+tcp,yenten-pool.info,UNKNOWN,UNKNOWN,Global,official,http://yenten-pool.info/getting_started; http://yenten-pool.info/getting_started#calculator,confirmed,active,2026-09-14,2026-09-14,Discovered by shallow crawling official website domain yenten-pool.info.
yenten-pool.info,63378,stratum+tcp,yenten-pool.info,UNKNOWN,UNKNOWN,Global,official,http://yenten-pool.info/getting_started; http://yenten-pool.info/getting_started#calculator,confirmed,active,2026-09-14,2026-09-14,Discovered by shallow crawling official website domain yenten-pool.info.
zalmex.online,3433,stratum+tcp,zalmex.online,UNKNOWN,UNKNOWN,Global,official,https://zalmex.online/,confirmed,active,2026-09-14,2026-09-14,Discovered by shallow crawling official website domain zalmex.online.
