domain,port,scheme,pool_name,coin,algorithm,region,source_type,source_url,confidence,status,first_seen,last_seen,notes
bch.0x.al,3533,stratum+tcp,0x.al,BCH,SHA-256,Global,official,https://0x.al/,confirmed,active,2026-08-10,2026-08-10,Discovered by shallow crawling official website domain 0x.al. auto_source=official_site_crawl
asia-erg.2miners.com,8888,stratum+tcp,2Miners,ERG,Autolykos v2,Asia,official,https://erg.2miners.com/help,confirmed,active,2026-04-21,2026-08-10,Discovered by 2miners_erg_help using html_stratum_extract. Official ERG setup and server table. auto_source=priority_sources
asia-erg.2miners.com,18888,stratum+ssl,2Miners,ERG,Autolykos v2,Asia,official,https://erg.2miners.com/help,confirmed,active,2026-04-21,2026-08-10,Discovered by 2miners_erg_help using html_stratum_extract. Official ERG setup and server table. auto_source=priority_sources
erg.2miners.com,8888,stratum+tcp,2Miners,ERG,Autolykos v2,Europe,official,https://erg.2miners.com/help; https://erg.2miners.com/; https://erg.2miners.com/#pools; https://github.com/DcTyle/QuantumMiner/blob/f6c71b9eb895631983852fa2e96be30293836cbb/miner/miner_runtime_config.json.bak_ascii,confirmed,active,2026-04-17,2026-08-10,Official 2Miners ERG pool endpoint. | Discovered by 2miners_erg_help using html_stratum_extract. Official ERG setup and server table. auto_source=priority_sources | Discovered by shallow crawling official website domain erg.2miners.com. auto_source=official_site_crawl | Discovered by 2miners_erg_help using html_stratum_extract. Official ERG setup and server table. auto_source=priority_sources | Discovered by shallow crawling official website domain erg.2miners.com. auto_source=official_site_crawl | Discovered by 2miners_erg_help using html_stratum_extract. Official ERG setup and server table. auto_source=priority_sources | Discovered by shallow crawling official website domain erg.2miners.com. auto_source=official_site_crawl | Extracted from public GitHub code search query stratum_tcp_json; repo=DcTyle/QuantumMiner; path=miner/miner_runtime_config.json.bak_ascii; review before promotion.
erg.2miners.com,18888,stratum+ssl,2Miners,ERG,Autolykos v2,Europe,official,https://erg.2miners.com/help,confirmed,active,2026-04-17,2026-08-10,Official 2Miners ERG SSL endpoint. | Discovered by 2miners_erg_help using html_stratum_extract. Official ERG setup and server table. auto_source=priority_sources | Discovered by 2miners_erg_help using html_stratum_extract. Official ERG setup and server table. auto_source=priority_sources | Discovered by 2miners_erg_help using html_stratum_extract. Official ERG setup and server table. auto_source=priority_sources | Discovered by 2miners_erg_help using html_stratum_extract. Official ERG setup and server table. auto_source=priority_sources | Discovered by 2miners_erg_help using html_stratum_extract. Official ERG setup and server table. auto_source=priority_sources | Discovered by 2miners_erg_help using html_stratum_extract. Official ERG setup and server table. auto_source=priority_sources | Discovered by 2miners_erg_help using html_stratum_extract. Official ERG setup and server table. auto_
us-erg.2miners.com,8888,stratum+tcp,2Miners,ERG,Autolykos v2,USA,official,https://erg.2miners.com/help; https://erg.2miners.com/,confirmed,active,2026-04-17,2026-08-10,Official 2Miners ERG regional endpoint. | Discovered by 2miners_erg_help using html_stratum_extract. Official ERG setup and server table. auto_source=priority_sources | Discovered by 2miners_erg_help using html_stratum_extract. Official ERG setup and server table. auto_source=priority_sources | Discovered by 2miners_erg_help using html_stratum_extract. Official ERG setup and server table. auto_source=priority_sources | Discovered by 2miners_erg_help using html_stratum_extract. Official ERG setup and server table. auto_source=priority_sources | Discovered by 2miners_erg_help using html_stratum_extract. Official ERG setup and server table. auto_source=priority_sources | Discovered by 2miners_erg_help using html_stratum_extract. Official ERG setup and server table. auto_source=priority_sources | Discovered by 2miners_erg_help using html_stratum_extract. Official ERG setup and server table.
us-erg.2miners.com,18888,stratum+ssl,2Miners,ERG,Autolykos v2,USA,official,https://erg.2miners.com/help,confirmed,active,2026-04-21,2026-08-10,Discovered by 2miners_erg_help using html_stratum_extract. Official ERG setup and server table. auto_source=priority_sources
etc.2miners.com,1010,stratum+tcp,2Miners,ETC,Etchash,Global,official,https://2miners.com/faq; https://etc.2miners.com/; https://etc.2miners.com/#pools; https://etc.2miners.com/faq; https://github.com/DcTyle/QuantumMiner/blob/f6c71b9eb895631983852fa2e96be30293836cbb/miner/miner_runtime_config.json.bak_ascii; https://2miners.com/etc-mining-pool,confirmed,active,2026-04-21,2026-08-10,Discovered by shallow crawling official website domain 2miners.com. auto_source=official_site_crawl | Extracted from public GitHub code search query stratum_tcp_json; repo=DcTyle/QuantumMiner; path=miner/miner_runtime_config.json.bak_ascii; review before promotion. auto_source=github_code_search | Discovered by shallow crawling official website domain 2miners.com. auto_source=official_site_crawl | Extracted from public GitHub code search query stratum_tcp_json; repo=DcTyle/QuantumMiner; path=miner/miner_runtime_config.json.bak_ascii; review before promotion. auto_source=github_code_search | Discovered by shallow crawling official website domain 2miners.com. auto_source=official_site_crawl | Extracted from public GitHub code search query stratum_tcp_json; repo=DcTyle/QuantumMiner; path=miner/miner_runtime_config.json.bak_ascii; review before promotion. auto_source=github_code_search | Dis
asia-ethw.2miners.com,2020,stratum+tcp,2Miners,ETHW,Ethash,Asia,official,https://ethw.2miners.com/help,confirmed,active,2026-04-21,2026-08-10,Discovered by 2miners_ethw_help using html_stratum_extract. Official ETHW setup and server table. auto_source=priority_sources
asia-ethw.2miners.com,12020,stratum+ssl,2Miners,ETHW,Ethash,Asia,official,https://ethw.2miners.com/help,confirmed,active,2026-04-21,2026-08-10,Discovered by 2miners_ethw_help using html_stratum_extract. Official ETHW setup and server table. auto_source=priority_sources
ethw.2miners.com,2020,stratum+tcp,2Miners,ETHW,Ethash,Europe,official,https://ethw.2miners.com/help; https://ethw.2miners.com/; https://ethw.2miners.com/#pools,confirmed,active,2026-04-17,2026-08-10,Official 2Miners ETHW endpoint. | Discovered by 2miners_ethw_help using html_stratum_extract. Official ETHW setup and server table. auto_source=priority_sources | Discovered by shallow crawling official website domain ethw.2miners.com. auto_source=official_site_crawl | Discovered by 2miners_ethw_help using html_stratum_extract. Official ETHW setup and server table. auto_source=priority_sources | Discovered by shallow crawling official website domain ethw.2miners.com. auto_source=official_site_crawl | Discovered by 2miners_ethw_help using html_stratum_extract. Official ETHW setup and server table. auto_source=priority_sources | Discovered by shallow crawling official website domain ethw.2miners.com. auto_source=official_site_crawl | Discovered by 2miners_ethw_help using html_stratum_extract. Official ETHW setup and server table. auto_source=priority_sources | Discovered by shallow crawlin
ethw.2miners.com,12020,stratum+ssl,2Miners,ETHW,Ethash,Global,official,https://ethw.2miners.com/help; https://2miners.com/faq,confirmed,active,2026-04-21,2026-08-10,Discovered by 2miners_ethw_help using html_stratum_extract. Official ETHW setup and server table. auto_source=priority_sources | Discovered by shallow crawling official website domain 2miners.com. auto_source=official_site_crawl | Discovered by 2miners_ethw_help using html_stratum_extract. Official ETHW setup and server table. auto_source=priority_sources | Discovered by shallow crawling official website domain 2miners.com. auto_source=official_site_crawl | Discovered by 2miners_ethw_help using html_stratum_extract. Official ETHW setup and server table. auto_source=priority_sources | Discovered by shallow crawling official website domain 2miners.com. auto_source=official_site_crawl | Discovered by 2miners_ethw_help using html_stratum_extract. Official ETHW setup and server table. auto_source=priority_sources | Discovered by shallow crawling official website domain 2miners.com. auto_sourc
us-ethw.2miners.com,2020,stratum+tcp,2Miners,ETHW,Ethash,USA,official,https://ethw.2miners.com/help,confirmed,active,2026-04-21,2026-08-10,Discovered by 2miners_ethw_help using html_stratum_extract. Official ETHW setup and server table. auto_source=priority_sources
us-ethw.2miners.com,12020,stratum+ssl,2Miners,ETHW,Ethash,USA,official,https://ethw.2miners.com/help,confirmed,active,2026-04-21,2026-08-10,Discovered by 2miners_ethw_help using html_stratum_extract. Official ETHW setup and server table. auto_source=priority_sources
rvn.2miners.com,6060,stratum+tcp,2Miners,RVN,KawPoW,Global,official,https://2miners.com/rvn-mining-pool; https://rvn.2miners.com/; https://rvn.2miners.com/#pools; https://github.com/DcTyle/QuantumMiner/blob/f6c71b9eb895631983852fa2e96be30293836cbb/miner/miner_runtime_config.json.bak_ascii; https://github.com/Flofactionllc/flofaction-website-backup/blob/fe35390c9fea96ada1fb7e6be331bfed252fbfbe/optimized_mining_config.json,confirmed,active,2026-04-21,2026-08-10,Discovered by shallow crawling official website domain 2miners.com. auto_source=official_site_crawl | Extracted from public GitHub code search query stratum_tcp_json; repo=DcTyle/QuantumMiner; path=miner/miner_runtime_config.json.bak_ascii; review before promotion. auto_source=github_code_search | Discovered by shallow crawling official website domain 2miners.com. auto_source=official_site_crawl | Extracted from public GitHub code search query stratum_tcp_json; repo=DcTyle/QuantumMiner; path=miner/miner_runtime_config.json.bak_ascii; review before promotion. auto_source=github_code_search | Discovered by shallow crawling official website domain 2miners.com. auto_source=official_site_crawl | Extracted from public GitHub code search query stratum_tcp_json; repo=DcTyle/QuantumMiner; path=miner/miner_runtime_config.json.bak_ascii; review before promotion. auto_source=github_code_search | Dis
rvn.2miners.com,16060,stratum+ssl,2Miners,RVN,KawPoW,Global,official,https://2miners.com/faq; https://ae.2miners.com/faq; https://bch.2miners.com/faq; https://beam.2miners.com/faq; https://btg.2miners.com/faq; https://ckb.2miners.com/faq; https://ctxc.2miners.com/faq; https://erg.2miners.com/faq; https://etc.2miners.com/faq; https://ethw.2miners.com/faq; https://grin.2miners.com/faq; https://kas.2miners.com/faq; https://mwc.2miners.com/faq; https://neox.2miners.com/faq; https://nexa.2miners.com/faq; https://quaikawpow.2miners.com/faq; https://quaisha.2miners.com/faq; https://rvn.2miners.com/faq; https://solo-ae.2miners.com/faq; https://solo-bch.2miners.com/faq; https://solo-beam.2miners.com/faq; https://solo-btc.2miners.com/faq; https://solo-btg.2miners.com/faq; https://solo-ckb.2miners.com/faq; https://solo-ctxc.2miners.com/faq; https://solo-erg.2miners.com/faq; https://solo-etc.2miners.com/faq; https://solo-ethw.2miners.com/faq; https://solo-grin.2miners.com/faq; https://solo-kas.2miners.com/faq; https://solo-mwc.2miners.com/faq; https://solo-neox.2miners.com/faq; https://solo-nexa.2miners.com/faq; https://solo-quaikawpow.2miners.com/faq; https://solo-quaisha.2miners.com/faq; https://solo-rvn.2miners.com/faq; https://solo-xna.2miners.com/faq; https://solo-zec.2miners.com/faq; https://solo-zeph.2miners.com/faq; https://xna.2miners.com/faq; https://zec.2miners.com/faq; https://zeph.2miners.com/faq; https://prl.2miners.com/faq; https://solo-prl.2miners.com/faq,confirmed,active,2026-04-21,2026-08-10,Discovered by shallow crawling official website domain 2miners.com. auto_source=official_site_crawl
zec.2miners.com,1010,stratum+tcp,2Miners,ZEC,Equihash,Global,official,https://2miners.com/faq; https://ae.2miners.com/faq; https://bch.2miners.com/faq; https://beam.2miners.com/faq; https://btg.2miners.com/faq; https://ckb.2miners.com/faq; https://ctxc.2miners.com/faq; https://erg.2miners.com/faq; https://etc.2miners.com/faq; https://ethw.2miners.com/faq; https://grin.2miners.com/faq; https://kas.2miners.com/faq; https://mwc.2miners.com/faq; https://neox.2miners.com/faq; https://nexa.2miners.com/faq; https://quaikawpow.2miners.com/faq; https://quaisha.2miners.com/faq; https://rvn.2miners.com/faq; https://solo-ae.2miners.com/faq; https://solo-bch.2miners.com/faq; https://solo-beam.2miners.com/faq; https://solo-btc.2miners.com/faq; https://solo-btg.2miners.com/faq; https://solo-ckb.2miners.com/faq; https://solo-ctxc.2miners.com/faq; https://solo-erg.2miners.com/faq; https://solo-etc.2miners.com/faq; https://solo-ethw.2miners.com/faq; https://solo-grin.2miners.com/faq; https://solo-kas.2miners.com/faq; https://solo-mwc.2miners.com/faq; https://solo-neox.2miners.com/faq; https://solo-nexa.2miners.com/faq; https://solo-quaikawpow.2miners.com/faq; https://solo-quaisha.2miners.com/faq; https://solo-rvn.2miners.com/faq; https://solo-xna.2miners.com/faq; https://solo-zec.2miners.com/faq; https://solo-zeph.2miners.com/faq; https://xna.2miners.com/faq; https://zec.2miners.com/; https://zec.2miners.com/#pools; https://zec.2miners.com/faq; https://zeph.2miners.com/faq; https://prl.2miners.com/faq; https://solo-prl.2miners.com/faq,confirmed,active,2026-04-21,2026-08-10,Discovered by shallow crawling official website domain 2miners.com. auto_source=official_site_crawl
bch.2miners.com,7070,stratum+tcp,2miners.com,BCH,SHA-256,Global,official,https://bch.2miners.com/; https://bch.2miners.com/#pools,confirmed,active,2026-04-21,2026-06-08,Discovered by shallow crawling official website domain bch.2miners.com. auto_source=official_site_crawl
bch.2miners.com,7171,stratum+tcp,2miners.com,BCH,SHA-256,Global,official,https://bch.2miners.com/; https://bch.2miners.com/#pools,confirmed,active,2026-04-21,2026-06-08,Discovered by shallow crawling official website domain bch.2miners.com. auto_source=official_site_crawl
bch.2miners.com,7272,stratum+tcp,2miners.com,BCH,SHA-256,Global,official,https://bch.2miners.com/; https://bch.2miners.com/#pools,confirmed,active,2026-04-21,2026-06-08,Discovered by shallow crawling official website domain bch.2miners.com. auto_source=official_site_crawl
bch.2miners.com,7373,stratum+tcp,2miners.com,BCH,SHA-256,Global,official,https://bch.2miners.com/; https://bch.2miners.com/#pools,confirmed,active,2026-04-21,2026-08-10,Discovered by shallow crawling official website domain bch.2miners.com. auto_source=official_site_crawl
solo-bch.2miners.com,9090,stratum+tcp,2miners.com,BCH,SHA-256,Global,official,https://solo-bch.2miners.com/; https://solo-bch.2miners.com/#pools,confirmed,active,2026-04-21,2026-06-08,Discovered by shallow crawling official website domain solo-bch.2miners.com. auto_source=official_site_crawl
solo-bch.2miners.com,9191,stratum+tcp,2miners.com,BCH,SHA-256,Global,official,https://solo-bch.2miners.com/; https://solo-bch.2miners.com/#pools,confirmed,active,2026-04-21,2026-06-08,Discovered by shallow crawling official website domain solo-bch.2miners.com. auto_source=official_site_crawl
solo-bch.2miners.com,9292,stratum+tcp,2miners.com,BCH,SHA-256,Global,official,https://solo-bch.2miners.com/; https://solo-bch.2miners.com/#pools,confirmed,active,2026-04-21,2026-06-08,Discovered by shallow crawling official website domain solo-bch.2miners.com. auto_source=official_site_crawl
solo-bch.2miners.com,9393,stratum+tcp,2miners.com,BCH,SHA-256,Global,official,https://solo-bch.2miners.com/; https://solo-bch.2miners.com/#pools,confirmed,active,2026-04-21,2026-08-10,Discovered by shallow crawling official website domain solo-bch.2miners.com. auto_source=official_site_crawl
solo-btc.2miners.com,2323,stratum+tcp,2miners.com,BTC,SHA-256,Global,official,https://solo-btc.2miners.com/; https://solo-btc.2miners.com/#pools,confirmed,active,2026-04-21,2026-08-10,Discovered by shallow crawling official website domain solo-btc.2miners.com. auto_source=official_site_crawl
solo-btc.2miners.com,2424,stratum+tcp,2miners.com,BTC,SHA-256,Global,official,https://solo-btc.2miners.com/; https://solo-btc.2miners.com/#pools,confirmed,active,2026-04-21,2026-06-08,Discovered by shallow crawling official website domain solo-btc.2miners.com. auto_source=official_site_crawl
solo-btc.2miners.com,2525,stratum+tcp,2miners.com,BTC,SHA-256,Global,official,https://solo-btc.2miners.com/; https://solo-btc.2miners.com/#pools,confirmed,active,2026-04-21,2026-06-08,Discovered by shallow crawling official website domain solo-btc.2miners.com. auto_source=official_site_crawl
solo-btc.2miners.com,2626,stratum+tcp,2miners.com,BTC,SHA-256,Global,official,https://solo-btc.2miners.com/; https://solo-btc.2miners.com/#pools,confirmed,active,2026-04-21,2026-06-08,Discovered by shallow crawling official website domain solo-btc.2miners.com. auto_source=official_site_crawl
ckb.2miners.com,6464,stratum+tcp,2miners.com,CKB,Eaglesong,Global,official,https://ckb.2miners.com/; https://ckb.2miners.com/#pools,confirmed,active,2026-04-21,2026-08-10,Discovered by shallow crawling official website domain ckb.2miners.com. auto_source=official_site_crawl
ckb.2miners.com,6565,stratum+tcp,2miners.com,CKB,Eaglesong,Global,official,https://ckb.2miners.com/; https://ckb.2miners.com/#pools,confirmed,active,2026-04-21,2026-08-10,Discovered by shallow crawling official website domain ckb.2miners.com. auto_source=official_site_crawl
solo-ckb.2miners.com,6767,stratum+tcp,2miners.com,CKB,Eaglesong,Global,official,https://solo-ckb.2miners.com/; https://solo-ckb.2miners.com/#pools,confirmed,active,2026-04-21,2026-08-10,Discovered by shallow crawling official website domain solo-ckb.2miners.com. auto_source=official_site_crawl
solo-ckb.2miners.com,6868,stratum+tcp,2miners.com,CKB,Eaglesong,Global,official,https://solo-ckb.2miners.com/; https://solo-ckb.2miners.com/#pools,confirmed,active,2026-04-21,2026-08-10,Discovered by shallow crawling official website domain solo-ckb.2miners.com. auto_source=official_site_crawl
solo-erg.2miners.com,9898,stratum+tcp,2miners.com,ERG,Autolykos v2,Global,official,https://solo-erg.2miners.com/; https://solo-erg.2miners.com/#pools,confirmed,active,2026-04-21,2026-08-10,Discovered by shallow crawling official website domain solo-erg.2miners.com. auto_source=official_site_crawl
solo-erg.2miners.com,9999,stratum+tcp,2miners.com,ERG,Autolykos v2,Global,official,https://solo-erg.2miners.com/; https://solo-erg.2miners.com/#pools,confirmed,active,2026-04-21,2026-08-10,Discovered by shallow crawling official website domain solo-erg.2miners.com. auto_source=official_site_crawl
solo-etc.2miners.com,5050,stratum+tcp,2miners.com,ETC,Etchash,Global,official,https://solo-etc.2miners.com/; https://solo-etc.2miners.com/#pools,confirmed,active,2026-04-21,2026-08-10,Discovered by shallow crawling official website domain solo-etc.2miners.com. auto_source=official_site_crawl
solo-etc.2miners.com,5151,stratum+tcp,2miners.com,ETC,Etchash,Global,official,https://solo-etc.2miners.com/; https://solo-etc.2miners.com/#pools,confirmed,active,2026-04-21,2026-08-10,Discovered by shallow crawling official website domain solo-etc.2miners.com. auto_source=official_site_crawl
ethw.2miners.com,12020,stratum+tcp,2miners.com,ETHW,Ethash,Global,official,https://ethw.2miners.com/faq,confirmed,active,2026-04-21,2026-08-10,Discovered by shallow crawling official website domain ethw.2miners.com. auto_source=official_site_crawl
solo-ethw.2miners.com,6060,stratum+tcp,2miners.com,ETHW,Ethash,Global,official,https://solo-ethw.2miners.com/; https://solo-ethw.2miners.com/#pools,confirmed,active,2026-04-21,2026-08-10,Discovered by shallow crawling official website domain solo-ethw.2miners.com. auto_source=official_site_crawl
solo-ethw.2miners.com,6161,stratum+tcp,2miners.com,ETHW,Ethash,Global,official,https://solo-ethw.2miners.com/; https://solo-ethw.2miners.com/#pools,confirmed,active,2026-04-21,2026-08-10,Discovered by shallow crawling official website domain solo-ethw.2miners.com. auto_source=official_site_crawl
kas.2miners.com,2020,stratum+tcp,2miners.com,KAS,kHeavyHash,Global,official,https://kas.2miners.com/; https://kas.2miners.com/#pools,confirmed,active,2026-04-21,2026-08-10,Discovered by shallow crawling official website domain kas.2miners.com. auto_source=official_site_crawl
kas.2miners.com,2121,stratum+tcp,2miners.com,KAS,kHeavyHash,Global,official,https://kas.2miners.com/; https://kas.2miners.com/#pools,confirmed,active,2026-04-21,2026-08-10,Discovered by shallow crawling official website domain kas.2miners.com. auto_source=official_site_crawl
kas.2miners.com,2222,stratum+tcp,2miners.com,KAS,kHeavyHash,Global,official,https://kas.2miners.com/; https://kas.2miners.com/#pools,confirmed,active,2026-04-21,2026-08-10,Discovered by shallow crawling official website domain kas.2miners.com. auto_source=official_site_crawl
kas.2miners.com,2323,stratum+tcp,2miners.com,KAS,kHeavyHash,Global,official,https://kas.2miners.com/; https://kas.2miners.com/#pools,confirmed,active,2026-04-21,2026-08-10,Discovered by shallow crawling official website domain kas.2miners.com. auto_source=official_site_crawl
solo-kas.2miners.com,3030,stratum+tcp,2miners.com,KAS,kHeavyHash,Global,official,https://solo-kas.2miners.com/; https://solo-kas.2miners.com/#pools,confirmed,active,2026-04-21,2026-08-10,Discovered by shallow crawling official website domain solo-kas.2miners.com. auto_source=official_site_crawl
solo-kas.2miners.com,3333,stratum+tcp,2miners.com,KAS,kHeavyHash,Global,official,https://solo-kas.2miners.com/; https://solo-kas.2miners.com/#pools,confirmed,active,2026-04-21,2026-08-10,Discovered by shallow crawling official website domain solo-kas.2miners.com. auto_source=official_site_crawl
solo-kas.2miners.com,3434,stratum+tcp,2miners.com,KAS,kHeavyHash,Global,official,https://solo-kas.2miners.com/; https://solo-kas.2miners.com/#pools,confirmed,active,2026-04-21,2026-08-10,Discovered by shallow crawling official website domain solo-kas.2miners.com. auto_source=official_site_crawl
solo-kas.2miners.com,3535,stratum+tcp,2miners.com,KAS,kHeavyHash,Global,official,https://solo-kas.2miners.com/; https://solo-kas.2miners.com/#pools,confirmed,active,2026-04-21,2026-08-10,Discovered by shallow crawling official website domain solo-kas.2miners.com. auto_source=official_site_crawl
nexa.2miners.com,5050,stratum+tcp,2miners.com,NEXA,NexaPoW,Global,official,https://nexa.2miners.com/; https://nexa.2miners.com/#pools,confirmed,active,2026-04-21,2026-08-10,Discovered by shallow crawling official website domain nexa.2miners.com. auto_source=official_site_crawl
nexa.2miners.com,5151,stratum+tcp,2miners.com,NEXA,NexaPoW,Global,official,https://nexa.2miners.com/; https://nexa.2miners.com/#pools,confirmed,active,2026-04-21,2026-08-10,Discovered by shallow crawling official website domain nexa.2miners.com. auto_source=official_site_crawl
solo-nexa.2miners.com,7070,stratum+tcp,2miners.com,NEXA,NexaPoW,Global,official,https://solo-nexa.2miners.com/; https://solo-nexa.2miners.com/#pools,confirmed,active,2026-04-21,2026-08-10,Discovered by shallow crawling official website domain solo-nexa.2miners.com. auto_source=official_site_crawl
solo-nexa.2miners.com,7171,stratum+tcp,2miners.com,NEXA,NexaPoW,Global,official,https://solo-nexa.2miners.com/; https://solo-nexa.2miners.com/#pools,confirmed,active,2026-04-21,2026-08-10,Discovered by shallow crawling official website domain solo-nexa.2miners.com. auto_source=official_site_crawl
rvn.2miners.com,6161,stratum+tcp,2miners.com,RVN,KawPoW,Global,official,https://rvn.2miners.com/; https://rvn.2miners.com/#pools,confirmed,active,2026-04-21,2026-08-10,Discovered by shallow crawling official website domain rvn.2miners.com. auto_source=official_site_crawl
rvn.2miners.com,16060,stratum+tcp,2miners.com,RVN,KawPoW,Global,official,https://rvn.2miners.com/faq,confirmed,active,2026-04-21,2026-08-10,Discovered by shallow crawling official website domain rvn.2miners.com. auto_source=official_site_crawl
solo-rvn.2miners.com,7070,stratum+tcp,2miners.com,RVN,KawPoW,Global,official,https://solo-rvn.2miners.com/; https://solo-rvn.2miners.com/#pools,confirmed,active,2026-04-21,2026-08-10,Discovered by shallow crawling official website domain solo-rvn.2miners.com. auto_source=official_site_crawl
solo-rvn.2miners.com,7171,stratum+tcp,2miners.com,RVN,KawPoW,Global,official,https://solo-rvn.2miners.com/; https://solo-rvn.2miners.com/#pools,confirmed,active,2026-04-21,2026-08-10,Discovered by shallow crawling official website domain solo-rvn.2miners.com. auto_source=official_site_crawl
solo-zec.2miners.com,1010,stratum+tcp,2miners.com,ZEC,Equihash,Global,official,https://solo-zec.2miners.com/; https://solo-zec.2miners.com/#pools,confirmed,active,2026-04-21,2026-08-10,Discovered by shallow crawling official website domain solo-zec.2miners.com. auto_source=official_site_crawl
solo-zec.2miners.com,1111,stratum+tcp,2miners.com,ZEC,Equihash,Global,official,https://solo-zec.2miners.com/; https://solo-zec.2miners.com/#pools,confirmed,active,2026-04-21,2026-08-10,Discovered by shallow crawling official website domain solo-zec.2miners.com. auto_source=official_site_crawl
zec.2miners.com,1111,stratum+tcp,2miners.com,ZEC,Equihash,Global,official,https://zec.2miners.com/; https://zec.2miners.com/#pools,confirmed,active,2026-04-21,2026-08-10,Discovered by shallow crawling official website domain zec.2miners.com. auto_source=official_site_crawl
bch.88pool.com,3333,stratum+tcp,88pool.com,BCH,SHA-256,Global,official,https://bch.88pool.com/; https://bch.88pool.com/help.html,confirmed,active,2026-07-20,2026-08-10,Discovered by shallow crawling official website domain bch.88pool.com. auto_source=official_site_crawl
bch.88pool.com,3334,stratum+tcp,88pool.com,BCH,SHA-256,Global,official,https://bch.88pool.com/; https://bch.88pool.com/help.html,confirmed,active,2026-07-20,2026-08-10,Discovered by shallow crawling official website domain bch.88pool.com. auto_source=official_site_crawl
bch.88pool.com,3335,stratum+tcp,88pool.com,BCH,SHA-256,Global,official,https://bch.88pool.com/,confirmed,active,2026-08-10,2026-08-10,Discovered by shallow crawling official website domain bch.88pool.com. auto_source=official_site_crawl
bch.88pool.com,3336,stratum+tcp,88pool.com,BCH,SHA-256,Global,official,https://bch.88pool.com/,confirmed,active,2026-08-10,2026-08-10,Discovered by shallow crawling official website domain bch.88pool.com. auto_source=official_site_crawl
bch.88pool.com,3337,stratum+tcp,88pool.com,BCH,SHA-256,Global,official,https://bch.88pool.com/,confirmed,active,2026-08-10,2026-08-10,Discovered by shallow crawling official website domain bch.88pool.com. auto_source=official_site_crawl
bch.88pool.com,3338,stratum+tcp,88pool.com,BCH,SHA-256,Global,official,https://bch.88pool.com/,confirmed,active,2026-08-10,2026-08-10,Discovered by shallow crawling official website domain bch.88pool.com. auto_source=official_site_crawl
ss.antpool.com,25,stratum+tcp,AntPool,BTC/BCH,SHA-256,Global,official,https://antpoolsupport-hc.zendesk.com/hc/en-us/articles/5984340865177-BTC-BCH-Mining-Tutorial,confirmed,active,2026-04-21,2026-05-04,Discovered by antpool_btc_bch using html_stratum_extract. Official BTC/BCH setup guide. auto_source=priority_sources
ss.antpool.com,443,stratum+tcp,AntPool,BTC/BCH,SHA-256,Global,official,https://antpoolsupport-hc.zendesk.com/hc/en-us/articles/5984340865177-BTC-BCH-Mining-Tutorial,confirmed,active,2026-04-21,2026-05-04,Discovered by antpool_btc_bch using html_stratum_extract. Official BTC/BCH setup guide. auto_source=priority_sources
ss.antpool.com,3333,stratum+tcp,AntPool,BTC/BCH,SHA-256,Global,official,https://antpoolsupport-hc.zendesk.com/hc/en-us/articles/5984340865177-BTC-BCH-Mining-Tutorial,confirmed,active,2026-04-17,2026-05-04,Official BTC/BCH stratum server. | Discovered by antpool_btc_bch using html_stratum_extract. Official BTC/BCH setup guide. auto_source=priority_sources | Discovered by antpool_btc_bch using html_stratum_extract. Official BTC/BCH setup guide. auto_source=priority_sources | Discovered by antpool_btc_bch using html_stratum_extract. Official BTC/BCH setup guide. auto_source=priority_sources
stratum-etc.antpool.com,25,stratum+tcp,AntPool,ETC,Etchash,Global,official,https://antpoolsupport-hc.zendesk.com/hc/en-us/articles/5984283054745-ETC-Mining-Instruction,confirmed,active,2026-04-21,2026-05-11,Discovered by antpool_etc using html_stratum_extract. Official ETC setup guide. auto_source=priority_sources
stratum-etc.antpool.com,443,stratum+tcp,AntPool,ETC,Etchash,Global,official,https://antpoolsupport-hc.zendesk.com/hc/en-us/articles/5984283054745-ETC-Mining-Instruction,confirmed,active,2026-04-21,2026-05-11,Discovered by antpool_etc using html_stratum_extract. Official ETC setup guide. auto_source=priority_sources
stratum-etc.antpool.com,8008,stratum+tcp,AntPool,ETC,Etchash,Global,official,https://antpoolsupport-hc.zendesk.com/hc/en-us/articles/5984283054745-ETC-Mining-Instruction,confirmed,active,2026-04-17,2026-05-11,Official ETC stratum server. | Discovered by antpool_etc using html_stratum_extract. Official ETC setup guide. auto_source=priority_sources | Discovered by antpool_etc using html_stratum_extract. Official ETC setup guide. auto_source=priority_sources | Discovered by antpool_etc using html_stratum_extract. Official ETC setup guide. auto_source=priority_sources | Discovered by antpool_etc using html_stratum_extract. Official ETC setup guide. auto_source=priority_sources
para.bch.ee,3333,stratum+tcp,Bch,BCH,SHA-256,Global,official,https://bch.ee/; https://bch.ee/faq.html,confirmed,active,2026-04-21,2026-08-10,Discovered by shallow crawling official website domain bch.ee. auto_source=official_site_crawl
testnet4.bch.ee,3333,stratum+tcp,Bch,BCH,SHA-256,Global,official,https://bch.ee/; https://bch.ee/faq.html,confirmed,active,2026-08-10,2026-08-10,Discovered by shallow crawling official website domain bch.ee. auto_source=official_site_crawl
aleo.f2pool.com,4400,stratum+tcp,F2Pool,ALEO,Aleo,Global,official,https://f2pool.zendesk.com/hc/en-us/articles/360058887912-Mining-pools-info-payout-schemes-and-thresholds-at-f2pool; https://www.f2pool.com/,confirmed,active,2026-04-21,2026-08-10,Discovered by f2pool_pool_info using html_stratum_extract. Official multi-coin pool URL table. auto_source=priority_sources | Discovered by shallow crawling official website domain f2pool.com. auto_source=official_site_crawl | Discovered by f2pool_pool_info using html_stratum_extract. Official multi-coin pool URL table. auto_source=priority_sources | Discovered by shallow crawling official website domain f2pool.com. auto_source=official_site_crawl | Discovered by f2pool_pool_info using html_stratum_extract. Official multi-coin pool URL table. auto_source=priority_sources | Discovered by shallow crawling official website domain f2pool.com. auto_source=official_site_crawl | Discovered by f2pool_pool_info using html_stratum_extract. Official multi-coin pool URL table. auto_source=priority_sources | Discovered by shallow crawling official website domain f2pool.com. auto_source=official_site_
aleo.f2pool.com,4420,stratum+ssl,F2Pool,ALEO,Aleo,Global,official,https://f2pool.zendesk.com/hc/en-us/articles/360058887912-Mining-pools-info-payout-schemes-and-thresholds-at-f2pool; https://www.f2pool.com/,confirmed,active,2026-04-21,2026-08-10,Discovered by f2pool_pool_info using html_stratum_extract. Official multi-coin pool URL table. auto_source=priority_sources | Discovered by shallow crawling official website domain f2pool.com. auto_source=official_site_crawl | Discovered by f2pool_pool_info using html_stratum_extract. Official multi-coin pool URL table. auto_source=priority_sources | Discovered by shallow crawling official website domain f2pool.com. auto_source=official_site_crawl | Discovered by f2pool_pool_info using html_stratum_extract. Official multi-coin pool URL table. auto_source=priority_sources | Discovered by shallow crawling official website domain f2pool.com. auto_source=official_site_crawl | Discovered by f2pool_pool_info using html_stratum_extract. Official multi-coin pool URL table. auto_source=priority_sources | Discovered by shallow crawling official website domain f2pool.com. auto_source=official_site_
aleo.f2pool.com,4420,stratum+tcp,F2Pool,ALEO,Aleo,Global,official,https://f2pool.zendesk.com/hc/en-us/articles/360058887912-Mining-pools-info-payout-schemes-and-thresholds-at-f2pool; https://www.f2pool.com/,confirmed,active,2026-04-21,2026-08-10,Discovered by f2pool_pool_info using html_stratum_extract. Official multi-coin pool URL table. auto_source=priority_sources | Discovered by shallow crawling official website domain f2pool.com. auto_source=official_site_crawl | Discovered by f2pool_pool_info using html_stratum_extract. Official multi-coin pool URL table. auto_source=priority_sources | Discovered by shallow crawling official website domain f2pool.com. auto_source=official_site_crawl | Discovered by f2pool_pool_info using html_stratum_extract. Official multi-coin pool URL table. auto_source=priority_sources | Discovered by shallow crawling official website domain f2pool.com. auto_source=official_site_crawl | Discovered by f2pool_pool_info using html_stratum_extract. Official multi-coin pool URL table. auto_source=priority_sources | Discovered by shallow crawling official website domain f2pool.com. auto_source=official_site_
aleo.f2pool.com,4430,stratum+tcp,F2Pool,ALEO,Aleo,Global,official,https://f2pool.zendesk.com/hc/en-us/articles/360058887912-Mining-pools-info-payout-schemes-and-thresholds-at-f2pool; https://www.f2pool.com/,confirmed,active,2026-04-21,2026-08-10,Discovered by f2pool_pool_info using html_stratum_extract. Official multi-coin pool URL table. auto_source=priority_sources | Discovered by shallow crawling official website domain f2pool.com. auto_source=official_site_crawl | Discovered by f2pool_pool_info using html_stratum_extract. Official multi-coin pool URL table. auto_source=priority_sources | Discovered by shallow crawling official website domain f2pool.com. auto_source=official_site_crawl | Discovered by f2pool_pool_info using html_stratum_extract. Official multi-coin pool URL table. auto_source=priority_sources | Discovered by shallow crawling official website domain f2pool.com. auto_source=official_site_crawl | Discovered by f2pool_pool_info using html_stratum_extract. Official multi-coin pool URL table. auto_source=priority_sources | Discovered by shallow crawling official website domain f2pool.com. auto_source=official_site_
alph-asia.f2pool.com,5600,stratum+tcp,F2Pool,ALPH,Blake3,Asia,official,https://f2pool.zendesk.com/hc/en-us/articles/360058887912-Mining-pools-info-payout-schemes-and-thresholds-at-f2pool; https://www.f2pool.com/,confirmed,active,2026-04-21,2026-08-10,Discovered by f2pool_pool_info using html_stratum_extract. Official multi-coin pool URL table. auto_source=priority_sources | Discovered by shallow crawling official website domain f2pool.com. auto_source=official_site_crawl | Discovered by f2pool_pool_info using html_stratum_extract. Official multi-coin pool URL table. auto_source=priority_sources | Discovered by shallow crawling official website domain f2pool.com. auto_source=official_site_crawl | Discovered by f2pool_pool_info using html_stratum_extract. Official multi-coin pool URL table. auto_source=priority_sources | Discovered by shallow crawling official website domain f2pool.com. auto_source=official_site_crawl | Discovered by f2pool_pool_info using html_stratum_extract. Official multi-coin pool URL table. auto_source=priority_sources | Discovered by shallow crawling official website domain f2pool.com. auto_source=official_site_
alph-asia.f2pool.com,5630,stratum+tcp,F2Pool,ALPH,Blake3,Asia,official,https://f2pool.zendesk.com/hc/en-us/articles/360058887912-Mining-pools-info-payout-schemes-and-thresholds-at-f2pool; https://www.f2pool.com/,confirmed,active,2026-04-21,2026-08-10,Discovered by f2pool_pool_info using html_stratum_extract. Official multi-coin pool URL table. auto_source=priority_sources | Discovered by shallow crawling official website domain f2pool.com. auto_source=official_site_crawl | Discovered by f2pool_pool_info using html_stratum_extract. Official multi-coin pool URL table. auto_source=priority_sources | Discovered by shallow crawling official website domain f2pool.com. auto_source=official_site_crawl | Discovered by f2pool_pool_info using html_stratum_extract. Official multi-coin pool URL table. auto_source=priority_sources | Discovered by shallow crawling official website domain f2pool.com. auto_source=official_site_crawl | Discovered by f2pool_pool_info using html_stratum_extract. Official multi-coin pool URL table. auto_source=priority_sources | Discovered by shallow crawling official website domain f2pool.com. auto_source=official_site_
b4c.f2pool.com,1228,stratum+tcp,F2Pool,BCH,SHA-256,Global,official,https://f2pool.zendesk.com/hc/en-us/articles/360058887912-Mining-pools-info-payout-schemes-and-thresholds-at-f2pool; https://www.f2pool.com/,confirmed,active,2026-04-21,2026-08-10,Discovered by f2pool_pool_info using html_stratum_extract. Official multi-coin pool URL table. auto_source=priority_sources | Discovered by shallow crawling official website domain f2pool.com. auto_source=official_site_crawl | Discovered by f2pool_pool_info using html_stratum_extract. Official multi-coin pool URL table. auto_source=priority_sources | Discovered by shallow crawling official website domain f2pool.com. auto_source=official_site_crawl | Discovered by f2pool_pool_info using html_stratum_extract. Official multi-coin pool URL table. auto_source=priority_sources | Discovered by shallow crawling official website domain f2pool.com. auto_source=official_site_crawl | Discovered by f2pool_pool_info using html_stratum_extract. Official multi-coin pool URL table. auto_source=priority_sources | Discovered by shallow crawling official website domain f2pool.com. auto_source=official_site_
btc-africa.f2pool.com,1314,stratum+tcp,F2Pool,BTC,SHA-256,Africa,official,https://f2pool.zendesk.com/hc/en-us/articles/360058887912-Mining-pools-info-payout-schemes-and-thresholds-at-f2pool; https://f2pool.zendesk.com/hc/en-us/articles/360058669631-BTC-mining-guide; https://www.f2pool.com/,confirmed,active,2026-04-21,2026-08-10,Discovered by f2pool_pool_info using html_stratum_extract. Official multi-coin pool URL table. auto_source=priority_sources | Discovered by shallow crawling official website domain f2pool.com. auto_source=official_site_crawl | Discovered by f2pool_pool_info using html_stratum_extract. Official multi-coin pool URL table. auto_source=priority_sources | Discovered by shallow crawling official website domain f2pool.com. auto_source=official_site_crawl | Discovered by f2pool_pool_info using html_stratum_extract. Official multi-coin pool URL table. auto_source=priority_sources | Discovered by shallow crawling official website domain f2pool.com. auto_source=official_site_crawl | Discovered by f2pool_pool_info using html_stratum_extract. Official multi-coin pool URL table. auto_source=priority_sources | Discovered by shallow crawling official website domain f2pool.com. auto_source=official_site_
btc-asia.f2pool.com,1314,stratum+tcp,F2Pool,BTC,SHA-256,Asia,official,https://f2pool.zendesk.com/hc/en-us/articles/360058669631-BTC-mining-guide; https://f2pool.zendesk.com/hc/en-us/articles/360058887912-Mining-pools-info-payout-schemes-and-thresholds-at-f2pool; https://www.f2pool.com/; https://github.com/cgminer-rs/cgminer-rs/blob/ba464f804bc6ed79465b5973213e99af0c1dc630/docs/stratum-testing.md,confirmed,active,2026-04-17,2026-08-10,Official regional BTC pool server. | Discovered by f2pool_pool_info using html_stratum_extract. Official multi-coin pool URL table. auto_source=priority_sources | Discovered by shallow crawling official website domain f2pool.com. auto_source=official_site_crawl | Discovered by f2pool_pool_info using html_stratum_extract. Official multi-coin pool URL table. auto_source=priority_sources | Discovered by shallow crawling official website domain f2pool.com. auto_source=official_site_crawl | Discovered by f2pool_pool_info using html_stratum_extract. Official multi-coin pool URL table. auto_source=priority_sources | Discovered by shallow crawling official website domain f2pool.com. auto_source=official_site_crawl | Extracted from public GitHub code search query mining_subscribe; repo=cgminer-rs/cgminer-rs; path=docs/stratum-testing.md; review before promotion. auto_source=github_code_search | D
btc-euro.f2pool.com,1314,stratum+tcp,F2Pool,BTC,SHA-256,Europe,official,https://f2pool.zendesk.com/hc/en-us/articles/360058887912-Mining-pools-info-payout-schemes-and-thresholds-at-f2pool; https://f2pool.zendesk.com/hc/en-us/articles/360058669631-BTC-mining-guide; https://www.f2pool.com/,confirmed,active,2026-04-21,2026-08-10,Discovered by f2pool_pool_info using html_stratum_extract. Official multi-coin pool URL table. auto_source=priority_sources | Discovered by shallow crawling official website domain f2pool.com. auto_source=official_site_crawl | Discovered by f2pool_pool_info using html_stratum_extract. Official multi-coin pool URL table. auto_source=priority_sources | Discovered by shallow crawling official website domain f2pool.com. auto_source=official_site_crawl | Discovered by f2pool_pool_info using html_stratum_extract. Official multi-coin pool URL table. auto_source=priority_sources | Discovered by shallow crawling official website domain f2pool.com. auto_source=official_site_crawl | Discovered by f2pool_pool_info using html_stratum_extract. Official multi-coin pool URL table. auto_source=priority_sources | Discovered by shallow crawling official website domain f2pool.com. auto_source=official_site_
btc-latin.f2pool.com,1314,stratum+tcp,F2Pool,BTC,SHA-256,Latin America,official,https://f2pool.zendesk.com/hc/en-us/articles/360058887912-Mining-pools-info-payout-schemes-and-thresholds-at-f2pool; https://f2pool.zendesk.com/hc/en-us/articles/360058669631-BTC-mining-guide; https://www.f2pool.com/,confirmed,active,2026-04-21,2026-08-10,Discovered by f2pool_pool_info using html_stratum_extract. Official multi-coin pool URL table. auto_source=priority_sources | Discovered by shallow crawling official website domain f2pool.com. auto_source=official_site_crawl | Discovered by f2pool_pool_info using html_stratum_extract. Official multi-coin pool URL table. auto_source=priority_sources | Discovered by shallow crawling official website domain f2pool.com. auto_source=official_site_crawl | Discovered by f2pool_pool_info using html_stratum_extract. Official multi-coin pool URL table. auto_source=priority_sources | Discovered by shallow crawling official website domain f2pool.com. auto_source=official_site_crawl | Discovered by f2pool_pool_info using html_stratum_extract. Official multi-coin pool URL table. auto_source=priority_sources | Discovered by shallow crawling official website domain f2pool.com. auto_source=official_site_
btc-na.f2pool.com,1314,stratum+tcp,F2Pool,BTC,SHA-256,North America,official,https://f2pool.zendesk.com/hc/en-us/articles/360058887912-Mining-pools-info-payout-schemes-and-thresholds-at-f2pool; https://f2pool.zendesk.com/hc/en-us/articles/360058669631-BTC-mining-guide; https://www.f2pool.com/,confirmed,active,2026-04-21,2026-08-10,Discovered by f2pool_pool_info using html_stratum_extract. Official multi-coin pool URL table. auto_source=priority_sources | Discovered by shallow crawling official website domain f2pool.com. auto_source=official_site_crawl | Discovered by f2pool_pool_info using html_stratum_extract. Official multi-coin pool URL table. auto_source=priority_sources | Discovered by shallow crawling official website domain f2pool.com. auto_source=official_site_crawl | Discovered by f2pool_pool_info using html_stratum_extract. Official multi-coin pool URL table. auto_source=priority_sources | Discovered by shallow crawling official website domain f2pool.com. auto_source=official_site_crawl | Discovered by f2pool_pool_info using html_stratum_extract. Official multi-coin pool URL table. auto_source=priority_sources | Discovered by shallow crawling official website domain f2pool.com. auto_source=official_site_
btc.f2pool.com,25,stratum+tcp,F2Pool,BTC,SHA-256,Global,official,https://f2pool.zendesk.com/hc/en-us/articles/360058669631-BTC-mining-guide,confirmed,active,2026-04-21,2026-05-04,Discovered by f2pool_btc_guide using html_stratum_extract. Official BTC-specific setup guide. auto_source=priority_sources
btc.f2pool.com,1314,stratum+tcp,F2Pool,BTC,SHA-256,Global,official,https://f2pool.zendesk.com/hc/en-us/articles/360058669631-BTC-mining-guide; https://www.f2pool.com/; https://github.com/DcTyle/QuantumMiner/blob/f6c71b9eb895631983852fa2e96be30293836cbb/miner/miner_runtime_config.json; https://github.com/cgminer-rs/cgminer-rs/blob/ba464f804bc6ed79465b5973213e99af0c1dc630/docs/stratum-testing.md,confirmed,active,2026-04-21,2026-08-10,Discovered by f2pool_btc_guide using html_stratum_extract. Official BTC-specific setup guide. auto_source=priority_sources | Discovered by shallow crawling official website domain f2pool.com. auto_source=official_site_crawl | Discovered by f2pool_btc_guide using html_stratum_extract. Official BTC-specific setup guide. auto_source=priority_sources | Discovered by shallow crawling official website domain f2pool.com. auto_source=official_site_crawl | Discovered by f2pool_btc_guide using html_stratum_extract. Official BTC-specific setup guide. auto_source=priority_sources | Discovered by shallow crawling official website domain f2pool.com. auto_source=official_site_crawl | Extracted from public GitHub code search query stratum_tcp_json; repo=DcTyle/QuantumMiner; path=miner/miner_runtime_config.json; review before promotion. auto_source=github_code_search | Discovered by shallow crawling offi
btc.f2pool.com,3333,stratum+tcp,F2Pool,BTC,SHA-256,Global,official,https://f2pool.zendesk.com/hc/en-us/articles/360058887912-Mining-pools-info-payout-schemes-and-thresholds-at-f2pool; https://f2pool.zendesk.com/hc/en-us/articles/360058669631-BTC-mining-guide,confirmed,active,2026-04-17,2026-07-06,Official BTC pool server; failover ports are tracked as separate records when included. | Discovered by f2pool_pool_info using html_stratum_extract. Official multi-coin pool URL table. auto_source=priority_sources | Discovered by f2pool_pool_info using html_stratum_extract. Official multi-coin pool URL table. auto_source=priority_sources | Discovered by f2pool_pool_info using html_stratum_extract. Official multi-coin pool URL table. auto_source=priority_sources | Discovered by f2pool_pool_info using html_stratum_extract. Official multi-coin pool URL table. auto_source=priority_sources | Discovered by f2pool_pool_info using html_stratum_extract. Official multi-coin pool URL table. auto_source=priority_sources
btcssl.f2pool.com,1300,stratum+ssl,F2Pool,BTC,SHA-256,Global,official,https://f2pool.zendesk.com/hc/en-us/articles/360058669631-BTC-mining-guide; https://f2pool.zendesk.com/hc/en-us/articles/360058887912-Mining-pools-info-payout-schemes-and-thresholds-at-f2pool; https://www.f2pool.com/,confirmed,active,2026-04-17,2026-08-10,Official SSL BTC pool server. | Discovered by f2pool_pool_info using html_stratum_extract. Official multi-coin pool URL table. auto_source=priority_sources | Discovered by shallow crawling official website domain f2pool.com. auto_source=official_site_crawl | Discovered by f2pool_pool_info using html_stratum_extract. Official multi-coin pool URL table. auto_source=priority_sources | Discovered by shallow crawling official website domain f2pool.com. auto_source=official_site_crawl | Discovered by f2pool_pool_info using html_stratum_extract. Official multi-coin pool URL table. auto_source=priority_sources | Discovered by shallow crawling official website domain f2pool.com. auto_source=official_site_crawl | Discovered by f2pool_pool_info using html_stratum_extract. Official multi-coin pool URL table. auto_source=priority_sources | Discovered by shallow crawling official website domain f2pool
cfx.f2pool.com,6800,stratum+tcp,F2Pool,CFX,Octopus,Global,official,https://f2pool.zendesk.com/hc/en-us/articles/360058887912-Mining-pools-info-payout-schemes-and-thresholds-at-f2pool; https://www.f2pool.com/,confirmed,active,2026-04-21,2026-08-10,Discovered by f2pool_pool_info using html_stratum_extract. Official multi-coin pool URL table. auto_source=priority_sources | Discovered by shallow crawling official website domain f2pool.com. auto_source=official_site_crawl | Discovered by f2pool_pool_info using html_stratum_extract. Official multi-coin pool URL table. auto_source=priority_sources | Discovered by shallow crawling official website domain f2pool.com. auto_source=official_site_crawl | Discovered by f2pool_pool_info using html_stratum_extract. Official multi-coin pool URL table. auto_source=priority_sources | Discovered by shallow crawling official website domain f2pool.com. auto_source=official_site_crawl | Discovered by f2pool_pool_info using html_stratum_extract. Official multi-coin pool URL table. auto_source=priority_sources | Discovered by shallow crawling official website domain f2pool.com. auto_source=official_site_
cfxssl.f2pool.com,6820,stratum+ssl,F2Pool,CFX,Octopus,Global,official,https://f2pool.zendesk.com/hc/en-us/articles/360058887912-Mining-pools-info-payout-schemes-and-thresholds-at-f2pool; https://www.f2pool.com/,confirmed,active,2026-04-21,2026-08-10,Discovered by f2pool_pool_info using html_stratum_extract. Official multi-coin pool URL table. auto_source=priority_sources | Discovered by shallow crawling official website domain f2pool.com. auto_source=official_site_crawl | Discovered by f2pool_pool_info using html_stratum_extract. Official multi-coin pool URL table. auto_source=priority_sources | Discovered by shallow crawling official website domain f2pool.com. auto_source=official_site_crawl | Discovered by f2pool_pool_info using html_stratum_extract. Official multi-coin pool URL table. auto_source=priority_sources | Discovered by shallow crawling official website domain f2pool.com. auto_source=official_site_crawl | Discovered by f2pool_pool_info using html_stratum_extract. Official multi-coin pool URL table. auto_source=priority_sources | Discovered by shallow crawling official website domain f2pool.com. auto_source=official_site_
ckb.f2pool.com,4300,stratum+tcp,F2Pool,CKB,Eaglesong,Global,official,https://f2pool.zendesk.com/hc/en-us/articles/360058887912-Mining-pools-info-payout-schemes-and-thresholds-at-f2pool; https://www.f2pool.com/,confirmed,active,2026-04-21,2026-08-10,Discovered by f2pool_pool_info using html_stratum_extract. Official multi-coin pool URL table. auto_source=priority_sources | Discovered by shallow crawling official website domain f2pool.com. auto_source=official_site_crawl | Discovered by f2pool_pool_info using html_stratum_extract. Official multi-coin pool URL table. auto_source=priority_sources | Discovered by shallow crawling official website domain f2pool.com. auto_source=official_site_crawl | Discovered by f2pool_pool_info using html_stratum_extract. Official multi-coin pool URL table. auto_source=priority_sources | Discovered by shallow crawling official website domain f2pool.com. auto_source=official_site_crawl | Discovered by f2pool_pool_info using html_stratum_extract. Official multi-coin pool URL table. auto_source=priority_sources | Discovered by shallow crawling official website domain f2pool.com. auto_source=official_site_
dash.f2pool.com,5588,stratum+tcp,F2Pool,DASH,X11,Global,official,https://f2pool.zendesk.com/hc/en-us/articles/360058887912-Mining-pools-info-payout-schemes-and-thresholds-at-f2pool; https://www.f2pool.com/,confirmed,active,2026-04-21,2026-08-10,Discovered by f2pool_pool_info using html_stratum_extract. Official multi-coin pool URL table. auto_source=priority_sources | Discovered by shallow crawling official website domain f2pool.com. auto_source=official_site_crawl | Discovered by f2pool_pool_info using html_stratum_extract. Official multi-coin pool URL table. auto_source=priority_sources | Discovered by shallow crawling official website domain f2pool.com. auto_source=official_site_crawl | Discovered by f2pool_pool_info using html_stratum_extract. Official multi-coin pool URL table. auto_source=priority_sources | Discovered by shallow crawling official website domain f2pool.com. auto_source=official_site_crawl | Discovered by f2pool_pool_info using html_stratum_extract. Official multi-coin pool URL table. auto_source=priority_sources | Discovered by shallow crawling official website domain f2pool.com. auto_source=official_site_
etc-asia.f2pool.com,8008,stratum+tcp,F2Pool,ETC,Etchash,Asia,official,https://f2pool.zendesk.com/hc/en-us/articles/360058887912-Mining-pools-info-payout-schemes-and-thresholds-at-f2pool; https://www.f2pool.com/,confirmed,active,2026-04-21,2026-08-10,Discovered by f2pool_pool_info using html_stratum_extract. Official multi-coin pool URL table. auto_source=priority_sources | Discovered by shallow crawling official website domain f2pool.com. auto_source=official_site_crawl | Discovered by f2pool_pool_info using html_stratum_extract. Official multi-coin pool URL table. auto_source=priority_sources | Discovered by shallow crawling official website domain f2pool.com. auto_source=official_site_crawl | Discovered by f2pool_pool_info using html_stratum_extract. Official multi-coin pool URL table. auto_source=priority_sources | Discovered by shallow crawling official website domain f2pool.com. auto_source=official_site_crawl | Discovered by f2pool_pool_info using html_stratum_extract. Official multi-coin pool URL table. auto_source=priority_sources | Discovered by shallow crawling official website domain f2pool.com. auto_source=official_site_
etc-euro.f2pool.com,8008,stratum+tcp,F2Pool,ETC,Etchash,Europe,official,https://f2pool.zendesk.com/hc/en-us/articles/360058887912-Mining-pools-info-payout-schemes-and-thresholds-at-f2pool; https://www.f2pool.com/,confirmed,active,2026-04-21,2026-08-10,Discovered by f2pool_pool_info using html_stratum_extract. Official multi-coin pool URL table. auto_source=priority_sources | Discovered by shallow crawling official website domain f2pool.com. auto_source=official_site_crawl | Discovered by f2pool_pool_info using html_stratum_extract. Official multi-coin pool URL table. auto_source=priority_sources | Discovered by shallow crawling official website domain f2pool.com. auto_source=official_site_crawl | Discovered by f2pool_pool_info using html_stratum_extract. Official multi-coin pool URL table. auto_source=priority_sources | Discovered by shallow crawling official website domain f2pool.com. auto_source=official_site_crawl | Discovered by f2pool_pool_info using html_stratum_extract. Official multi-coin pool URL table. auto_source=priority_sources | Discovered by shallow crawling official website domain f2pool.com. auto_source=official_site_
etc-na.f2pool.com,8008,stratum+tcp,F2Pool,ETC,Etchash,North America,official,https://f2pool.zendesk.com/hc/en-us/articles/360058887912-Mining-pools-info-payout-schemes-and-thresholds-at-f2pool; https://www.f2pool.com/,confirmed,active,2026-04-21,2026-08-10,Discovered by f2pool_pool_info using html_stratum_extract. Official multi-coin pool URL table. auto_source=priority_sources | Discovered by shallow crawling official website domain f2pool.com. auto_source=official_site_crawl | Discovered by f2pool_pool_info using html_stratum_extract. Official multi-coin pool URL table. auto_source=priority_sources | Discovered by shallow crawling official website domain f2pool.com. auto_source=official_site_crawl | Discovered by f2pool_pool_info using html_stratum_extract. Official multi-coin pool URL table. auto_source=priority_sources | Discovered by shallow crawling official website domain f2pool.com. auto_source=official_site_crawl | Discovered by f2pool_pool_info using html_stratum_extract. Official multi-coin pool URL table. auto_source=priority_sources | Discovered by shallow crawling official website domain f2pool.com. auto_source=official_site_
etc.f2pool.com,8008,stratum+tcp,F2Pool,ETC,Etchash,Global,official,https://f2pool.zendesk.com/hc/en-us/articles/360058887912-Mining-pools-info-payout-schemes-and-thresholds-at-f2pool; https://www.f2pool.com/,confirmed,active,2026-04-21,2026-08-10,Discovered by f2pool_pool_info using html_stratum_extract. Official multi-coin pool URL table. auto_source=priority_sources | Discovered by shallow crawling official website domain f2pool.com. auto_source=official_site_crawl | Discovered by f2pool_pool_info using html_stratum_extract. Official multi-coin pool URL table. auto_source=priority_sources | Discovered by shallow crawling official website domain f2pool.com. auto_source=official_site_crawl | Discovered by f2pool_pool_info using html_stratum_extract. Official multi-coin pool URL table. auto_source=priority_sources | Discovered by shallow crawling official website domain f2pool.com. auto_source=official_site_crawl | Discovered by f2pool_pool_info using html_stratum_extract. Official multi-coin pool URL table. auto_source=priority_sources | Discovered by shallow crawling official website domain f2pool.com. auto_source=official_site_
etcssl.f2pool.com,8180,stratum+ssl,F2Pool,ETC,Etchash,Global,official,https://f2pool.zendesk.com/hc/en-us/articles/360058887912-Mining-pools-info-payout-schemes-and-thresholds-at-f2pool; https://www.f2pool.com/,confirmed,active,2026-04-21,2026-08-10,Discovered by f2pool_pool_info using html_stratum_extract. Official multi-coin pool URL table. auto_source=priority_sources | Discovered by shallow crawling official website domain f2pool.com. auto_source=official_site_crawl | Discovered by f2pool_pool_info using html_stratum_extract. Official multi-coin pool URL table. auto_source=priority_sources | Discovered by shallow crawling official website domain f2pool.com. auto_source=official_site_crawl | Discovered by f2pool_pool_info using html_stratum_extract. Official multi-coin pool URL table. auto_source=priority_sources | Discovered by shallow crawling official website domain f2pool.com. auto_source=official_site_crawl | Discovered by f2pool_pool_info using html_stratum_extract. Official multi-coin pool URL table. auto_source=priority_sources | Discovered by shallow crawling official website domain f2pool.com. auto_source=official_site_
ethw.f2pool.com,6688,stratum+tcp,F2Pool,ETHW,Ethash,Global,official,https://f2pool.zendesk.com/hc/en-us/articles/360058887912-Mining-pools-info-payout-schemes-and-thresholds-at-f2pool; https://www.f2pool.com/,confirmed,active,2026-04-21,2026-08-10,Discovered by f2pool_pool_info using html_stratum_extract. Official multi-coin pool URL table. auto_source=priority_sources | Discovered by shallow crawling official website domain f2pool.com. auto_source=official_site_crawl | Discovered by f2pool_pool_info using html_stratum_extract. Official multi-coin pool URL table. auto_source=priority_sources | Discovered by shallow crawling official website domain f2pool.com. auto_source=official_site_crawl | Discovered by f2pool_pool_info using html_stratum_extract. Official multi-coin pool URL table. auto_source=priority_sources | Discovered by shallow crawling official website domain f2pool.com. auto_source=official_site_crawl | Discovered by f2pool_pool_info using html_stratum_extract. Official multi-coin pool URL table. auto_source=priority_sources | Discovered by shallow crawling official website domain f2pool.com. auto_source=official_site_
ethwssl.f2pool.com,6698,stratum+ssl,F2Pool,ETHW,Ethash,Global,official,https://f2pool.zendesk.com/hc/en-us/articles/360058887912-Mining-pools-info-payout-schemes-and-thresholds-at-f2pool; https://www.f2pool.com/,confirmed,active,2026-04-21,2026-08-10,Discovered by f2pool_pool_info using html_stratum_extract. Official multi-coin pool URL table. auto_source=priority_sources | Discovered by shallow crawling official website domain f2pool.com. auto_source=official_site_crawl | Discovered by f2pool_pool_info using html_stratum_extract. Official multi-coin pool URL table. auto_source=priority_sources | Discovered by shallow crawling official website domain f2pool.com. auto_source=official_site_crawl | Discovered by f2pool_pool_info using html_stratum_extract. Official multi-coin pool URL table. auto_source=priority_sources | Discovered by shallow crawling official website domain f2pool.com. auto_source=official_site_crawl | Discovered by f2pool_pool_info using html_stratum_extract. Official multi-coin pool URL table. auto_source=priority_sources | Discovered by shallow crawling official website domain f2pool.com. auto_source=official_site_
kas.f2pool.com,1430,stratum+tcp,F2Pool,KAS,kHeavyHash,Global,official,https://f2pool.zendesk.com/hc/en-us/articles/360058887912-Mining-pools-info-payout-schemes-and-thresholds-at-f2pool; https://www.f2pool.com/,confirmed,active,2026-04-17,2026-08-10,Official KAS pool server. | Discovered by f2pool_pool_info using html_stratum_extract. Official multi-coin pool URL table. auto_source=priority_sources | Discovered by shallow crawling official website domain f2pool.com. auto_source=official_site_crawl | Discovered by f2pool_pool_info using html_stratum_extract. Official multi-coin pool URL table. auto_source=priority_sources | Discovered by shallow crawling official website domain f2pool.com. auto_source=official_site_crawl | Discovered by f2pool_pool_info using html_stratum_extract. Official multi-coin pool URL table. auto_source=priority_sources | Discovered by shallow crawling official website domain f2pool.com. auto_source=official_site_crawl | Discovered by f2pool_pool_info using html_stratum_extract. Official multi-coin pool URL table. auto_source=priority_sources | Discovered by shallow crawling official website domain f2pool.com
kasssl.f2pool.com,1430,stratum+ssl,F2Pool,KAS,kHeavyHash,Global,official,https://f2pool.zendesk.com/hc/en-us/articles/360058887912-Mining-pools-info-payout-schemes-and-thresholds-at-f2pool; https://www.f2pool.com/,confirmed,active,2026-04-21,2026-08-10,Discovered by f2pool_pool_info using html_stratum_extract. Official multi-coin pool URL table. auto_source=priority_sources | Discovered by shallow crawling official website domain f2pool.com. auto_source=official_site_crawl | Discovered by f2pool_pool_info using html_stratum_extract. Official multi-coin pool URL table. auto_source=priority_sources | Discovered by shallow crawling official website domain f2pool.com. auto_source=official_site_crawl | Discovered by f2pool_pool_info using html_stratum_extract. Official multi-coin pool URL table. auto_source=priority_sources | Discovered by shallow crawling official website domain f2pool.com. auto_source=official_site_crawl | Discovered by f2pool_pool_info using html_stratum_extract. Official multi-coin pool URL table. auto_source=priority_sources | Discovered by shallow crawling official website domain f2pool.com. auto_source=official_site_
ltc-asia.f2pool.com,3335,stratum+tcp,F2Pool,LTC,Scrypt,Asia,official,https://f2pool.zendesk.com/hc/en-us/articles/360058887912-Mining-pools-info-payout-schemes-and-thresholds-at-f2pool; https://www.f2pool.com/,confirmed,active,2026-04-21,2026-08-10,Discovered by f2pool_pool_info using html_stratum_extract. Official multi-coin pool URL table. auto_source=priority_sources | Discovered by shallow crawling official website domain f2pool.com. auto_source=official_site_crawl | Discovered by f2pool_pool_info using html_stratum_extract. Official multi-coin pool URL table. auto_source=priority_sources | Discovered by shallow crawling official website domain f2pool.com. auto_source=official_site_crawl | Discovered by f2pool_pool_info using html_stratum_extract. Official multi-coin pool URL table. auto_source=priority_sources | Discovered by shallow crawling official website domain f2pool.com. auto_source=official_site_crawl | Discovered by f2pool_pool_info using html_stratum_extract. Official multi-coin pool URL table. auto_source=priority_sources | Discovered by shallow crawling official website domain f2pool.com. auto_source=official_site_
ltc-euro.f2pool.com,3335,stratum+tcp,F2Pool,LTC,Scrypt,Europe,official,https://f2pool.zendesk.com/hc/en-us/articles/360058887912-Mining-pools-info-payout-schemes-and-thresholds-at-f2pool; https://www.f2pool.com/,confirmed,active,2026-04-21,2026-08-10,Discovered by f2pool_pool_info using html_stratum_extract. Official multi-coin pool URL table. auto_source=priority_sources | Discovered by shallow crawling official website domain f2pool.com. auto_source=official_site_crawl | Discovered by f2pool_pool_info using html_stratum_extract. Official multi-coin pool URL table. auto_source=priority_sources | Discovered by shallow crawling official website domain f2pool.com. auto_source=official_site_crawl | Discovered by f2pool_pool_info using html_stratum_extract. Official multi-coin pool URL table. auto_source=priority_sources | Discovered by shallow crawling official website domain f2pool.com. auto_source=official_site_crawl | Discovered by f2pool_pool_info using html_stratum_extract. Official multi-coin pool URL table. auto_source=priority_sources | Discovered by shallow crawling official website domain f2pool.com. auto_source=official_site_
ltc-na.f2pool.com,3335,stratum+tcp,F2Pool,LTC,Scrypt,North America,official,https://f2pool.zendesk.com/hc/en-us/articles/360058887912-Mining-pools-info-payout-schemes-and-thresholds-at-f2pool; https://www.f2pool.com/,confirmed,active,2026-04-21,2026-08-10,Discovered by f2pool_pool_info using html_stratum_extract. Official multi-coin pool URL table. auto_source=priority_sources | Discovered by shallow crawling official website domain f2pool.com. auto_source=official_site_crawl | Discovered by f2pool_pool_info using html_stratum_extract. Official multi-coin pool URL table. auto_source=priority_sources | Discovered by shallow crawling official website domain f2pool.com. auto_source=official_site_crawl | Discovered by f2pool_pool_info using html_stratum_extract. Official multi-coin pool URL table. auto_source=priority_sources | Discovered by shallow crawling official website domain f2pool.com. auto_source=official_site_crawl | Discovered by f2pool_pool_info using html_stratum_extract. Official multi-coin pool URL table. auto_source=priority_sources | Discovered by shallow crawling official website domain f2pool.com. auto_source=official_site_
ltc.f2pool.com,3335,stratum+tcp,F2Pool,LTC,Scrypt,Global,official,https://www.f2pool.com/,confirmed,active,2026-04-21,2026-08-10,Discovered by shallow crawling official website domain f2pool.com. auto_source=official_site_crawl
ltc.f2pool.com,8888,stratum+tcp,F2Pool,LTC,Scrypt,Global,official,https://f2pool.zendesk.com/hc/en-us/articles/360058887912-Mining-pools-info-payout-schemes-and-thresholds-at-f2pool,confirmed,active,2026-04-17,2026-07-06,Official LTC pool server. | Discovered by f2pool_pool_info using html_stratum_extract. Official multi-coin pool URL table. auto_source=priority_sources | Discovered by f2pool_pool_info using html_stratum_extract. Official multi-coin pool URL table. auto_source=priority_sources | Discovered by f2pool_pool_info using html_stratum_extract. Official multi-coin pool URL table. auto_source=priority_sources | Discovered by f2pool_pool_info using html_stratum_extract. Official multi-coin pool URL table. auto_source=priority_sources | Discovered by f2pool_pool_info using html_stratum_extract. Official multi-coin pool URL table. auto_source=priority_sources
ltcssl.f2pool.com,5201,stratum+ssl,F2Pool,LTC,Scrypt,Global,official,https://f2pool.zendesk.com/hc/en-us/articles/360058887912-Mining-pools-info-payout-schemes-and-thresholds-at-f2pool; https://www.f2pool.com/,confirmed,active,2026-04-21,2026-08-10,Discovered by f2pool_pool_info using html_stratum_extract. Official multi-coin pool URL table. auto_source=priority_sources | Discovered by shallow crawling official website domain f2pool.com. auto_source=official_site_crawl | Discovered by f2pool_pool_info using html_stratum_extract. Official multi-coin pool URL table. auto_source=priority_sources | Discovered by shallow crawling official website domain f2pool.com. auto_source=official_site_crawl | Discovered by f2pool_pool_info using html_stratum_extract. Official multi-coin pool URL table. auto_source=priority_sources | Discovered by shallow crawling official website domain f2pool.com. auto_source=official_site_crawl | Discovered by f2pool_pool_info using html_stratum_extract. Official multi-coin pool URL table. auto_source=priority_sources | Discovered by shallow crawling official website domain f2pool.com. auto_source=official_site_
nexa.f2pool.com,3400,stratum+tcp,F2Pool,NEXA,NexaPoW,Global,official,https://f2pool.zendesk.com/hc/en-us/articles/360058887912-Mining-pools-info-payout-schemes-and-thresholds-at-f2pool; https://www.f2pool.com/,confirmed,active,2026-04-21,2026-07-13,Discovered by f2pool_pool_info using html_stratum_extract. Official multi-coin pool URL table. auto_source=priority_sources | Discovered by shallow crawling official website domain f2pool.com. auto_source=official_site_crawl | Discovered by f2pool_pool_info using html_stratum_extract. Official multi-coin pool URL table. auto_source=priority_sources | Discovered by shallow crawling official website domain f2pool.com. auto_source=official_site_crawl | Discovered by f2pool_pool_info using html_stratum_extract. Official multi-coin pool URL table. auto_source=priority_sources | Discovered by shallow crawling official website domain f2pool.com. auto_source=official_site_crawl | Discovered by f2pool_pool_info using html_stratum_extract. Official multi-coin pool URL table. auto_source=priority_sources | Discovered by shallow crawling official website domain f2pool.com. auto_source=official_site_
sc.f2pool.com,7788,stratum+tcp,F2Pool,SC,Blake2b,Global,official,https://f2pool.zendesk.com/hc/en-us/articles/360058887912-Mining-pools-info-payout-schemes-and-thresholds-at-f2pool; https://www.f2pool.com/,confirmed,active,2026-04-21,2026-08-10,Discovered by f2pool_pool_info using html_stratum_extract. Official multi-coin pool URL table. auto_source=priority_sources | Discovered by shallow crawling official website domain f2pool.com. auto_source=official_site_crawl | Discovered by f2pool_pool_info using html_stratum_extract. Official multi-coin pool URL table. auto_source=priority_sources | Discovered by shallow crawling official website domain f2pool.com. auto_source=official_site_crawl | Discovered by f2pool_pool_info using html_stratum_extract. Official multi-coin pool URL table. auto_source=priority_sources | Discovered by shallow crawling official website domain f2pool.com. auto_source=official_site_crawl | Discovered by f2pool_pool_info using html_stratum_extract. Official multi-coin pool URL table. auto_source=priority_sources | Discovered by shallow crawling official website domain f2pool.com. auto_source=official_site_
zec.f2pool.com,3357,stratum+tcp,F2Pool,ZEC,Equihash,Global,official,https://f2pool.zendesk.com/hc/en-us/articles/360058887912-Mining-pools-info-payout-schemes-and-thresholds-at-f2pool; https://www.f2pool.com/,confirmed,active,2026-04-21,2026-08-10,Discovered by f2pool_pool_info using html_stratum_extract. Official multi-coin pool URL table. auto_source=priority_sources | Discovered by shallow crawling official website domain f2pool.com. auto_source=official_site_crawl | Discovered by f2pool_pool_info using html_stratum_extract. Official multi-coin pool URL table. auto_source=priority_sources | Discovered by shallow crawling official website domain f2pool.com. auto_source=official_site_crawl | Discovered by f2pool_pool_info using html_stratum_extract. Official multi-coin pool URL table. auto_source=priority_sources | Discovered by shallow crawling official website domain f2pool.com. auto_source=official_site_crawl | Discovered by f2pool_pool_info using html_stratum_extract. Official multi-coin pool URL table. auto_source=priority_sources | Discovered by shallow crawling official website domain f2pool.com. auto_source=official_site_
bch.harshy.site,3333,stratum+tcp,Harshy,BCH,SHA-256,Global,official,https://harshy.site/; https://harshy.site/help.html,confirmed,active,2026-04-21,2026-08-10,Discovered by shallow crawling official website domain harshy.site. auto_source=official_site_crawl
bch.harshy.site,3334,stratum+tcp,Harshy,BCH,SHA-256,Global,official,https://harshy.site/; https://harshy.site/help.html,confirmed,active,2026-04-21,2026-08-10,Discovered by shallow crawling official website domain harshy.site. auto_source=official_site_crawl
kas.asia1.humpool.com,18081,stratum+tcp,HumPool,KAS,kHeavyHash,Asia,official,https://www.humpool.com/; https://kas.humpool.com/; https://kas.humpool.com/pool/help,confirmed,active,2026-04-21,2026-08-10,Discovered by shallow crawling official website domain humpool.com. auto_source=official_site_crawl | Discovered by shallow crawling official website domain kas.humpool.com. auto_source=official_site_crawl | Discovered by shallow crawling official website domain kas.humpool.com. auto_source=official_site_crawl | Discovered by shallow crawling official website domain kas.humpool.com. auto_source=official_site_crawl | Discovered by shallow crawling official website domain kas.humpool.com. auto_source=official_site_crawl | Discovered by shallow crawling official website domain kas.humpool.com. auto_source=official_site_crawl | Discovered by shallow crawling official website domain kas.humpool.com. auto_source=official_site_crawl | Discovered by shallow crawling official website domain kas.humpool.com. auto_source=official_site_crawl | Discovered by shallow crawling official website domain k
kas.asia1.humpool.com,18083,stratum+tcp,HumPool,KAS,kHeavyHash,Asia,official,https://www.humpool.com/; https://kas.humpool.com/; https://kas.humpool.com/pool/help,confirmed,active,2026-04-21,2026-08-10,Discovered by shallow crawling official website domain humpool.com. auto_source=official_site_crawl | Discovered by shallow crawling official website domain kas.humpool.com. auto_source=official_site_crawl | Discovered by shallow crawling official website domain kas.humpool.com. auto_source=official_site_crawl | Discovered by shallow crawling official website domain kas.humpool.com. auto_source=official_site_crawl | Discovered by shallow crawling official website domain kas.humpool.com. auto_source=official_site_crawl | Discovered by shallow crawling official website domain kas.humpool.com. auto_source=official_site_crawl | Discovered by shallow crawling official website domain kas.humpool.com. auto_source=official_site_crawl | Discovered by shallow crawling official website domain kas.humpool.com. auto_source=official_site_crawl | Discovered by shallow crawling official website domain k
kas.eu1.humpool.com,18081,stratum+tcp,HumPool,KAS,kHeavyHash,Europe,official,https://www.humpool.com/; https://kas.humpool.com/; https://kas.humpool.com/pool/help,confirmed,active,2026-04-21,2026-08-10,Discovered by shallow crawling official website domain humpool.com. auto_source=official_site_crawl | Discovered by shallow crawling official website domain kas.humpool.com. auto_source=official_site_crawl | Discovered by shallow crawling official website domain kas.humpool.com. auto_source=official_site_crawl | Discovered by shallow crawling official website domain kas.humpool.com. auto_source=official_site_crawl | Discovered by shallow crawling official website domain kas.humpool.com. auto_source=official_site_crawl | Discovered by shallow crawling official website domain kas.humpool.com. auto_source=official_site_crawl | Discovered by shallow crawling official website domain kas.humpool.com. auto_source=official_site_crawl | Discovered by shallow crawling official website domain kas.humpool.com. auto_source=official_site_crawl | Discovered by shallow crawling official website domain k
kas.eu1.humpool.com,18082,stratum+ssl,HumPool,KAS,kHeavyHash,Europe,official,https://www.humpool.com/; https://kas.humpool.com/; https://kas.humpool.com/pool/help,confirmed,active,2026-04-21,2026-08-10,Discovered by shallow crawling official website domain humpool.com. auto_source=official_site_crawl | Discovered by shallow crawling official website domain kas.humpool.com. auto_source=official_site_crawl | Discovered by shallow crawling official website domain kas.humpool.com. auto_source=official_site_crawl | Discovered by shallow crawling official website domain kas.humpool.com. auto_source=official_site_crawl | Discovered by shallow crawling official website domain kas.humpool.com. auto_source=official_site_crawl | Discovered by shallow crawling official website domain kas.humpool.com. auto_source=official_site_crawl | Discovered by shallow crawling official website domain kas.humpool.com. auto_source=official_site_crawl | Discovered by shallow crawling official website domain kas.humpool.com. auto_source=official_site_crawl | Discovered by shallow crawling official website domain k
kas.eu1.humpool.com,18082,stratum+tcp,HumPool,KAS,kHeavyHash,Europe,official,https://www.humpool.com/,confirmed,active,2026-04-21,2026-04-21,Discovered by shallow crawling official website domain humpool.com. auto_source=official_site_crawl
kas.eu1.humpool.com,18083,stratum+tcp,HumPool,KAS,kHeavyHash,Europe,official,https://www.humpool.com/; https://kas.humpool.com/; https://kas.humpool.com/pool/help,confirmed,active,2026-04-21,2026-08-10,Discovered by shallow crawling official website domain humpool.com. auto_source=official_site_crawl | Discovered by shallow crawling official website domain kas.humpool.com. auto_source=official_site_crawl | Discovered by shallow crawling official website domain kas.humpool.com. auto_source=official_site_crawl | Discovered by shallow crawling official website domain kas.humpool.com. auto_source=official_site_crawl | Discovered by shallow crawling official website domain kas.humpool.com. auto_source=official_site_crawl | Discovered by shallow crawling official website domain kas.humpool.com. auto_source=official_site_crawl | Discovered by shallow crawling official website domain kas.humpool.com. auto_source=official_site_crawl | Discovered by shallow crawling official website domain kas.humpool.com. auto_source=official_site_crawl | Discovered by shallow crawling official website domain k
kas.us1.humpool.com,18081,stratum+tcp,HumPool,KAS,kHeavyHash,USA,official,https://www.humpool.com/; https://kas.humpool.com/; https://kas.humpool.com/pool/help,confirmed,active,2026-04-21,2026-08-10,Discovered by shallow crawling official website domain humpool.com. auto_source=official_site_crawl | Discovered by shallow crawling official website domain kas.humpool.com. auto_source=official_site_crawl | Discovered by shallow crawling official website domain kas.humpool.com. auto_source=official_site_crawl | Discovered by shallow crawling official website domain kas.humpool.com. auto_source=official_site_crawl | Discovered by shallow crawling official website domain kas.humpool.com. auto_source=official_site_crawl | Discovered by shallow crawling official website domain kas.humpool.com. auto_source=official_site_crawl | Discovered by shallow crawling official website domain kas.humpool.com. auto_source=official_site_crawl | Discovered by shallow crawling official website domain kas.humpool.com. auto_source=official_site_crawl | Discovered by shallow crawling official website domain k
kas.us1.humpool.com,18082,stratum+ssl,HumPool,KAS,kHeavyHash,USA,official,https://www.humpool.com/; https://kas.humpool.com/; https://kas.humpool.com/pool/help,confirmed,active,2026-04-21,2026-08-10,Discovered by shallow crawling official website domain humpool.com. auto_source=official_site_crawl | Discovered by shallow crawling official website domain kas.humpool.com. auto_source=official_site_crawl | Discovered by shallow crawling official website domain kas.humpool.com. auto_source=official_site_crawl | Discovered by shallow crawling official website domain kas.humpool.com. auto_source=official_site_crawl | Discovered by shallow crawling official website domain kas.humpool.com. auto_source=official_site_crawl | Discovered by shallow crawling official website domain kas.humpool.com. auto_source=official_site_crawl | Discovered by shallow crawling official website domain kas.humpool.com. auto_source=official_site_crawl | Discovered by shallow crawling official website domain kas.humpool.com. auto_source=official_site_crawl | Discovered by shallow crawling official website domain k
kas.us1.humpool.com,18082,stratum+tcp,HumPool,KAS,kHeavyHash,USA,official,https://www.humpool.com/,confirmed,active,2026-04-21,2026-04-21,Discovered by shallow crawling official website domain humpool.com. auto_source=official_site_crawl
kas.us1.humpool.com,18083,stratum+tcp,HumPool,KAS,kHeavyHash,USA,official,https://www.humpool.com/; https://kas.humpool.com/; https://kas.humpool.com/pool/help,confirmed,active,2026-04-21,2026-08-10,Discovered by shallow crawling official website domain humpool.com. auto_source=official_site_crawl | Discovered by shallow crawling official website domain kas.humpool.com. auto_source=official_site_crawl | Discovered by shallow crawling official website domain kas.humpool.com. auto_source=official_site_crawl | Discovered by shallow crawling official website domain kas.humpool.com. auto_source=official_site_crawl | Discovered by shallow crawling official website domain kas.humpool.com. auto_source=official_site_crawl | Discovered by shallow crawling official website domain kas.humpool.com. auto_source=official_site_crawl | Discovered by shallow crawling official website domain kas.humpool.com. auto_source=official_site_crawl | Discovered by shallow crawling official website domain kas.humpool.com. auto_source=official_site_crawl | Discovered by shallow crawling official website domain k
cn.ethw.k1pool.com,7686,stratum+tcp,K1 Pool,ETHW,Ethash,Global,official,https://k1pool.com/pool/ethw,confirmed,active,2026-04-21,2026-08-10,Discovered by shallow crawling official website domain k1pool.com. auto_source=official_site_crawl
cn.ethw.k1pool.com,7689,stratum+tcp,K1 Pool,ETHW,Ethash,Global,official,https://k1pool.com/pool/ethw,confirmed,active,2026-04-21,2026-08-10,Discovered by shallow crawling official website domain k1pool.com. auto_source=official_site_crawl
cn.ethw.k1pool.com,7691,stratum+tcp,K1 Pool,ETHW,Ethash,Global,official,https://k1pool.com/pool/ethw,confirmed,active,2026-04-21,2026-08-10,Discovered by shallow crawling official website domain k1pool.com. auto_source=official_site_crawl
eu.ethw.k1pool.com,7686,stratum+tcp,K1 Pool,ETHW,Ethash,Europe,official,https://k1pool.com/pool/ethw,confirmed,active,2026-04-21,2026-08-10,Discovered by shallow crawling official website domain k1pool.com. auto_source=official_site_crawl
eu.ethw.k1pool.com,7689,stratum+tcp,K1 Pool,ETHW,Ethash,Europe,official,https://k1pool.com/pool/ethw,confirmed,active,2026-04-21,2026-08-10,Discovered by shallow crawling official website domain k1pool.com. auto_source=official_site_crawl
eu.ethw.k1pool.com,7691,stratum+tcp,K1 Pool,ETHW,Ethash,Europe,official,https://k1pool.com/pool/ethw,confirmed,active,2026-04-21,2026-08-10,Discovered by shallow crawling official website domain k1pool.com. auto_source=official_site_crawl
us.ethw.k1pool.com,7686,stratum+tcp,K1 Pool,ETHW,Ethash,USA,official,https://k1pool.com/pool/ethw,confirmed,active,2026-04-21,2026-08-10,Discovered by shallow crawling official website domain k1pool.com. auto_source=official_site_crawl
us.ethw.k1pool.com,7689,stratum+tcp,K1 Pool,ETHW,Ethash,USA,official,https://k1pool.com/pool/ethw,confirmed,active,2026-04-21,2026-08-10,Discovered by shallow crawling official website domain k1pool.com. auto_source=official_site_crawl
us.ethw.k1pool.com,7691,stratum+tcp,K1 Pool,ETHW,Ethash,USA,official,https://k1pool.com/pool/ethw,confirmed,active,2026-04-21,2026-08-10,Discovered by shallow crawling official website domain k1pool.com. auto_source=official_site_crawl
btc.luckyfastblocks.com,3333,stratum+tcp,Luckyfastblocks,BTC,SHA-256,Global,official,https://luckyfastblocks.com/; https://luckyfastblocks.com/#connect; https://luckyfastblocks.com/#stats; https://btc.luckyfastblocks.com/,confirmed,active,2026-04-21,2026-08-10,Discovered by shallow crawling official website domain luckyfastblocks.com. auto_source=official_site_crawl
btc.global.luxor.tech,700,stratum+tcp,Luxor,BTC,SHA-256,Global,official,https://docs.luxor.tech/mining/getting-started,confirmed,active,2026-04-17,2026-08-10,Official global BTC stratum. | Discovered by luxor_getting_started using html_stratum_extract. Official global stratum table. auto_source=priority_sources | Discovered by luxor_getting_started using html_stratum_extract. Official global stratum table. auto_source=priority_sources | Discovered by luxor_getting_started using html_stratum_extract. Official global stratum table. auto_source=priority_sources | Discovered by luxor_getting_started using html_stratum_extract. Official global stratum table. auto_source=priority_sources | Discovered by luxor_getting_started using html_stratum_extract. Official global stratum table. auto_source=priority_sources | Discovered by luxor_getting_started using html_stratum_extract. Official global stratum table. auto_source=priority_sources | Discovered by luxor_getting_started using html_stratum_extract. Official global stratum table. auto_source=priori
ltc.global.luxor.tech,700,stratum+tcp,Luxor,LTC,Scrypt,Global,official,https://docs.luxor.tech/mining/getting-started,confirmed,active,2026-04-21,2026-08-10,Discovered by luxor_getting_started using html_stratum_extract. Official global stratum table. auto_source=priority_sources
ltc.global.luxor.tech,700,stratum+tcp,Luxor,LTC/DOGE,Scrypt,Global,official,https://docs.luxor.tech/mining/getting-started,confirmed,active,2026-04-17,2026-04-17,Official global LTC/DOGE stratum.
sc.global.luxor.tech,700,stratum+tcp,Luxor,SC,Blake2b,Global,official,https://docs.luxor.tech/mining/getting-started,confirmed,active,2026-04-21,2026-08-10,Discovered by luxor_getting_started using html_stratum_extract. Official global stratum table. auto_source=priority_sources
zec.global.luxor.tech,700,stratum+tcp,Luxor,ZEC,Equihash,Global,official,https://docs.luxor.tech/mining/getting-started,confirmed,active,2026-04-21,2026-08-10,Discovered by luxor_getting_started using html_stratum_extract. Official global stratum table. auto_source=priority_sources
bch.mysolopool.com,3338,stratum+tcp,Mysolopool,BCH,SHA-256,Global,official,https://bitcoincash.mysolopool.com/,confirmed,active,2026-06-01,2026-06-29,Discovered by shallow crawling official website domain mysolopool.com. auto_source=official_site_crawl
bch.mysolopool.com,3340,stratum+tcp,Mysolopool,BCH,SHA-256,Global,official,https://bitcoincash.mysolopool.com/,confirmed,active,2026-06-01,2026-06-29,Discovered by shallow crawling official website domain mysolopool.com. auto_source=official_site_crawl
btc.mysolopool.com,3334,stratum+tcp,Mysolopool,BTC,SHA-256,Global,official,https://mysolopool.com/,confirmed,active,2026-04-21,2026-06-29,Discovered by shallow crawling official website domain mysolopool.com. auto_source=official_site_crawl
btc.mysolopool.com,3339,stratum+tcp,Mysolopool,BTC,SHA-256,Global,official,https://mysolopool.com/,confirmed,active,2026-04-21,2026-06-29,Discovered by shallow crawling official website domain mysolopool.com. auto_source=official_site_crawl
asia.ravenminer.com,3838,stratum+tcp,RavenMiner,RVN,KawPoW,Asia,official,https://www.ravenminer.com/ravencoin/howto,confirmed,active,2026-04-21,2026-08-10,"Discovered by ravenminer_rvn_howto using html_stratum_extract. Official RVN setup guide with TCP, regional, static, and TLS ports. auto_source=priority_sources"
eu.ravenminer.com,3838,stratum+tcp,RavenMiner,RVN,KawPoW,Europe,official,https://www.ravenminer.com/ravencoin/howto,confirmed,active,2026-04-21,2026-08-10,"Discovered by ravenminer_rvn_howto using html_stratum_extract. Official RVN setup guide with TCP, regional, static, and TLS ports. auto_source=priority_sources"
stratum.ravenminer.com,3808,stratum+tcp,RavenMiner,RVN,KawPoW,Global,official,https://www.ravenminer.com/ravencoin/howto,confirmed,active,2026-04-21,2026-08-10,"Discovered by ravenminer_rvn_howto using html_stratum_extract. Official RVN setup guide with TCP, regional, static, and TLS ports. auto_source=priority_sources"
stratum.ravenminer.com,3838,stratum+tcp,RavenMiner,RVN,KawPoW,Global,official,https://www.ravenminer.com/ravencoin/howto,confirmed,active,2026-04-17,2026-08-10,"Official universal RVN stratum endpoint. | Discovered by ravenminer_rvn_howto using html_stratum_extract. Official RVN setup guide with TCP, regional, static, and TLS ports. auto_source=priority_sources | Discovered by ravenminer_rvn_howto using html_stratum_extract. Official RVN setup guide with TCP, regional, static, and TLS ports. auto_source=priority_sources | Discovered by ravenminer_rvn_howto using html_stratum_extract. Official RVN setup guide with TCP, regional, static, and TLS ports. auto_source=priority_sources | Discovered by ravenminer_rvn_howto using html_stratum_extract. Official RVN setup guide with TCP, regional, static, and TLS ports. auto_source=priority_sources | Discovered by ravenminer_rvn_howto using html_stratum_extract. Official RVN setup guide with TCP, regional, static, and TLS ports. auto_source=priority_sources | Discovered by ravenminer_rvn_howto using html_s"
stratum.ravenminer.com,13838,stratum+ssl,RavenMiner,RVN,KawPoW,Global,official,https://www.ravenminer.com/ravencoin/howto,confirmed,active,2026-04-21,2026-08-10,"Discovered by ravenminer_rvn_howto using html_stratum_extract. Official RVN setup guide with TCP, regional, static, and TLS ports. auto_source=priority_sources"
us.ravenminer.com,3838,stratum+tcp,RavenMiner,RVN,KawPoW,USA,official,https://www.ravenminer.com/ravencoin/howto,confirmed,active,2026-04-17,2026-08-10,"Official regional RVN endpoint. | Discovered by ravenminer_rvn_howto using html_stratum_extract. Official RVN setup guide with TCP, regional, static, and TLS ports. auto_source=priority_sources | Discovered by ravenminer_rvn_howto using html_stratum_extract. Official RVN setup guide with TCP, regional, static, and TLS ports. auto_source=priority_sources | Discovered by ravenminer_rvn_howto using html_stratum_extract. Official RVN setup guide with TCP, regional, static, and TLS ports. auto_source=priority_sources | Discovered by ravenminer_rvn_howto using html_stratum_extract. Official RVN setup guide with TCP, regional, static, and TLS ports. auto_source=priority_sources | Discovered by ravenminer_rvn_howto using html_stratum_extract. Official RVN setup guide with TCP, regional, static, and TLS ports. auto_source=priority_sources | Discovered by ravenminer_rvn_howto using html_stratum_ex"
kz.btc.rupool.pro,25,stratum+tcp,Rupool,BTC,SHA-256,Global,official,https://rupool.pro/en/mining-pools/btc/,confirmed,active,2026-04-21,2026-08-10,Discovered by shallow crawling official website domain rupool.pro. auto_source=official_site_crawl
kz.btc.rupool.pro,443,stratum+tcp,Rupool,BTC,SHA-256,Global,official,https://rupool.pro/en/mining-pools/btc/,confirmed,active,2026-04-21,2026-08-10,Discovered by shallow crawling official website domain rupool.pro. auto_source=official_site_crawl
kz.btc.rupool.pro,3333,stratum+tcp,Rupool,BTC,SHA-256,Global,official,https://rupool.pro/en/mining-pools/btc/,confirmed,active,2026-04-21,2026-08-10,Discovered by shallow crawling official website domain rupool.pro. auto_source=official_site_crawl
kz.btc.rupool.pro,8888,stratum+tcp,Rupool,BTC,SHA-256,Global,official,https://rupool.pro/en/mining-pools/btc/,confirmed,active,2026-04-21,2026-08-10,Discovered by shallow crawling official website domain rupool.pro. auto_source=official_site_crawl
msk.ru.btc.rupool.pro,25,stratum+tcp,Rupool,BTC,SHA-256,Global,official,https://rupool.pro/en/mining-pools/btc/,confirmed,active,2026-04-21,2026-08-10,Discovered by shallow crawling official website domain rupool.pro. auto_source=official_site_crawl
msk.ru.btc.rupool.pro,443,stratum+tcp,Rupool,BTC,SHA-256,Global,official,https://rupool.pro/en/mining-pools/btc/,confirmed,active,2026-04-21,2026-08-10,Discovered by shallow crawling official website domain rupool.pro. auto_source=official_site_crawl
msk.ru.btc.rupool.pro,3333,stratum+tcp,Rupool,BTC,SHA-256,Global,official,https://rupool.pro/en/mining-pools/btc/,confirmed,active,2026-04-21,2026-08-10,Discovered by shallow crawling official website domain rupool.pro. auto_source=official_site_crawl
msk.ru.btc.rupool.pro,8888,stratum+tcp,Rupool,BTC,SHA-256,Global,official,https://rupool.pro/en/mining-pools/btc/,confirmed,active,2026-04-21,2026-08-10,Discovered by shallow crawling official website domain rupool.pro. auto_source=official_site_crawl
nsk.ru.btc.rupool.pro,25,stratum+tcp,Rupool,BTC,SHA-256,Global,official,https://rupool.pro/en/mining-pools/btc/,confirmed,active,2026-04-21,2026-08-10,Discovered by shallow crawling official website domain rupool.pro. auto_source=official_site_crawl
nsk.ru.btc.rupool.pro,443,stratum+tcp,Rupool,BTC,SHA-256,Global,official,https://rupool.pro/en/mining-pools/btc/,confirmed,active,2026-04-21,2026-08-10,Discovered by shallow crawling official website domain rupool.pro. auto_source=official_site_crawl
nsk.ru.btc.rupool.pro,3333,stratum+tcp,Rupool,BTC,SHA-256,Global,official,https://rupool.pro/en/mining-pools/btc/,confirmed,active,2026-04-21,2026-08-10,Discovered by shallow crawling official website domain rupool.pro. auto_source=official_site_crawl
nsk.ru.btc.rupool.pro,8888,stratum+tcp,Rupool,BTC,SHA-256,Global,official,https://rupool.pro/en/mining-pools/btc/,confirmed,active,2026-04-21,2026-08-10,Discovered by shallow crawling official website domain rupool.pro. auto_source=official_site_crawl
ltc.rupool.pro,25,stratum+tcp,Rupool,LTC,Scrypt,Global,official,https://rupool.pro/en/mining-pools/ltc/; https://rupool.pro/en/mining-pools/doge/,confirmed,active,2026-04-21,2026-08-10,Discovered by shallow crawling official website domain rupool.pro. auto_source=official_site_crawl
ltc.rupool.pro,443,stratum+tcp,Rupool,LTC,Scrypt,Global,official,https://rupool.pro/en/mining-pools/ltc/; https://rupool.pro/en/mining-pools/doge/,confirmed,active,2026-04-21,2026-08-10,Discovered by shallow crawling official website domain rupool.pro. auto_source=official_site_crawl
ltc.rupool.pro,3333,stratum+tcp,Rupool,LTC,Scrypt,Global,official,https://rupool.pro/en/mining-pools/ltc/; https://rupool.pro/en/mining-pools/doge/,confirmed,active,2026-04-21,2026-08-10,Discovered by shallow crawling official website domain rupool.pro. auto_source=official_site_crawl
ltc.rupool.pro,8888,stratum+tcp,Rupool,LTC,Scrypt,Global,official,https://rupool.pro/en/mining-pools/ltc/; https://rupool.pro/en/mining-pools/doge/,confirmed,active,2026-04-21,2026-08-10,Discovered by shallow crawling official website domain rupool.pro. auto_source=official_site_crawl
bitcoin.solo100.org,3333,stratum+tcp,Solo100,BTC,SHA-256,Global,official,https://solo100.org/,confirmed,active,2026-05-11,2026-08-10,Discovered by shallow crawling official website domain solo100.org. auto_source=official_site_crawl
bch-ssl.powhashing.com,5555,stratum+ssl,ViaBTC,BCH,SHA-256,Global,official,https://support.viabtc.com/hc/en-us/articles/14367481714191-Mining-Pools-Information,confirmed,active,2026-04-21,2026-05-11,Discovered by viabtc_pool_info using html_stratum_extract. Official multi-coin pool URL table. auto_source=priority_sources
bch-ssl.powhashing.com,5555,stratum+tcp,ViaBTC,BCH,SHA-256,Global,official,https://support.viabtc.com/hc/en-us/articles/14367481714191-Mining-Pools-Information,confirmed,active,2026-04-21,2026-05-11,Discovered by viabtc_pool_info using html_stratum_extract. Official multi-coin pool URL table. auto_source=priority_sources
bch-ssl.viabtc.io,551,stratum+ssl,ViaBTC,BCH,SHA-256,Global,official,https://support.viabtc.com/hc/en-us/articles/14367481714191-Mining-Pools-Information,confirmed,active,2026-04-21,2026-05-11,Discovered by viabtc_pool_info using html_stratum_extract. Official multi-coin pool URL table. auto_source=priority_sources
bch-ssl.viabtc.io,551,stratum+tcp,ViaBTC,BCH,SHA-256,Global,official,https://support.viabtc.com/hc/en-us/articles/14367481714191-Mining-Pools-Information,confirmed,active,2026-04-21,2026-05-11,Discovered by viabtc_pool_info using html_stratum_extract. Official multi-coin pool URL table. auto_source=priority_sources
bch.viabtc.cc,3333,stratum+tcp,ViaBTC,BCH,SHA-256,Global,official,https://support.viabtc.com/hc/en-us/articles/14367481714191-Mining-Pools-Information,confirmed,active,2026-04-21,2026-05-11,Discovered by viabtc_pool_info using html_stratum_extract. Official multi-coin pool URL table. auto_source=priority_sources
bch.viabtc.io,3333,stratum+tcp,ViaBTC,BCH,SHA-256,Global,official,https://support.viabtc.com/hc/en-us/articles/14367481714191-Mining-Pools-Information,confirmed,active,2026-04-21,2026-05-11,Discovered by viabtc_pool_info using html_stratum_extract. Official multi-coin pool URL table. auto_source=priority_sources
bch.viabtc.top,3333,stratum+tcp,ViaBTC,BCH,SHA-256,Global,official,https://support.viabtc.com/hc/en-us/articles/14367481714191-Mining-Pools-Information,confirmed,active,2026-04-21,2026-05-11,Discovered by viabtc_pool_info using html_stratum_extract. Official multi-coin pool URL table. auto_source=priority_sources
bitcoin.viabtc.io,443,stratum+tcp,ViaBTC,BTC,SHA-256,Global,official,https://support.viabtc.com/hc/en-us/articles/7207401012879-BTC-Mining,confirmed,active,2026-04-21,2026-05-11,Discovered by viabtc_btc_guide using html_stratum_extract. Official BTC-specific setup guide. auto_source=priority_sources
bitcoin.viabtc.io,3333,stratum+tcp,ViaBTC,BTC,SHA-256,Global,official,https://support.viabtc.com/hc/en-us/articles/7207401012879-BTC-Mining,confirmed,active,2026-04-17,2026-05-11,Official smart mining URL. | Discovered by viabtc_btc_guide using html_stratum_extract. Official BTC-specific setup guide. auto_source=priority_sources | Discovered by viabtc_btc_guide using html_stratum_extract. Official BTC-specific setup guide. auto_source=priority_sources | Discovered by viabtc_btc_guide using html_stratum_extract. Official BTC-specific setup guide. auto_source=priority_sources | Discovered by viabtc_btc_guide using html_stratum_extract. Official BTC-specific setup guide. auto_source=priority_sources
btc-ssl.powhashing.com,3333,stratum+ssl,ViaBTC,BTC,SHA-256,Global,official,https://support.viabtc.com/hc/en-us/articles/14367481714191-Mining-Pools-Information,confirmed,active,2026-04-21,2026-05-11,Discovered by viabtc_pool_info using html_stratum_extract. Official multi-coin pool URL table. auto_source=priority_sources
btc-ssl.powhashing.com,3333,stratum+tcp,ViaBTC,BTC,SHA-256,Global,official,https://support.viabtc.com/hc/en-us/articles/14367481714191-Mining-Pools-Information,confirmed,active,2026-04-21,2026-05-11,Discovered by viabtc_pool_info using html_stratum_extract. Official multi-coin pool URL table. auto_source=priority_sources
btc-ssl.viabtc.io,551,stratum+ssl,ViaBTC,BTC,SHA-256,Global,official,https://support.viabtc.com/hc/en-us/articles/14367481714191-Mining-Pools-Information,confirmed,active,2026-04-21,2026-05-11,Discovered by viabtc_pool_info using html_stratum_extract. Official multi-coin pool URL table. auto_source=priority_sources
btc-ssl.viabtc.io,551,stratum+tcp,ViaBTC,BTC,SHA-256,Global,official,https://support.viabtc.com/hc/en-us/articles/14367481714191-Mining-Pools-Information,confirmed,active,2026-04-21,2026-05-11,Discovered by viabtc_pool_info using html_stratum_extract. Official multi-coin pool URL table. auto_source=priority_sources
btc.powhashing.com,3333,stratum+tcp,ViaBTC,BTC,SHA-256,Global,official,https://support.viabtc.com/hc/en-us/articles/14367481714191-Mining-Pools-Information,confirmed,active,2026-04-21,2026-05-11,Discovered by viabtc_pool_info using html_stratum_extract. Official multi-coin pool URL table. auto_source=priority_sources
btc.viabtc.cc,3333,stratum+tcp,ViaBTC,BTC,SHA-256,Global,official,https://support.viabtc.com/hc/en-us/articles/14367481714191-Mining-Pools-Information,confirmed,active,2026-04-21,2026-05-11,Discovered by viabtc_pool_info using html_stratum_extract. Official multi-coin pool URL table. auto_source=priority_sources
btc.viabtc.io,443,stratum+tcp,ViaBTC,BTC,SHA-256,Global,official,https://support.viabtc.com/hc/en-us/articles/7207401012879-BTC-Mining,confirmed,active,2026-04-21,2026-05-11,Discovered by viabtc_btc_guide using html_stratum_extract. Official BTC-specific setup guide. auto_source=priority_sources
btc.viabtc.io,3333,stratum+tcp,ViaBTC,BTC,SHA-256,Global,official,https://support.viabtc.com/hc/en-us/articles/7207401012879-BTC-Mining; https://support.viabtc.com/hc/en-us/articles/14367481714191-Mining-Pools-Information,confirmed,active,2026-04-17,2026-05-11,Official BTC mining URL. | Discovered by viabtc_pool_info using html_stratum_extract. Official multi-coin pool URL table. auto_source=priority_sources | Discovered by viabtc_pool_info using html_stratum_extract. Official multi-coin pool URL table. auto_source=priority_sources | Discovered by viabtc_pool_info using html_stratum_extract. Official multi-coin pool URL table. auto_source=priority_sources | Discovered by viabtc_pool_info using html_stratum_extract. Official multi-coin pool URL table. auto_source=priority_sources
btc.viabtc.top,3333,stratum+tcp,ViaBTC,BTC,SHA-256,Global,official,https://support.viabtc.com/hc/en-us/articles/14367481714191-Mining-Pools-Information,confirmed,active,2026-04-21,2026-05-11,Discovered by viabtc_pool_info using html_stratum_extract. Official multi-coin pool URL table. auto_source=priority_sources
mining.viabtc.io,301,stratum+tcp,ViaBTC,CKB,Eaglesong,Global,official,https://support.viabtc.com/hc/en-us/articles/14367481714191-Mining-Pools-Information,confirmed,active,2026-04-21,2026-05-11,Discovered by viabtc_pool_info using html_stratum_extract. Official multi-coin pool URL table. auto_source=priority_sources
mining.viabtc.io,3001,stratum+tcp,ViaBTC,CKB,Eaglesong,Global,official,https://support.viabtc.com/hc/en-us/articles/14367481714191-Mining-Pools-Information,confirmed,active,2026-04-21,2026-05-11,Discovered by viabtc_pool_info using html_stratum_extract. Official multi-coin pool URL table. auto_source=priority_sources
dash.powhashing.com,3004,stratum+tcp,ViaBTC,DASH,X11,Global,official,https://support.viabtc.com/hc/en-us/articles/14367481714191-Mining-Pools-Information,confirmed,active,2026-04-21,2026-05-11,Discovered by viabtc_pool_info using html_stratum_extract. Official multi-coin pool URL table. auto_source=priority_sources
mining.viabtc.io,3004,stratum+tcp,ViaBTC,DASH,X11,Global,official,https://support.viabtc.com/hc/en-us/articles/14367481714191-Mining-Pools-Information,confirmed,active,2026-04-21,2026-05-11,Discovered by viabtc_pool_info using html_stratum_extract. Official multi-coin pool URL table. auto_source=priority_sources
mining.viabtc.top,3004,stratum+tcp,ViaBTC,DASH,X11,Global,official,https://support.viabtc.com/hc/en-us/articles/14367481714191-Mining-Pools-Information,confirmed,active,2026-04-21,2026-05-11,Discovered by viabtc_pool_info using html_stratum_extract. Official multi-coin pool URL table. auto_source=priority_sources
mining.viabtc.io,310,stratum+tcp,ViaBTC,ETC,Etchash,Global,official,https://support.viabtc.com/hc/en-us/articles/14367481714191-Mining-Pools-Information,confirmed,active,2026-04-21,2026-05-11,Discovered by viabtc_pool_info using html_stratum_extract. Official multi-coin pool URL table. auto_source=priority_sources
mining.viabtc.io,3010,stratum+tcp,ViaBTC,ETC,Etchash,Global,official,https://support.viabtc.com/hc/en-us/articles/14367481714191-Mining-Pools-Information,confirmed,active,2026-04-21,2026-05-11,Discovered by viabtc_pool_info using html_stratum_extract. Official multi-coin pool URL table. auto_source=priority_sources
mining.viabtc.io,308,stratum+tcp,ViaBTC,HNS,Blake2B+SHA3,Global,official,https://support.viabtc.com/hc/en-us/articles/14367481714191-Mining-Pools-Information,confirmed,active,2026-04-21,2026-05-11,Discovered by viabtc_pool_info using html_stratum_extract. Official multi-coin pool URL table. auto_source=priority_sources
mining.viabtc.io,3008,stratum+tcp,ViaBTC,HNS,Blake2B+SHA3,Global,official,https://support.viabtc.com/hc/en-us/articles/14367481714191-Mining-Pools-Information,confirmed,active,2026-04-21,2026-05-11,Discovered by viabtc_pool_info using html_stratum_extract. Official multi-coin pool URL table. auto_source=priority_sources
hash-ssl.viabtc.top,3015,stratum+ssl,ViaBTC,KAS,kHeavyHash,Global,official,https://support.viabtc.com/hc/en-us/articles/14367481714191-Mining-Pools-Information,confirmed,active,2026-04-21,2026-05-11,Discovered by viabtc_pool_info using html_stratum_extract. Official multi-coin pool URL table. auto_source=priority_sources
hash-ssl.viabtc.top,3015,stratum+tcp,ViaBTC,KAS,kHeavyHash,Global,official,https://support.viabtc.com/hc/en-us/articles/14367481714191-Mining-Pools-Information,confirmed,active,2026-04-21,2026-05-11,Discovered by viabtc_pool_info using html_stratum_extract. Official multi-coin pool URL table. auto_source=priority_sources
hash.viabtc.io,315,stratum+tcp,ViaBTC,KAS,kHeavyHash,Global,official,https://support.viabtc.com/hc/en-us/articles/14367481714191-Mining-Pools-Information,confirmed,active,2026-04-21,2026-05-11,Discovered by viabtc_pool_info using html_stratum_extract. Official multi-coin pool URL table. auto_source=priority_sources
kas-ssl.powhashing.com,3015,stratum+ssl,ViaBTC,KAS,kHeavyHash,Global,official,https://support.viabtc.com/hc/en-us/articles/14367481714191-Mining-Pools-Information,confirmed,active,2026-04-21,2026-05-11,Discovered by viabtc_pool_info using html_stratum_extract. Official multi-coin pool URL table. auto_source=priority_sources
kas-ssl.powhashing.com,3015,stratum+tcp,ViaBTC,KAS,kHeavyHash,Global,official,https://support.viabtc.com/hc/en-us/articles/14367481714191-Mining-Pools-Information,confirmed,active,2026-04-21,2026-05-11,Discovered by viabtc_pool_info using html_stratum_extract. Official multi-coin pool URL table. auto_source=priority_sources
kas.powhashing.com,315,stratum+tcp,ViaBTC,KAS,kHeavyHash,Global,official,https://support.viabtc.com/hc/en-us/articles/14367481714191-Mining-Pools-Information,confirmed,active,2026-04-21,2026-05-11,Discovered by viabtc_pool_info using html_stratum_extract. Official multi-coin pool URL table. auto_source=priority_sources
mining.viabtc.io,315,stratum+tcp,ViaBTC,KAS,kHeavyHash,Global,official,https://support.viabtc.com/hc/en-us/articles/14367481714191-Mining-Pools-Information,confirmed,active,2026-04-21,2026-05-11,Discovered by viabtc_pool_info using html_stratum_extract. Official multi-coin pool URL table. auto_source=priority_sources
ltc-ssl.powhashing.com,4444,stratum+ssl,ViaBTC,LTC,Scrypt,Global,official,https://support.viabtc.com/hc/en-us/articles/14367481714191-Mining-Pools-Information,confirmed,active,2026-04-21,2026-05-11,Discovered by viabtc_pool_info using html_stratum_extract. Official multi-coin pool URL table. auto_source=priority_sources
ltc-ssl.powhashing.com,4444,stratum+tcp,ViaBTC,LTC,Scrypt,Global,official,https://support.viabtc.com/hc/en-us/articles/14367481714191-Mining-Pools-Information,confirmed,active,2026-04-21,2026-05-11,Discovered by viabtc_pool_info using html_stratum_extract. Official multi-coin pool URL table. auto_source=priority_sources
ltc-ssl.viabtc.io,551,stratum+ssl,ViaBTC,LTC,Scrypt,Global,official,https://support.viabtc.com/hc/en-us/articles/14367481714191-Mining-Pools-Information,confirmed,active,2026-04-21,2026-05-11,Discovered by viabtc_pool_info using html_stratum_extract. Official multi-coin pool URL table. auto_source=priority_sources
ltc-ssl.viabtc.io,551,stratum+tcp,ViaBTC,LTC,Scrypt,Global,official,https://support.viabtc.com/hc/en-us/articles/14367481714191-Mining-Pools-Information,confirmed,active,2026-04-21,2026-05-11,Discovered by viabtc_pool_info using html_stratum_extract. Official multi-coin pool URL table. auto_source=priority_sources
ltc.powhashing.com,3333,stratum+tcp,ViaBTC,LTC,Scrypt,Global,official,https://support.viabtc.com/hc/en-us/articles/14367481714191-Mining-Pools-Information,confirmed,active,2026-04-21,2026-05-11,Discovered by viabtc_pool_info using html_stratum_extract. Official multi-coin pool URL table. auto_source=priority_sources
ltc.viabtc.cc,3333,stratum+tcp,ViaBTC,LTC,Scrypt,Global,official,https://support.viabtc.com/hc/en-us/articles/14367481714191-Mining-Pools-Information,confirmed,active,2026-04-21,2026-05-11,Discovered by viabtc_pool_info using html_stratum_extract. Official multi-coin pool URL table. auto_source=priority_sources
ltc.viabtc.io,3333,stratum+tcp,ViaBTC,LTC,Scrypt,Global,official,https://support.viabtc.com/hc/en-us/articles/14367481714191-Mining-Pools-Information,confirmed,active,2026-04-21,2026-05-11,Discovered by viabtc_pool_info using html_stratum_extract. Official multi-coin pool URL table. auto_source=priority_sources
ltc.viabtc.top,3333,stratum+tcp,ViaBTC,LTC,Scrypt,Global,official,https://support.viabtc.com/hc/en-us/articles/14367481714191-Mining-Pools-Information,confirmed,active,2026-04-21,2026-05-11,Discovered by viabtc_pool_info using html_stratum_extract. Official multi-coin pool URL table. auto_source=priority_sources
mining.viabtc.io,314,stratum+tcp,ViaBTC,XEC,SHA-256,Global,official,https://support.viabtc.com/hc/en-us/articles/14367481714191-Mining-Pools-Information,confirmed,active,2026-04-21,2026-05-11,Discovered by viabtc_pool_info using html_stratum_extract. Official multi-coin pool URL table. auto_source=priority_sources
mining.viabtc.io,3014,stratum+tcp,ViaBTC,XEC,SHA-256,Global,official,https://support.viabtc.com/hc/en-us/articles/14367481714191-Mining-Pools-Information,confirmed,active,2026-04-21,2026-05-11,Discovered by viabtc_pool_info using html_stratum_extract. Official multi-coin pool URL table. auto_source=priority_sources
hash-ssl.viabtc.top,3002,stratum+ssl,ViaBTC,ZEC,Equihash,Global,official,https://support.viabtc.com/hc/en-us/articles/14367481714191-Mining-Pools-Information,confirmed,active,2026-04-21,2026-05-11,Discovered by viabtc_pool_info using html_stratum_extract. Official multi-coin pool URL table. auto_source=priority_sources
hash-ssl.viabtc.top,3002,stratum+tcp,ViaBTC,ZEC,Equihash,Global,official,https://support.viabtc.com/hc/en-us/articles/14367481714191-Mining-Pools-Information,confirmed,active,2026-04-21,2026-05-11,Discovered by viabtc_pool_info using html_stratum_extract. Official multi-coin pool URL table. auto_source=priority_sources
mining.viabtc.io,3002,stratum+tcp,ViaBTC,ZEC,Equihash,Global,official,https://support.viabtc.com/hc/en-us/articles/14367481714191-Mining-Pools-Information,confirmed,active,2026-04-21,2026-05-11,Discovered by viabtc_pool_info using html_stratum_extract. Official multi-coin pool URL table. auto_source=priority_sources
mining.viabtc.top,3002,stratum+tcp,ViaBTC,ZEC,Equihash,Global,official,https://support.viabtc.com/hc/en-us/articles/14367481714191-Mining-Pools-Information,confirmed,active,2026-04-21,2026-05-11,Discovered by viabtc_pool_info using html_stratum_extract. Official multi-coin pool URL table. auto_source=priority_sources
zec.powhashing.com,3002,stratum+tcp,ViaBTC,ZEC,Equihash,Global,official,https://support.viabtc.com/hc/en-us/articles/14367481714191-Mining-Pools-Information,confirmed,active,2026-04-21,2026-05-11,Discovered by viabtc_pool_info using html_stratum_extract. Official multi-coin pool URL table. auto_source=priority_sources
bch.bitmernsolo.com,13103,stratum+tcp,bitmernsolo.com,BCH,SHA-256,Global,official,https://www.bitmernsolo.com/docs; https://www.bitmernsolo.com/getting-started,confirmed,active,2026-04-21,2026-08-10,Discovered by shallow crawling official website domain bitmernsolo.com. auto_source=official_site_crawl
bch.bitmernsolo.com,13113,stratum+tcp,bitmernsolo.com,BCH,SHA-256,Global,official,https://www.bitmernsolo.com/docs; https://www.bitmernsolo.com/getting-started,confirmed,active,2026-04-21,2026-08-10,Discovered by shallow crawling official website domain bitmernsolo.com. auto_source=official_site_crawl
bch.bitmernsolo.com,13123,stratum+tcp,bitmernsolo.com,BCH,SHA-256,Global,official,https://www.bitmernsolo.com/docs; https://www.bitmernsolo.com/getting-started,confirmed,active,2026-04-21,2026-08-10,Discovered by shallow crawling official website domain bitmernsolo.com. auto_source=official_site_crawl
btc.bitmernsolo.com,3102,stratum+tcp,bitmernsolo.com,BTC,SHA-256,Global,official,https://www.bitmernsolo.com/; https://www.bitmernsolo.com/docs; https://www.bitmernsolo.com/getting-started,confirmed,active,2026-04-21,2026-08-10,Discovered by shallow crawling official website domain bitmernsolo.com. auto_source=official_site_crawl
btc.bitmernsolo.com,3112,stratum+tcp,bitmernsolo.com,BTC,SHA-256,Global,official,https://www.bitmernsolo.com/docs; https://www.bitmernsolo.com/getting-started,confirmed,active,2026-04-21,2026-08-10,Discovered by shallow crawling official website domain bitmernsolo.com. auto_source=official_site_crawl
btc.bitmernsolo.com,3122,stratum+tcp,bitmernsolo.com,BTC,SHA-256,Global,official,https://www.bitmernsolo.com/docs; https://www.bitmernsolo.com/getting-started,confirmed,active,2026-04-21,2026-08-10,Discovered by shallow crawling official website domain bitmernsolo.com. auto_source=official_site_crawl
btc.bitmernsolo.com,3132,stratum+tcp,bitmernsolo.com,BTC,SHA-256,Global,official,https://www.bitmernsolo.com/docs; https://www.bitmernsolo.com/getting-started,confirmed,active,2026-04-21,2026-08-10,Discovered by shallow crawling official website domain bitmernsolo.com. auto_source=official_site_crawl
doge.bitmernsolo.com,3062,stratum+tcp,bitmernsolo.com,DOGE,Scrypt,Global,official,https://www.bitmernsolo.com/docs; https://www.bitmernsolo.com/getting-started,confirmed,active,2026-04-21,2026-08-10,Discovered by shallow crawling official website domain bitmernsolo.com. auto_source=official_site_crawl
doge.bitmernsolo.com,3072,stratum+tcp,bitmernsolo.com,DOGE,Scrypt,Global,official,https://www.bitmernsolo.com/docs; https://www.bitmernsolo.com/getting-started,confirmed,active,2026-04-21,2026-08-10,Discovered by shallow crawling official website domain bitmernsolo.com. auto_source=official_site_crawl
ltc.bitmernsolo.com,3032,stratum+tcp,bitmernsolo.com,LTC,Scrypt,Global,official,https://www.bitmernsolo.com/docs; https://www.bitmernsolo.com/getting-started,confirmed,active,2026-04-21,2026-08-10,Discovered by shallow crawling official website domain bitmernsolo.com. auto_source=official_site_crawl
ltc.bitmernsolo.com,3042,stratum+tcp,bitmernsolo.com,LTC,Scrypt,Global,official,https://www.bitmernsolo.com/docs; https://www.bitmernsolo.com/getting-started,confirmed,active,2026-04-21,2026-08-10,Discovered by shallow crawling official website domain bitmernsolo.com. auto_source=official_site_crawl
ltc.bitmernsolo.com,3052,stratum+tcp,bitmernsolo.com,LTC,Scrypt,Global,official,https://www.bitmernsolo.com/docs; https://www.bitmernsolo.com/getting-started,confirmed,active,2026-04-21,2026-08-10,Discovered by shallow crawling official website domain bitmernsolo.com. auto_source=official_site_crawl
bch.capspool.io,4444,stratum+tcp,capspool.io,BCH,SHA-256,Global,official,https://capspool.io/,confirmed,active,2026-08-10,2026-08-10,Discovered by shallow crawling official website domain capspool.io. auto_source=official_site_crawl
bitcoin.cedric-crispin.com,4544,stratum+tcp,cedric-crispin.com,BTC,SHA-256,Global,official,https://bitcoin.cedric-crispin.com/start-mining/,confirmed,active,2026-04-21,2026-08-10,Discovered by shallow crawling official website domain bitcoin.cedric-crispin.com. auto_source=official_site_crawl
bitcoin.cedric-crispin.com,4545,stratum+tcp,cedric-crispin.com,BTC,SHA-256,Global,official,https://bitcoin.cedric-crispin.com/start-mining/,confirmed,active,2026-04-21,2026-08-10,Discovered by shallow crawling official website domain bitcoin.cedric-crispin.com. auto_source=official_site_crawl
bch-hk.dogpool.work,1811,stratum+tcp,dogpool.work,BCH,SHA-256,Global,official,https://dogpool.work/bch/index,confirmed,active,2026-04-21,2026-05-04,Discovered by shallow crawling official website domain dogpool.work. auto_source=official_site_crawl
bch-hk.dogpool.work,1812,stratum+ssl,dogpool.work,BCH,SHA-256,Global,official,https://dogpool.work/bch/index,confirmed,active,2026-04-21,2026-05-04,Discovered by shallow crawling official website domain dogpool.work. auto_source=official_site_crawl
bch-hk.dogpool.work,1812,stratum+tcp,dogpool.work,BCH,SHA-256,Global,official,https://dogpool.work/bch/index,confirmed,active,2026-04-21,2026-05-04,Discovered by shallow crawling official website domain dogpool.work. auto_source=official_site_crawl
bch-ru.dogpool.work,1811,stratum+tcp,dogpool.work,BCH,SHA-256,Global,official,https://dogpool.work/bch/index,confirmed,active,2026-04-21,2026-05-04,Discovered by shallow crawling official website domain dogpool.work. auto_source=official_site_crawl
bch-ru.dogpool.work,1812,stratum+ssl,dogpool.work,BCH,SHA-256,Global,official,https://dogpool.work/bch/index,confirmed,active,2026-04-21,2026-05-04,Discovered by shallow crawling official website domain dogpool.work. auto_source=official_site_crawl
bch-ru.dogpool.work,1812,stratum+tcp,dogpool.work,BCH,SHA-256,Global,official,https://dogpool.work/bch/index,confirmed,active,2026-04-21,2026-05-04,Discovered by shallow crawling official website domain dogpool.work. auto_source=official_site_crawl
bch-us.dogpool.work,1811,stratum+tcp,dogpool.work,BCH,SHA-256,USA,official,https://dogpool.work/bch/index,confirmed,active,2026-04-21,2026-05-04,Discovered by shallow crawling official website domain dogpool.work. auto_source=official_site_crawl
bch-us.dogpool.work,1812,stratum+ssl,dogpool.work,BCH,SHA-256,USA,official,https://dogpool.work/bch/index,confirmed,active,2026-04-21,2026-05-04,Discovered by shallow crawling official website domain dogpool.work. auto_source=official_site_crawl
bch-us.dogpool.work,1812,stratum+tcp,dogpool.work,BCH,SHA-256,USA,official,https://dogpool.work/bch/index,confirmed,active,2026-04-21,2026-05-04,Discovered by shallow crawling official website domain dogpool.work. auto_source=official_site_crawl
btc-hk.dogpool.work,1801,stratum+tcp,dogpool.work,BTC,SHA-256,Global,official,https://dogpool.work/btc/index,confirmed,active,2026-04-21,2026-05-04,Discovered by shallow crawling official website domain dogpool.work. auto_source=official_site_crawl
btc-hk.dogpool.work,1802,stratum+ssl,dogpool.work,BTC,SHA-256,Global,official,https://dogpool.work/btc/index,confirmed,active,2026-04-21,2026-05-04,Discovered by shallow crawling official website domain dogpool.work. auto_source=official_site_crawl
btc-hk.dogpool.work,1802,stratum+tcp,dogpool.work,BTC,SHA-256,Global,official,https://dogpool.work/btc/index,confirmed,active,2026-04-21,2026-05-04,Discovered by shallow crawling official website domain dogpool.work. auto_source=official_site_crawl
btc-ru.dogpool.work,1801,stratum+tcp,dogpool.work,BTC,SHA-256,Global,official,https://dogpool.work/btc/index,confirmed,active,2026-04-21,2026-05-04,Discovered by shallow crawling official website domain dogpool.work. auto_source=official_site_crawl
btc-ru.dogpool.work,1802,stratum+ssl,dogpool.work,BTC,SHA-256,Global,official,https://dogpool.work/btc/index,confirmed,active,2026-04-21,2026-05-04,Discovered by shallow crawling official website domain dogpool.work. auto_source=official_site_crawl
btc-ru.dogpool.work,1802,stratum+tcp,dogpool.work,BTC,SHA-256,Global,official,https://dogpool.work/btc/index,confirmed,active,2026-04-21,2026-05-04,Discovered by shallow crawling official website domain dogpool.work. auto_source=official_site_crawl
btc-us.dogpool.work,1801,stratum+tcp,dogpool.work,BTC,SHA-256,USA,official,https://dogpool.work/btc/index,confirmed,active,2026-04-21,2026-05-04,Discovered by shallow crawling official website domain dogpool.work. auto_source=official_site_crawl
btc-us.dogpool.work,1802,stratum+ssl,dogpool.work,BTC,SHA-256,USA,official,https://dogpool.work/btc/index,confirmed,active,2026-04-21,2026-05-04,Discovered by shallow crawling official website domain dogpool.work. auto_source=official_site_crawl
btc-us.dogpool.work,1802,stratum+tcp,dogpool.work,BTC,SHA-256,USA,official,https://dogpool.work/btc/index,confirmed,active,2026-04-21,2026-05-04,Discovered by shallow crawling official website domain dogpool.work. auto_source=official_site_crawl
ltc-hk.dogpool.work,1821,stratum+tcp,dogpool.work,LTC,Scrypt,Global,official,https://dogpool.work/ltc/index,confirmed,active,2026-04-21,2026-05-04,Discovered by shallow crawling official website domain dogpool.work. auto_source=official_site_crawl
ltc-hk.dogpool.work,1822,stratum+ssl,dogpool.work,LTC,Scrypt,Global,official,https://dogpool.work/ltc/index,confirmed,active,2026-04-21,2026-05-04,Discovered by shallow crawling official website domain dogpool.work. auto_source=official_site_crawl
ltc-hk.dogpool.work,1822,stratum+tcp,dogpool.work,LTC,Scrypt,Global,official,https://dogpool.work/ltc/index,confirmed,active,2026-04-21,2026-05-04,Discovered by shallow crawling official website domain dogpool.work. auto_source=official_site_crawl
ltc-ru.dogpool.work,1821,stratum+tcp,dogpool.work,LTC,Scrypt,Global,official,https://dogpool.work/ltc/index,confirmed,active,2026-04-21,2026-05-04,Discovered by shallow crawling official website domain dogpool.work. auto_source=official_site_crawl
ltc-ru.dogpool.work,1822,stratum+ssl,dogpool.work,LTC,Scrypt,Global,official,https://dogpool.work/ltc/index,confirmed,active,2026-04-21,2026-05-04,Discovered by shallow crawling official website domain dogpool.work. auto_source=official_site_crawl
ltc-ru.dogpool.work,1822,stratum+tcp,dogpool.work,LTC,Scrypt,Global,official,https://dogpool.work/ltc/index,confirmed,active,2026-04-21,2026-05-04,Discovered by shallow crawling official website domain dogpool.work. auto_source=official_site_crawl
ltc-us.dogpool.work,1821,stratum+tcp,dogpool.work,LTC,Scrypt,USA,official,https://dogpool.work/ltc/index,confirmed,active,2026-04-21,2026-05-04,Discovered by shallow crawling official website domain dogpool.work. auto_source=official_site_crawl
ltc-us.dogpool.work,1822,stratum+ssl,dogpool.work,LTC,Scrypt,USA,official,https://dogpool.work/ltc/index,confirmed,active,2026-04-21,2026-05-04,Discovered by shallow crawling official website domain dogpool.work. auto_source=official_site_crawl
ltc-us.dogpool.work,1822,stratum+tcp,dogpool.work,LTC,Scrypt,USA,official,https://dogpool.work/ltc/index,confirmed,active,2026-04-21,2026-05-04,Discovered by shallow crawling official website domain dogpool.work. auto_source=official_site_crawl
btc-kz.f2pool.com,3333,stratum+tcp,f2pool.com,BTC,SHA-256,Global,official,https://www.f2pool.kz/,confirmed,active,2026-04-21,2026-08-10,Discovered by shallow crawling official website domain f2pool.kz. auto_source=official_site_crawl
btc.gokby.com,3334,stratum+ssl,gokby.com,BTC,SHA-256,Global,official,https://gokby.com/; https://gokby.com/home,confirmed,active,2026-04-21,2026-08-10,Discovered by shallow crawling official website domain gokby.com. auto_source=official_site_crawl
btc.gokby.com,3334,stratum+tcp,gokby.com,BTC,SHA-256,Global,official,https://gokby.com/; https://gokby.com/home; https://gokby.com/getting_started; https://gokby.com/miner_stats,confirmed,active,2026-04-21,2026-08-10,Discovered by shallow crawling official website domain gokby.com. auto_source=official_site_crawl
btc.gokby.com,3346,stratum+ssl,gokby.com,BTC,SHA-256,Global,official,https://gokby.com/; https://gokby.com/home,confirmed,active,2026-04-21,2026-08-10,Discovered by shallow crawling official website domain gokby.com. auto_source=official_site_crawl
btc.gokby.com,3346,stratum+tcp,gokby.com,BTC,SHA-256,Global,official,https://gokby.com/; https://gokby.com/home,confirmed,active,2026-04-21,2026-08-10,Discovered by shallow crawling official website domain gokby.com. auto_source=official_site_crawl
btc.gokby.com,3356,stratum+ssl,gokby.com,BTC,SHA-256,Global,official,https://gokby.com/; https://gokby.com/home,confirmed,active,2026-04-21,2026-08-10,Discovered by shallow crawling official website domain gokby.com. auto_source=official_site_crawl
btc.gokby.com,3356,stratum+tcp,gokby.com,BTC,SHA-256,Global,official,https://gokby.com/; https://gokby.com/home,confirmed,active,2026-04-21,2026-08-10,Discovered by shallow crawling official website domain gokby.com. auto_source=official_site_crawl
btc.gokby.com,3367,stratum+ssl,gokby.com,BTC,SHA-256,Global,official,https://gokby.com/; https://gokby.com/home,confirmed,active,2026-04-21,2026-08-10,Discovered by shallow crawling official website domain gokby.com. auto_source=official_site_crawl
btc.gokby.com,3367,stratum+tcp,gokby.com,BTC,SHA-256,Global,official,https://gokby.com/; https://gokby.com/home; https://gokby.com/getting_started; https://gokby.com/miner_stats,confirmed,active,2026-04-21,2026-08-10,Discovered by shallow crawling official website domain gokby.com. auto_source=official_site_crawl
btc.gokby.com,3376,stratum+ssl,gokby.com,BTC,SHA-256,Global,official,https://gokby.com/; https://gokby.com/home,confirmed,active,2026-04-21,2026-08-10,Discovered by shallow crawling official website domain gokby.com. auto_source=official_site_crawl
btc.gokby.com,3376,stratum+tcp,gokby.com,BTC,SHA-256,Global,official,https://gokby.com/; https://gokby.com/home,confirmed,active,2026-04-21,2026-08-10,Discovered by shallow crawling official website domain gokby.com. auto_source=official_site_crawl
btc.gokby.com,3389,stratum+ssl,gokby.com,BTC,SHA-256,Global,official,https://gokby.com/; https://gokby.com/home,confirmed,active,2026-04-21,2026-08-10,Discovered by shallow crawling official website domain gokby.com. auto_source=official_site_crawl
btc.gokby.com,3389,stratum+tcp,gokby.com,BTC,SHA-256,Global,official,https://gokby.com/; https://gokby.com/home,confirmed,active,2026-04-21,2026-08-10,Discovered by shallow crawling official website domain gokby.com. auto_source=official_site_crawl
btc.gokby.com,6611,stratum+tcp,gokby.com,BTC,SHA-256,Global,official,https://gokby.com/; https://gokby.com/home; https://gokby.com/getting_started; https://gokby.com/miner_stats; https://gokby.com/support,confirmed,active,2026-06-01,2026-08-10,Discovered by shallow crawling official website domain gokby.com. auto_source=official_site_crawl
btc.gokby.com,6613,stratum+tcp,gokby.com,BTC,SHA-256,Global,official,https://gokby.com/; https://gokby.com/home; https://gokby.com/getting_started; https://gokby.com/miner_stats; https://gokby.com/support,confirmed,active,2026-06-01,2026-08-10,Discovered by shallow crawling official website domain gokby.com. auto_source=official_site_crawl
btc.gokby.com,6615,stratum+tcp,gokby.com,BTC,SHA-256,Global,official,https://gokby.com/; https://gokby.com/home; https://gokby.com/getting_started; https://gokby.com/miner_stats; https://gokby.com/support,confirmed,active,2026-06-01,2026-08-10,Discovered by shallow crawling official website domain gokby.com. auto_source=official_site_crawl
btc.gokby.com,6616,stratum+tcp,gokby.com,BTC,SHA-256,Global,official,https://gokby.com/; https://gokby.com/home; https://gokby.com/getting_started; https://gokby.com/miner_stats; https://gokby.com/support,confirmed,active,2026-06-01,2026-08-10,Discovered by shallow crawling official website domain gokby.com. auto_source=official_site_crawl
btc.gokby.com,6617,stratum+tcp,gokby.com,BTC,SHA-256,Global,official,https://gokby.com/; https://gokby.com/home; https://gokby.com/getting_started; https://gokby.com/miner_stats; https://gokby.com/support,confirmed,active,2026-06-01,2026-08-10,Discovered by shallow crawling official website domain gokby.com. auto_source=official_site_crawl
btc.gokby.com,6618,stratum+tcp,gokby.com,BTC,SHA-256,Global,official,https://gokby.com/; https://gokby.com/home; https://gokby.com/getting_started; https://gokby.com/miner_stats; https://gokby.com/support,confirmed,active,2026-06-01,2026-08-10,Discovered by shallow crawling official website domain gokby.com. auto_source=official_site_crawl
btc.heliospool.com,3333,stratum+tcp,heliospool.com,BTC,SHA-256,Global,official,https://heliospool.com/,confirmed,active,2026-05-11,2026-05-11,Discovered by shallow crawling official website domain heliospool.com. auto_source=official_site_crawl
bch.hmpool.io,3334,stratum+tcp,hmpool.io,BCH,SHA-256,Global,official,https://bch.hmpool.io/; https://bch.hmpool.io/index.html,confirmed,active,2026-05-18,2026-08-10,Discovered by shallow crawling official website domain bch.hmpool.io. auto_source=official_site_crawl
bch.hmpool.io,3335,stratum+tcp,hmpool.io,BCH,SHA-256,Global,official,https://bch.hmpool.io/; https://bch.hmpool.io/index.html,confirmed,active,2026-04-27,2026-08-10,Discovered by shallow crawling official website domain bch.hmpool.io. auto_source=official_site_crawl
bch.hmpool.io,3336,stratum+tcp,hmpool.io,BCH,SHA-256,Global,official,https://bch.hmpool.io/; https://bch.hmpool.io/index.html,confirmed,active,2026-04-27,2026-08-10,Discovered by shallow crawling official website domain bch.hmpool.io. auto_source=official_site_crawl
bch.hmpool.io,3337,stratum+tcp,hmpool.io,BCH,SHA-256,Global,official,https://bch.hmpool.io/; https://bch.hmpool.io/index.html,confirmed,active,2026-04-27,2026-08-10,Discovered by shallow crawling official website domain bch.hmpool.io. auto_source=official_site_crawl
bch.hmpool.io,3338,stratum+tcp,hmpool.io,BCH,SHA-256,Global,official,https://bch.hmpool.io/; https://bch.hmpool.io/index.html,confirmed,active,2026-04-27,2026-08-10,Discovered by shallow crawling official website domain bch.hmpool.io. auto_source=official_site_crawl
bch.hmpool.io,3339,stratum+tcp,hmpool.io,BCH,SHA-256,Global,official,https://bch.hmpool.io/; https://bch.hmpool.io/index.html,confirmed,active,2026-04-27,2026-08-10,Discovered by shallow crawling official website domain bch.hmpool.io. auto_source=official_site_crawl
bch.hmpool.io,3340,stratum+tcp,hmpool.io,BCH,SHA-256,Global,official,https://bch.hmpool.io/; https://bch.hmpool.io/index.html,confirmed,active,2026-05-11,2026-08-10,Discovered by shallow crawling official website domain bch.hmpool.io. auto_source=official_site_crawl
eu.bch.hmpool.io,3334,stratum+tcp,hmpool.io,BCH,SHA-256,Europe,official,https://bch.hmpool.io/; https://bch.hmpool.io/index.html,confirmed,active,2026-05-18,2026-08-10,Discovered by shallow crawling official website domain bch.hmpool.io. auto_source=official_site_crawl
eu.bch.hmpool.io,3335,stratum+tcp,hmpool.io,BCH,SHA-256,Europe,official,https://bch.hmpool.io/; https://bch.hmpool.io/index.html,confirmed,active,2026-05-04,2026-08-10,Discovered by shallow crawling official website domain bch.hmpool.io. auto_source=official_site_crawl
eu.bch.hmpool.io,3336,stratum+tcp,hmpool.io,BCH,SHA-256,Europe,official,https://bch.hmpool.io/; https://bch.hmpool.io/index.html,confirmed,active,2026-05-04,2026-08-10,Discovered by shallow crawling official website domain bch.hmpool.io. auto_source=official_site_crawl
eu.bch.hmpool.io,3337,stratum+tcp,hmpool.io,BCH,SHA-256,Europe,official,https://bch.hmpool.io/; https://bch.hmpool.io/index.html,confirmed,active,2026-05-04,2026-08-10,Discovered by shallow crawling official website domain bch.hmpool.io. auto_source=official_site_crawl
eu.bch.hmpool.io,3338,stratum+tcp,hmpool.io,BCH,SHA-256,Europe,official,https://bch.hmpool.io/; https://bch.hmpool.io/index.html,confirmed,active,2026-05-04,2026-08-10,Discovered by shallow crawling official website domain bch.hmpool.io. auto_source=official_site_crawl
eu.bch.hmpool.io,3339,stratum+tcp,hmpool.io,BCH,SHA-256,Europe,official,https://bch.hmpool.io/; https://bch.hmpool.io/index.html,confirmed,active,2026-05-04,2026-08-10,Discovered by shallow crawling official website domain bch.hmpool.io. auto_source=official_site_crawl
eu.bch.hmpool.io,3340,stratum+tcp,hmpool.io,BCH,SHA-256,Europe,official,https://bch.hmpool.io/; https://bch.hmpool.io/index.html,confirmed,active,2026-05-11,2026-08-10,Discovered by shallow crawling official website domain bch.hmpool.io. auto_source=official_site_crawl
btc.hmpool.io,3334,stratum+tcp,hmpool.io,BTC,SHA-256,Global,official,https://hmpool.io/; https://hmpool.io/index.html,confirmed,active,2026-05-04,2026-08-10,Discovered by shallow crawling official website domain hmpool.io. auto_source=official_site_crawl
btc.hmpool.io,3335,stratum+tcp,hmpool.io,BTC,SHA-256,Global,official,https://hmpool.io/; https://hmpool.io/index.html,confirmed,active,2026-05-04,2026-08-10,Discovered by shallow crawling official website domain hmpool.io. auto_source=official_site_crawl
btc.hmpool.io,3336,stratum+tcp,hmpool.io,BTC,SHA-256,Global,official,https://hmpool.io/; https://hmpool.io/index.html,confirmed,active,2026-05-04,2026-08-10,Discovered by shallow crawling official website domain hmpool.io. auto_source=official_site_crawl
btc.hmpool.io,3337,stratum+tcp,hmpool.io,BTC,SHA-256,Global,official,https://hmpool.io/; https://hmpool.io/index.html,confirmed,active,2026-05-04,2026-08-10,Discovered by shallow crawling official website domain hmpool.io. auto_source=official_site_crawl
btc.hmpool.io,3338,stratum+tcp,hmpool.io,BTC,SHA-256,Global,official,https://hmpool.io/; https://hmpool.io/index.html,confirmed,active,2026-05-04,2026-08-10,Discovered by shallow crawling official website domain hmpool.io. auto_source=official_site_crawl
btc.hmpool.io,3339,stratum+tcp,hmpool.io,BTC,SHA-256,Global,official,https://hmpool.io/; https://hmpool.io/index.html,confirmed,active,2026-05-11,2026-08-10,Discovered by shallow crawling official website domain hmpool.io. auto_source=official_site_crawl
btc.hmpool.io,3340,stratum+tcp,hmpool.io,BTC,SHA-256,Global,official,https://hmpool.io/; https://hmpool.io/index.html,confirmed,active,2026-05-11,2026-08-10,Discovered by shallow crawling official website domain hmpool.io. auto_source=official_site_crawl
eu.btc.hmpool.io,3334,stratum+tcp,hmpool.io,BTC,SHA-256,Europe,official,https://hmpool.io/; https://hmpool.io/index.html,confirmed,active,2026-05-04,2026-08-10,Discovered by shallow crawling official website domain hmpool.io. auto_source=official_site_crawl
eu.btc.hmpool.io,3335,stratum+tcp,hmpool.io,BTC,SHA-256,Europe,official,https://hmpool.io/; https://hmpool.io/index.html,confirmed,active,2026-05-04,2026-08-10,Discovered by shallow crawling official website domain hmpool.io. auto_source=official_site_crawl
eu.btc.hmpool.io,3336,stratum+tcp,hmpool.io,BTC,SHA-256,Europe,official,https://hmpool.io/; https://hmpool.io/index.html,confirmed,active,2026-05-04,2026-08-10,Discovered by shallow crawling official website domain hmpool.io. auto_source=official_site_crawl
eu.btc.hmpool.io,3337,stratum+tcp,hmpool.io,BTC,SHA-256,Europe,official,https://hmpool.io/; https://hmpool.io/index.html,confirmed,active,2026-05-04,2026-08-10,Discovered by shallow crawling official website domain hmpool.io. auto_source=official_site_crawl
eu.btc.hmpool.io,3338,stratum+tcp,hmpool.io,BTC,SHA-256,Europe,official,https://hmpool.io/; https://hmpool.io/index.html,confirmed,active,2026-05-04,2026-08-10,Discovered by shallow crawling official website domain hmpool.io. auto_source=official_site_crawl
eu.btc.hmpool.io,3339,stratum+tcp,hmpool.io,BTC,SHA-256,Europe,official,https://hmpool.io/; https://hmpool.io/index.html,confirmed,active,2026-05-11,2026-08-10,Discovered by shallow crawling official website domain hmpool.io. auto_source=official_site_crawl
eu.btc.hmpool.io,3340,stratum+tcp,hmpool.io,BTC,SHA-256,Europe,official,https://hmpool.io/; https://hmpool.io/index.html,confirmed,active,2026-05-11,2026-08-10,Discovered by shallow crawling official website domain hmpool.io. auto_source=official_site_crawl
xec.hmpool.io,3334,stratum+tcp,hmpool.io,XEC,SHA-256,Global,official,https://xec.hmpool.io/; https://xec.hmpool.io/index.html,confirmed,active,2026-07-20,2026-08-10,Discovered by shallow crawling official website domain xec.hmpool.io. auto_source=official_site_crawl
xec.hmpool.io,3335,stratum+tcp,hmpool.io,XEC,SHA-256,Global,official,https://xec.hmpool.io/; https://xec.hmpool.io/index.html,confirmed,active,2026-07-20,2026-08-10,Discovered by shallow crawling official website domain xec.hmpool.io. auto_source=official_site_crawl
xec.hmpool.io,3336,stratum+tcp,hmpool.io,XEC,SHA-256,Global,official,https://xec.hmpool.io/; https://xec.hmpool.io/index.html,confirmed,active,2026-07-20,2026-08-10,Discovered by shallow crawling official website domain xec.hmpool.io. auto_source=official_site_crawl
xec.hmpool.io,3337,stratum+tcp,hmpool.io,XEC,SHA-256,Global,official,https://xec.hmpool.io/; https://xec.hmpool.io/index.html,confirmed,active,2026-07-20,2026-08-10,Discovered by shallow crawling official website domain xec.hmpool.io. auto_source=official_site_crawl
xec.hmpool.io,3338,stratum+tcp,hmpool.io,XEC,SHA-256,Global,official,https://xec.hmpool.io/; https://xec.hmpool.io/index.html,confirmed,active,2026-07-20,2026-08-10,Discovered by shallow crawling official website domain xec.hmpool.io. auto_source=official_site_crawl
xec.hmpool.io,3339,stratum+tcp,hmpool.io,XEC,SHA-256,Global,official,https://xec.hmpool.io/; https://xec.hmpool.io/index.html,confirmed,active,2026-07-20,2026-08-10,Discovered by shallow crawling official website domain xec.hmpool.io. auto_source=official_site_crawl
xec.hmpool.io,3340,stratum+tcp,hmpool.io,XEC,SHA-256,Global,official,https://xec.hmpool.io/; https://xec.hmpool.io/index.html,confirmed,active,2026-07-20,2026-08-10,Discovered by shallow crawling official website domain xec.hmpool.io. auto_source=official_site_crawl
alph.us1.humpool.com,12581,stratum+tcp,humpool.com,ALPH,Blake3,USA,official,https://kas.humpool.com/pool/help,confirmed,active,2026-04-21,2026-08-10,Discovered by shallow crawling official website domain kas.humpool.com. auto_source=official_site_crawl
kas.katpool.com,3333,stratum+tcp,katpool.xyz,KAS,kHeavyHash,Global,official,https://app.katpool.xyz/start,confirmed,active,2026-06-24,2026-07-13,Discovered by shallow crawling official website domain app.katpool.xyz. auto_source=official_site_crawl
xec.lmwpool.com,7333,stratum+tcp,lmwpool.com,XEC,SHA-256,Global,official,https://xec.lmwpool.com/,confirmed,active,2026-04-27,2026-08-10,Discovered by shallow crawling official website domain xec.lmwpool.com. auto_source=official_site_crawl
xec.lmwpool.com,7444,stratum+tcp,lmwpool.com,XEC,SHA-256,Global,official,https://xec.lmwpool.com/,confirmed,active,2026-04-27,2026-08-10,Discovered by shallow crawling official website domain xec.lmwpool.com. auto_source=official_site_crawl
bch.neonbchmining.org,3333,stratum+tcp,neonbchmining.org,BCH,SHA-256,Global,official,https://bch.neonbchmining.org/,confirmed,active,2026-04-21,2026-06-08,Discovered by shallow crawling official website domain bch.neonbchmining.org. auto_source=official_site_crawl
bch.neonbchmining.org,3336,stratum+tcp,neonbchmining.org,BCH,SHA-256,Global,official,https://bch.neonbchmining.org/,confirmed,active,2026-04-21,2026-06-08,Discovered by shallow crawling official website domain bch.neonbchmining.org. auto_source=official_site_crawl
bch.notababysittingpool.com,3335,stratum+tcp,notababysittingpool.com,BCH,SHA-256,Global,official,https://notababysittingpool.com/; https://notababysittingpool.com/bitcoincash/bch-connect.html,confirmed,active,2026-07-13,2026-07-13,Discovered by shallow crawling official website domain notababysittingpool.com. auto_source=official_site_crawl
bch.notababysittingpool.com,3336,stratum+tcp,notababysittingpool.com,BCH,SHA-256,Global,official,https://notababysittingpool.com/; https://notababysittingpool.com/bitcoincash/bch-connect.html,confirmed,active,2026-07-13,2026-07-13,Discovered by shallow crawling official website domain notababysittingpool.com. auto_source=official_site_crawl
aleo.ntminer.vip,6606,stratum+ssl,ntminerpool.com,ALEO,Aleo,Global,official,https://ntminerpool.com/,confirmed,active,2026-04-21,2026-05-04,Discovered by shallow crawling official website domain ntminerpool.com. auto_source=official_site_crawl
aleo.ntminer.vip,6607,stratum+tcp,ntminerpool.com,ALEO,Aleo,Global,official,https://ntminerpool.com/,confirmed,active,2026-04-21,2026-05-04,Discovered by shallow crawling official website domain ntminerpool.com. auto_source=official_site_crawl
aleo.ntminer.vip,6608,stratum+tcp,ntminerpool.com,ALEO,Aleo,Global,official,https://ntminerpool.com/,confirmed,active,2026-04-21,2026-05-04,Discovered by shallow crawling official website domain ntminerpool.com. auto_source=official_site_crawl
alph.ntminer.vip,10608,stratum+tcp,ntminerpool.com,ALPH,Blake3,Global,official,https://ntminerpool.com/,confirmed,active,2026-04-21,2026-05-04,Discovered by shallow crawling official website domain ntminerpool.com. auto_source=official_site_crawl
alph.ntminer.vip,10609,stratum+tcp,ntminerpool.com,ALPH,Blake3,Global,official,https://ntminerpool.com/,confirmed,active,2026-04-21,2026-05-04,Discovered by shallow crawling official website domain ntminerpool.com. auto_source=official_site_crawl
alph.ntminer.vip,10699,stratum+ssl,ntminerpool.com,ALPH,Blake3,Global,official,https://ntminerpool.com/,confirmed,active,2026-04-21,2026-05-04,Discovered by shallow crawling official website domain ntminerpool.com. auto_source=official_site_crawl
btc.ntminer.vip,11221,stratum+tcp,ntminerpool.com,BTC,SHA-256,Global,official,https://ntminerpool.com/,confirmed,active,2026-04-21,2026-05-04,Discovered by shallow crawling official website domain ntminerpool.com. auto_source=official_site_crawl
btc.ntminer.vip,11222,stratum+ssl,ntminerpool.com,BTC,SHA-256,Global,official,https://ntminerpool.com/,confirmed,active,2026-04-21,2026-05-04,Discovered by shallow crawling official website domain ntminerpool.com. auto_source=official_site_crawl
cfx.ntminer.vip,25050,stratum+ssl,ntminerpool.com,CFX,Octopus,Global,official,https://ntminerpool.com/,confirmed,active,2026-04-21,2026-05-04,Discovered by shallow crawling official website domain ntminerpool.com. auto_source=official_site_crawl
etc.ntminer.vip,25555,stratum+ssl,ntminerpool.com,ETC,Etchash,Global,official,https://ntminerpool.com/,confirmed,active,2026-04-21,2026-05-04,Discovered by shallow crawling official website domain ntminerpool.com. auto_source=official_site_crawl
etc.ntminer.vip,27777,stratum+tcp,ntminerpool.com,ETC,Etchash,Global,official,https://ntminerpool.com/,confirmed,active,2026-04-21,2026-05-04,Discovered by shallow crawling official website domain ntminerpool.com. auto_source=official_site_crawl
etc.ntminer.vip,28888,stratum+ssl,ntminerpool.com,ETC,Etchash,Global,official,https://ntminerpool.com/,confirmed,active,2026-04-21,2026-05-04,Discovered by shallow crawling official website domain ntminerpool.com. auto_source=official_site_crawl
ethw.ntminer.vip,27070,stratum+ssl,ntminerpool.com,ETHW,Ethash,Global,official,https://ntminerpool.com/,confirmed,active,2026-04-21,2026-05-04,Discovered by shallow crawling official website domain ntminerpool.com. auto_source=official_site_crawl
ethw.ntminer.vip,27071,stratum+ssl,ntminerpool.com,ETHW,Ethash,Global,official,https://ntminerpool.com/,confirmed,active,2026-04-21,2026-05-04,Discovered by shallow crawling official website domain ntminerpool.com. auto_source=official_site_crawl
ethw.ntminer.vip,28081,stratum+tcp,ntminerpool.com,ETHW,Ethash,Global,official,https://ntminerpool.com/,confirmed,active,2026-04-21,2026-05-04,Discovered by shallow crawling official website domain ntminerpool.com. auto_source=official_site_crawl
kas.ntminer.vip,7101,stratum+ssl,ntminerpool.com,KAS,kHeavyHash,Global,official,https://ntminerpool.com/,confirmed,active,2026-04-21,2026-05-04,Discovered by shallow crawling official website domain ntminerpool.com. auto_source=official_site_crawl
kas.ntminer.vip,7102,stratum+ssl,ntminerpool.com,KAS,kHeavyHash,Global,official,https://ntminerpool.com/,confirmed,active,2026-04-21,2026-05-04,Discovered by shallow crawling official website domain ntminerpool.com. auto_source=official_site_crawl
kas.ntminer.vip,7103,stratum+ssl,ntminerpool.com,KAS,kHeavyHash,Global,official,https://ntminerpool.com/,confirmed,active,2026-04-21,2026-05-04,Discovered by shallow crawling official website domain ntminerpool.com. auto_source=official_site_crawl
kas.ntminer.vip,7688,stratum+ssl,ntminerpool.com,KAS,kHeavyHash,Global,official,https://ntminerpool.com/,confirmed,active,2026-04-21,2026-05-04,Discovered by shallow crawling official website domain ntminerpool.com. auto_source=official_site_crawl
kas.ntminer.vip,7777,stratum+tcp,ntminerpool.com,KAS,kHeavyHash,Global,official,https://ntminerpool.com/,confirmed,active,2026-04-21,2026-05-04,Discovered by shallow crawling official website domain ntminerpool.com. auto_source=official_site_crawl
kas.ntminer.vip,7878,stratum+tcp,ntminerpool.com,KAS,kHeavyHash,Global,official,https://ntminerpool.com/,confirmed,active,2026-04-21,2026-05-04,Discovered by shallow crawling official website domain ntminerpool.com. auto_source=official_site_crawl
kas.ntminer.vip,7888,stratum+tcp,ntminerpool.com,KAS,kHeavyHash,Global,official,https://ntminerpool.com/,confirmed,active,2026-04-21,2026-05-04,Discovered by shallow crawling official website domain ntminerpool.com. auto_source=official_site_crawl
nexa.ntminer.vip,14699,stratum+ssl,ntminerpool.com,NEXA,NexaPoW,Global,official,https://ntminerpool.com/,confirmed,active,2026-04-21,2026-05-04,Discovered by shallow crawling official website domain ntminerpool.com. auto_source=official_site_crawl
rvn.ntminer.vip,21010,stratum+ssl,ntminerpool.com,RVN,KawPoW,Global,official,https://ntminerpool.com/,confirmed,active,2026-04-21,2026-05-04,Discovered by shallow crawling official website domain ntminerpool.com. auto_source=official_site_crawl
rvn-us.pool2mine.net,7774,stratum+tcp,pool2mine.net,RVN,KawPoW,USA,official,https://rvn.pool2mine.net/connect.html,confirmed,active,2026-04-21,2026-08-10,Discovered by shallow crawling official website domain rvn.pool2mine.net. auto_source=official_site_crawl
doge.asia.apool.io,3334,stratum+tcp,qubic.org,DOGE,Scrypt,Asia,official,https://doge-stats.qubic.org/,confirmed,active,2026-04-21,2026-08-10,Discovered by shallow crawling official website domain doge-stats.qubic.org. auto_source=official_site_crawl
doge.qubic.li,12480,stratum+tcp,qubic.org,DOGE,Scrypt,Global,official,https://doge-stats.qubic.org/,confirmed,active,2026-04-21,2026-08-10,Discovered by shallow crawling official website domain doge-stats.qubic.org. auto_source=official_site_crawl
bch-eu.solo-pool.org,3333,stratum+tcp,solo-pool.org,BCH,SHA-256,Europe,official,https://bch.solo-pool.org/connect.html,confirmed,active,2026-04-21,2026-08-10,Discovered by shallow crawling official website domain bch.solo-pool.org. auto_source=official_site_crawl
btc-eu.solo-pool.org,3334,stratum+tcp,solo-pool.org,BTC,SHA-256,Europe,official,https://btc.solo-pool.org/connect.html,confirmed,active,2026-04-21,2026-08-10,Discovered by shallow crawling official website domain btc.solo-pool.org. auto_source=official_site_crawl
bch.solofury.com,7070,stratum+tcp,solofury.com,BCH,SHA-256,Global,official,https://solofury.com/; https://solofury.com/#solo; https://solofury.com/#faq; https://solofury.com/pool/,confirmed,active,2026-04-21,2026-08-10,Discovered by shallow crawling official website domain solofury.com. auto_source=official_site_crawl
btc.solofury.com,6060,stratum+tcp,solofury.com,BTC,SHA-256,Global,official,https://solofury.com/; https://solofury.com/#solo; https://solofury.com/#faq; https://solofury.com/pool/; https://solofury.com/faq/,confirmed,active,2026-04-21,2026-08-10,Discovered by shallow crawling official website domain solofury.com. auto_source=official_site_crawl
xec.solofury.com,9090,stratum+tcp,solofury.com,XEC,SHA-256,Global,official,https://solofury.com/; https://solofury.com/#solo; https://solofury.com/#faq; https://solofury.com/pool/,confirmed,active,2026-04-21,2026-08-10,Discovered by shallow crawling official website domain solofury.com. auto_source=official_site_crawl
bch.solopool.eu,3333,stratum+tcp,solopool.eu,BCH,SHA-256,Europe,official,https://solopool.eu/; https://solopool.eu/bch; https://solopool.eu/dgb,confirmed,active,2026-04-21,2026-06-08,Discovered by shallow crawling official website domain solopool.eu. auto_source=official_site_crawl
bch.solopool.eu,4333,stratum+tcp,solopool.eu,BCH,SHA-256,Europe,official,https://solopool.eu/bch,confirmed,active,2026-04-21,2026-06-08,Discovered by shallow crawling official website domain solopool.eu. auto_source=official_site_crawl
btc.solopool.eu,3337,stratum+tcp,solopool.eu,BTC,SHA-256,Europe,official,https://solopool.eu/; https://solopool.eu/bch; https://solopool.eu/dgb,confirmed,active,2026-04-21,2026-06-08,Discovered by shallow crawling official website domain solopool.eu. auto_source=official_site_crawl
xec.solopool.eu,3339,stratum+tcp,solopool.eu,XEC,SHA-256,Europe,official,https://solopool.eu/; https://solopool.eu/bch; https://solopool.eu/dgb,confirmed,active,2026-04-21,2026-06-08,Discovered by shallow crawling official website domain solopool.eu. auto_source=official_site_crawl
rvn.suprnova.cc,8888,stratum+tcp,suprnova.cc,RVN,KawPoW,Global,official,https://rvn.suprnova.cc/; https://rvn.suprnova.cc/index.php?page=statistics&action=pool; https://rvn.suprnova.cc/index.php?page=gettingstarted; https://rvn.suprnova.cc/index.php?page=about&action=pool,confirmed,active,2026-04-21,2026-08-10,Discovered by shallow crawling official website domain rvn.suprnova.cc. auto_source=official_site_crawl
zec.suprnova.cc,3732,stratum+tcp,suprnova.cc,ZEC,Equihash,Global,official,https://zec.suprnova.cc/StartMining,confirmed,active,2026-04-21,2026-08-10,Discovered by shallow crawling official website domain zec.suprnova.cc. auto_source=official_site_crawl
zec.suprnova.cc,3733,stratum+tcp,suprnova.cc,ZEC,Equihash,Global,official,https://zec.suprnova.cc/StartMining,confirmed,active,2026-04-21,2026-08-10,Discovered by shallow crawling official website domain zec.suprnova.cc. auto_source=official_site_crawl
zec.suprnova.cc,3734,stratum+tcp,suprnova.cc,ZEC,Equihash,Global,official,https://zec.suprnova.cc/StartMining,confirmed,active,2026-04-21,2026-08-10,Discovered by shallow crawling official website domain zec.suprnova.cc. auto_source=official_site_crawl
bch.vargatech.net,3334,stratum+tcp,vargatech.net,BCH,SHA-256,Global,official,https://bch.vargatech.net/; https://bch.vargatech.net/#miners; https://bch.vargatech.net/#faq; https://bch.vargatech.net/#connect,confirmed,active,2026-08-10,2026-08-10,Discovered by shallow crawling official website domain bch.vargatech.net. auto_source=official_site_crawl
aleo.asia1.whalepool.com,42343,stratum+tcp,whalepool.com,ALEO,Aleo,Asia,official,https://www.whalepool.com/,confirmed,active,2026-04-21,2026-08-10,Discovered by shallow crawling official website domain whalepool.com. auto_source=official_site_crawl
aleo.eu1.whalepool.com,42343,stratum+tcp,whalepool.com,ALEO,Aleo,Europe,official,https://www.whalepool.com/,confirmed,active,2026-04-21,2026-08-10,Discovered by shallow crawling official website domain whalepool.com. auto_source=official_site_crawl
aleo.us1.whalepool.com,42343,stratum+tcp,whalepool.com,ALEO,Aleo,USA,official,https://www.whalepool.com/,confirmed,active,2026-04-21,2026-08-10,Discovered by shallow crawling official website domain whalepool.com. auto_source=official_site_crawl
alph.asia1.whalepool.com,13510,stratum+tcp,whalepool.com,ALPH,Blake3,Asia,official,https://www.whalepool.com/,confirmed,active,2026-04-21,2026-08-10,Discovered by shallow crawling official website domain whalepool.com. auto_source=official_site_crawl
alph.eu1.whalepool.com,13510,stratum+tcp,whalepool.com,ALPH,Blake3,Europe,official,https://www.whalepool.com/,confirmed,active,2026-04-21,2026-08-10,Discovered by shallow crawling official website domain whalepool.com. auto_source=official_site_crawl
alph.us1.whalepool.com,13510,stratum+tcp,whalepool.com,ALPH,Blake3,USA,official,https://www.whalepool.com/,confirmed,active,2026-04-21,2026-08-10,Discovered by shallow crawling official website domain whalepool.com. auto_source=official_site_crawl
kas.asia1.whalepool.com,15120,stratum+tcp,whalepool.com,KAS,kHeavyHash,Asia,official,https://www.whalepool.com/,confirmed,active,2026-04-21,2026-08-10,Discovered by shallow crawling official website domain whalepool.com. auto_source=official_site_crawl
kas.asia1.whalepool.com,15121,stratum+tcp,whalepool.com,KAS,kHeavyHash,Asia,official,https://www.whalepool.com/,confirmed,active,2026-04-21,2026-08-10,Discovered by shallow crawling official website domain whalepool.com. auto_source=official_site_crawl
kas.eu1.whalepool.com,15120,stratum+tcp,whalepool.com,KAS,kHeavyHash,Europe,official,https://www.whalepool.com/,confirmed,active,2026-04-21,2026-08-10,Discovered by shallow crawling official website domain whalepool.com. auto_source=official_site_crawl
kas.eu1.whalepool.com,15121,stratum+tcp,whalepool.com,KAS,kHeavyHash,Europe,official,https://www.whalepool.com/,confirmed,active,2026-04-21,2026-08-10,Discovered by shallow crawling official website domain whalepool.com. auto_source=official_site_crawl
kas.us1.whalepool.com,15120,stratum+tcp,whalepool.com,KAS,kHeavyHash,USA,official,https://www.whalepool.com/,confirmed,active,2026-04-21,2026-08-10,Discovered by shallow crawling official website domain whalepool.com. auto_source=official_site_crawl
kas.us1.whalepool.com,15121,stratum+tcp,whalepool.com,KAS,kHeavyHash,USA,official,https://www.whalepool.com/,confirmed,active,2026-04-21,2026-08-10,Discovered by shallow crawling official website domain whalepool.com. auto_source=official_site_crawl
ltc.asia1.whalepool.com,40573,stratum+tcp,whalepool.com,LTC,Scrypt,Asia,official,https://www.whalepool.com/,confirmed,active,2026-04-21,2026-08-10,Discovered by shallow crawling official website domain whalepool.com. auto_source=official_site_crawl
ltc.eu1.whalepool.com,40573,stratum+tcp,whalepool.com,LTC,Scrypt,Europe,official,https://www.whalepool.com/,confirmed,active,2026-04-21,2026-08-10,Discovered by shallow crawling official website domain whalepool.com. auto_source=official_site_crawl
ltc.us1.whalepool.com,40573,stratum+tcp,whalepool.com,LTC,Scrypt,USA,official,https://www.whalepool.com/,confirmed,active,2026-04-21,2026-08-10,Discovered by shallow crawling official website domain whalepool.com. auto_source=official_site_crawl
